tweet_id,author_id,inbound,created_at,text,response_tweet_id,in_response_to_tweet_id
10000,user_spot_1_171,True,Wed Nov 01 08:14:00 +0000 2017,@SpotifyCares Billed twice on Apple Pay and PayPal subscriptions simultaneously for the same account.,10001,
10001,SpotifyCares,False,Wed Nov 01 08:39:00 +0000 2017,"@user_spot_1_171 Hi! Head to your Account overview at spotify.com/account, find 'Your plan', and click 'Update' next to payment details. -Elena",,10000
10002,user_spot_2_621,True,Wed Nov 01 08:35:00 +0000 2017,@SpotifyCares Why is there an unexpected extra $4.99 tax charge on my annual subscription receipt?,10003,
10003,SpotifyCares,False,Wed Nov 01 08:41:00 +0000 2017,"@user_spot_2_621 Hey! Please verify international transactions are enabled on your card, or try PayPal as a secondary billing method. -Alex",,10002
10004,user_spot_3_884,True,Wed Nov 01 08:44:00 +0000 2017,@SpotifyCares I updated my credit card details but my account is still showing payment past due and downgraded to Free.,10005,
10005,SpotifyCares,False,Wed Nov 01 08:52:00 +0000 2017,@user_spot_3_884 Hey! We'd be glad to look into this charge. Send us a DM with your account email and we'll sort out the refund: https://spoti.fi/dm -Kevin,,10004
10006,user_spot_4_578,True,Wed Nov 01 08:56:00 +0000 2017,@SpotifyCares Billed twice on Apple Pay and gift card subscriptions simultaneously for the same account.,10007,
10007,SpotifyCares,False,Wed Nov 01 09:21:00 +0000 2017,@user_spot_4_578 Hey! We sent email notifications regarding updated pricing tiers in your region. DM us your username if you didn't receive it! -Daniel,,10006
10008,user_spot_5_182,True,Wed Nov 01 09:12:00 +0000 2017,@SpotifyCares Billed twice on Google Play billing and Credit Card subscriptions simultaneously for the same account.,10009,
10009,SpotifyCares,False,Wed Nov 01 09:18:00 +0000 2017,@user_spot_5_182 Hey! Send us a DM with both transaction IDs so we can cancel the redundant third-party billing and process a refund. -Kevin,,10008
10010,user_spot_6_315,True,Wed Nov 01 09:29:00 +0000 2017,"@SpotifyCares If I downgrade from Premium to Free tier mid-cycle, do I get a prorated refund credit for unused days?",10011,
10011,SpotifyCares,False,Wed Nov 01 09:39:00 +0000 2017,"@user_spot_6_315 Hi! Head to your Account overview at spotify.com/account, find 'Your plan', and click 'Update' next to payment details. -Zoe",,10010
10012,user_spot_7_984,True,Wed Nov 01 09:41:00 +0000 2017,@SpotifyCares Billed twice on Google Play billing and Credit Card subscriptions simultaneously for the same account.,10013,
10013,SpotifyCares,False,Wed Nov 01 09:53:00 +0000 2017,@user_spot_7_984 Hey! Send us a DM with both transaction IDs so we can cancel the redundant third-party billing and process a refund. -Ryan,,10012
10014,user_spot_8_407,True,Wed Nov 01 10:00:00 +0000 2017,@SpotifyCares Cancelled my subscription last week but still got billed $10.99 today. Please check invoice #INV-8832.,10015,
10015,SpotifyCares,False,Wed Nov 01 10:13:00 +0000 2017,@user_spot_8_407 Hi! Your billing currency is tied to your account country settings. DM us your account username to update your country! -Elena,,10014
10016,user_spot_9_251,True,Wed Nov 01 10:16:00 +0000 2017,@SpotifyCares Billed twice on Mastercard and PayPal subscriptions simultaneously for the same account.,10017,
10017,SpotifyCares,False,Wed Nov 01 10:20:00 +0000 2017,@user_spot_9_251 Hi there! You can download VAT invoices directly from your Receipts page at spotify.com/account/receipts. -Maya,,10016
10018,user_spot_10_311,True,Wed Nov 01 10:26:00 +0000 2017,@SpotifyCares Auto-renew was turned off on my account yet I was still charged £9.99 yesterday morning. Please reverse.,10019,
10019,SpotifyCares,False,Wed Nov 01 10:42:00 +0000 2017,"@user_spot_10_311 Hi! Head to your Account overview at spotify.com/account, find 'Your plan', and click 'Update' next to payment details. -Carlos",,10018
10020,user_spot_11_170,True,Wed Nov 01 10:44:00 +0000 2017,@SpotifyCares Auto-renew was turned off on my account yet I was still charged $9.99 yesterday morning. Please reverse.,10021,
10021,SpotifyCares,False,Wed Nov 01 10:49:00 +0000 2017,"@user_spot_11_170 Hello! Premium features stay active until the end of your prepaid billing period, with no further charges after that. -Ryan",,10020
10022,user_spot_12_851,True,Wed Nov 01 10:56:00 +0000 2017,@SpotifyCares I updated my credit card details but my account is still showing payment past due and downgraded to Free.,10023,
10023,SpotifyCares,False,Wed Nov 01 11:20:00 +0000 2017,@user_spot_12_851 Hey! We'd be glad to look into this charge. Send us a DM with your account email and we'll sort out the refund: https://spoti.fi/dm -Alex,,10022
10024,user_spot_13_663,True,Wed Nov 01 11:07:00 +0000 2017,@SpotifyCares Payment failed when renewing with Visa debit card. Bank says transaction was blocked by merchant.,10025,
10025,SpotifyCares,False,Wed Nov 01 11:22:00 +0000 2017,"@user_spot_13_663 Hello! Premium features stay active until the end of your prepaid billing period, with no further charges after that. -Elena",,10024
10026,user_spot_14_690,True,Wed Nov 01 11:26:00 +0000 2017,@SpotifyCares Why was my premium subscription charged in BRL instead of my local currency?,10027,
10027,SpotifyCares,False,Wed Nov 01 11:51:00 +0000 2017,@user_spot_14_690 Hey! We sent email notifications regarding updated pricing tiers in your region. DM us your username if you didn't receive it! -Sarah,,10026
10028,user_spot_15_330,True,Wed Nov 01 11:40:00 +0000 2017,@SpotifyCares I was charged twice for my Spotify Family plan this month ($14.99 x 2). Can I get a refund for the duplicate transaction?,10029,
10029,SpotifyCares,False,Wed Nov 01 11:48:00 +0000 2017,@user_spot_15_330 Hello! We'd be happy to investigate this. Send us a private DM with your registered email and we'll check your billing status: https://spoti.fi/dm -Kevin,,10028
10030,user_spot_16_810,True,Wed Nov 01 11:51:00 +0000 2017,@SpotifyCares Auto-renew was turned off on my account yet I was still charged $14.99 yesterday morning. Please reverse.,10031,
10031,SpotifyCares,False,Wed Nov 01 12:04:00 +0000 2017,"@user_spot_16_810 Hey! Please verify international transactions are enabled on your card, or try PayPal as a secondary billing method. -Daniel",,10030
10032,user_spot_17_295,True,Wed Nov 01 12:07:00 +0000 2017,@SpotifyCares Billed twice on Google Play billing and direct debit subscriptions simultaneously for the same account.,10033,
10033,SpotifyCares,False,Wed Nov 01 12:27:00 +0000 2017,@user_spot_17_295 Hi there! You can download VAT invoices directly from your Receipts page at spotify.com/account/receipts. -Daniel,,10032
10034,user_spot_18_972,True,Wed Nov 01 12:22:00 +0000 2017,@SpotifyCares Why was my premium subscription charged in BRL instead of my local currency?,10035,
10035,SpotifyCares,False,Wed Nov 01 12:43:00 +0000 2017,@user_spot_18_972 Hello! We'd be happy to investigate this. Send us a private DM with your registered email and we'll check your billing status: https://spoti.fi/dm -Emma,,10034
10036,user_spot_19_406,True,Wed Nov 01 12:36:00 +0000 2017,@SpotifyCares Can I get an official PDF invoice for business accounting and corporate expense filing?,10037,
10037,SpotifyCares,False,Wed Nov 01 12:53:00 +0000 2017,@user_spot_19_406 Hello! Refunds typically take 3-5 business days depending on your bank. Send us a DM with your reference ID to check. -Zoe,,10036
10038,user_spot_20_864,True,Wed Nov 01 12:45:00 +0000 2017,@SpotifyCares Why was my premium subscription charged in AUD instead of my local currency?,10039,
10039,SpotifyCares,False,Wed Nov 01 12:52:00 +0000 2017,"@user_spot_20_864 Hey! Please verify international transactions are enabled on your card, or try PayPal as a secondary billing method. -Liam",,10038
10040,user_spot_21_133,True,Wed Nov 01 12:59:00 +0000 2017,@SpotifyCares My subscription price jumped from $9.99 to $17.99 without advance notification on my billing statement.,10041,
10041,SpotifyCares,False,Wed Nov 01 13:09:00 +0000 2017,"@user_spot_21_133 Hi! Head to your Account overview at spotify.com/account, find 'Your plan', and click 'Update' next to payment details. -Liam",,10040
10042,user_spot_22_216,True,Wed Nov 01 13:09:00 +0000 2017,@SpotifyCares My subscription price jumped from $12.99 to $10.99 without advance notification on my billing statement.,10043,
10043,SpotifyCares,False,Wed Nov 01 13:28:00 +0000 2017,@user_spot_22_216 Hey! We sent email notifications regarding updated pricing tiers in your region. DM us your username if you didn't receive it! -Kevin,,10042
10044,user_spot_23_585,True,Wed Nov 01 13:23:00 +0000 2017,@SpotifyCares My subscription price jumped from $12.99 to $14.99 without advance notification on my billing statement.,10045,
10045,SpotifyCares,False,Wed Nov 01 13:29:00 +0000 2017,@user_spot_23_585 Hello! Refunds typically take 3-5 business days depending on your bank. Send us a DM with your reference ID to check. -Ryan,,10044
10046,user_spot_24_748,True,Wed Nov 01 13:36:00 +0000 2017,@SpotifyCares Can I pay for a 12-month annual Spotify subscription upfront to get a discounted rate?,10047,
10047,SpotifyCares,False,Wed Nov 01 13:42:00 +0000 2017,"@user_spot_24_748 Hi! Head to your Account overview at spotify.com/account, find 'Your plan', and click 'Update' next to payment details. -Elena",,10046
10048,user_spot_25_864,True,Wed Nov 01 13:56:00 +0000 2017,@SpotifyCares Why was my premium subscription charged in BRL instead of my local currency?,10049,
10049,SpotifyCares,False,Wed Nov 01 14:05:00 +0000 2017,@user_spot_25_864 Hi! Make sure your account region matches the country where the gift card was purchased. DM us the card receipt for help! -Chloe,,10048
10050,user_spot_26_362,True,Wed Nov 01 14:07:00 +0000 2017,@SpotifyCares Cancelled my subscription last week but still got billed $16.99 today. Please check invoice #INV-6519.,10051,
10051,SpotifyCares,False,Wed Nov 01 14:16:00 +0000 2017,@user_spot_26_362 Hi there! You can download VAT invoices directly from your Receipts page at spotify.com/account/receipts. -Alex,,10050
10052,user_spot_27_353,True,Wed Nov 01 14:25:00 +0000 2017,"@SpotifyCares If I downgrade from Premium to Free tier mid-cycle, do I get a prorated refund credit for unused days?",10053,
10053,SpotifyCares,False,Wed Nov 01 14:43:00 +0000 2017,@user_spot_27_353 Hello! We'd be happy to investigate this. Send us a private DM with your registered email and we'll check your billing status: https://spoti.fi/dm -Carlos,,10052
10054,user_spot_28_619,True,Wed Nov 01 14:40:00 +0000 2017,@SpotifyCares Tried to redeem a $50 Spotify gift card code but it gives error 'Card code already used or invalid'.,10055,
10055,SpotifyCares,False,Wed Nov 01 15:00:00 +0000 2017,@user_spot_28_619 Hi! Make sure your account region matches the country where the gift card was purchased. DM us the card receipt for help! -Sarah,,10054
10056,user_spot_29_193,True,Wed Nov 01 14:49:00 +0000 2017,@SpotifyCares I was charged twice for my Spotify Family plan this month ($12.99 x 2). Can I get a refund for the duplicate transaction?,10057,
10057,SpotifyCares,False,Wed Nov 01 15:07:00 +0000 2017,@user_spot_29_193 Hey! Send us a DM with both transaction IDs so we can cancel the redundant third-party billing and process a refund. -Daniel,,10056
10058,user_spot_30_729,True,Wed Nov 01 15:05:00 +0000 2017,@SpotifyCares Auto-renew was turned off on my account yet I was still charged $9.99 yesterday morning. Please reverse.,10059,
10059,SpotifyCares,False,Wed Nov 01 15:16:00 +0000 2017,@user_spot_30_729 Hello! Refunds typically take 3-5 business days depending on your bank. Send us a DM with your reference ID to check. -Carlos,,10058
10060,user_spot_31_871,True,Wed Nov 01 15:24:00 +0000 2017,"@SpotifyCares If I downgrade from Premium to Free tier mid-cycle, do I get a prorated refund credit for unused days?",10061,
10061,SpotifyCares,False,Wed Nov 01 15:34:00 +0000 2017,@user_spot_31_871 Hi there! You can download VAT invoices directly from your Receipts page at spotify.com/account/receipts. -Carlos,,10060
10062,user_spot_32_794,True,Wed Nov 01 15:35:00 +0000 2017,@SpotifyCares Payment failed when renewing with Chase Sapphire card. Bank says transaction was blocked by merchant.,10063,
10063,SpotifyCares,False,Wed Nov 01 15:40:00 +0000 2017,@user_spot_32_794 Hello! Refunds typically take 3-5 business days depending on your bank. Send us a DM with your reference ID to check. -Zoe,,10062
10064,user_spot_33_826,True,Wed Nov 01 15:52:00 +0000 2017,@SpotifyCares Cancelled my subscription last week but still got billed $16.99 today. Please check invoice #INV-3304.,10065,
10065,SpotifyCares,False,Wed Nov 01 16:01:00 +0000 2017,"@user_spot_33_826 Hi! Head to your Account overview at spotify.com/account, find 'Your plan', and click 'Update' next to payment details. -Elena",,10064
10066,user_spot_34_646,True,Wed Nov 01 15:57:00 +0000 2017,@SpotifyCares I updated my credit card details but my account is still showing payment past due and downgraded to Free.,10067,
10067,SpotifyCares,False,Wed Nov 01 16:17:00 +0000 2017,@user_spot_34_646 Hello! Refunds typically take 3-5 business days depending on your bank. Send us a DM with your reference ID to check. -Zoe,,10066
10068,user_spot_35_199,True,Wed Nov 01 16:10:00 +0000 2017,@SpotifyCares Billed twice on Mastercard and Credit Card subscriptions simultaneously for the same account.,10069,
10069,SpotifyCares,False,Wed Nov 01 16:23:00 +0000 2017,@user_spot_35_199 Hello! We'd be happy to investigate this. Send us a private DM with your registered email and we'll check your billing status: https://spoti.fi/dm -Alex,,10068
10070,user_spot_36_796,True,Wed Nov 01 16:33:00 +0000 2017,@SpotifyCares Can I get an official PDF invoice for business accounting and corporate expense filing?,10071,
10071,SpotifyCares,False,Wed Nov 01 16:40:00 +0000 2017,"@user_spot_36_796 Hello! Premium features stay active until the end of your prepaid billing period, with no further charges after that. -Zoe",,10070
10072,user_spot_37_348,True,Wed Nov 01 16:38:00 +0000 2017,@SpotifyCares Cancelled my subscription last week but still got billed £9.99 today. Please check invoice #INV-8832.,10073,
10073,SpotifyCares,False,Wed Nov 01 17:00:00 +0000 2017,"@user_spot_37_348 Hi! Head to your Account overview at spotify.com/account, find 'Your plan', and click 'Update' next to payment details. -Ryan",,10072
10074,user_spot_38_180,True,Wed Nov 01 16:57:00 +0000 2017,@SpotifyCares Why was my premium subscription charged in BRL instead of my local currency?,10075,
10075,SpotifyCares,False,Wed Nov 01 17:15:00 +0000 2017,"@user_spot_38_180 Hi! Head to your Account overview at spotify.com/account, find 'Your plan', and click 'Update' next to payment details. -Elena",,10074
10076,user_spot_39_391,True,Wed Nov 01 17:13:00 +0000 2017,@SpotifyCares Billed twice on Mastercard and direct debit subscriptions simultaneously for the same account.,10077,
10077,SpotifyCares,False,Wed Nov 01 17:37:00 +0000 2017,"@user_spot_39_391 Hey! Please verify international transactions are enabled on your card, or try PayPal as a secondary billing method. -Emma",,10076
10078,user_spot_40_220,True,Wed Nov 01 17:30:00 +0000 2017,@SpotifyCares Tried to redeem a $60 Spotify gift card code but it gives error 'Card code already used or invalid'.,10079,
10079,SpotifyCares,False,Wed Nov 01 17:43:00 +0000 2017,@user_spot_40_220 Hi! Make sure your account region matches the country where the gift card was purchased. DM us the card receipt for help! -Elena,,10078
10080,user_spot_41_936,True,Wed Nov 01 17:34:00 +0000 2017,@SpotifyCares I requested a refund 7 days ago for an accidental renewal charge. Where is my credit refund?,10081,
10081,SpotifyCares,False,Wed Nov 01 17:44:00 +0000 2017,"@user_spot_41_936 Hello! Premium features stay active until the end of your prepaid billing period, with no further charges after that. -Liam",,10080
10082,user_spot_42_708,True,Wed Nov 01 17:48:00 +0000 2017,"@SpotifyCares If I downgrade from Premium to Free tier mid-cycle, do I get a prorated refund credit for unused days?",10083,
10083,SpotifyCares,False,Wed Nov 01 18:06:00 +0000 2017,"@user_spot_42_708 Hi! Head to your Account overview at spotify.com/account, find 'Your plan', and click 'Update' next to payment details. -Sarah",,10082
10084,user_spot_43_522,True,Wed Nov 01 18:08:00 +0000 2017,"@SpotifyCares If I downgrade from Premium to Free tier mid-cycle, do I get a prorated refund credit for unused days?",10085,
10085,SpotifyCares,False,Wed Nov 01 18:29:00 +0000 2017,@user_spot_43_522 Hey! Send us a DM with both transaction IDs so we can cancel the redundant third-party billing and process a refund. -Kevin,,10084
10086,user_spot_44_580,True,Wed Nov 01 18:21:00 +0000 2017,@SpotifyCares Tried to redeem a $25 Spotify gift card code but it gives error 'Card code already used or invalid'.,10087,
10087,SpotifyCares,False,Wed Nov 01 18:31:00 +0000 2017,@user_spot_44_580 Hello! We'd be happy to investigate this. Send us a private DM with your registered email and we'll check your billing status: https://spoti.fi/dm -Elena,,10086
10088,user_spot_45_599,True,Wed Nov 01 18:30:00 +0000 2017,@SpotifyCares I requested a refund 14 days ago for an accidental renewal charge. Where is my credit refund?,10089,
10089,SpotifyCares,False,Wed Nov 01 18:34:00 +0000 2017,@user_spot_45_599 Hello! Refunds typically take 3-5 business days depending on your bank. Send us a DM with your reference ID to check. -Ryan,,10088
10090,user_spot_46_176,True,Wed Nov 01 18:54:00 +0000 2017,@SpotifyCares Tried to redeem a $60 Spotify gift card code but it gives error 'Card code already used or invalid'.,10091,
10091,SpotifyCares,False,Wed Nov 01 19:06:00 +0000 2017,@user_spot_46_176 Hi! Make sure your account region matches the country where the gift card was purchased. DM us the card receipt for help! -Carlos,,10090
10092,user_spot_47_209,True,Wed Nov 01 18:59:00 +0000 2017,@SpotifyCares Auto-renew was turned off on my account yet I was still charged $9.99 yesterday morning. Please reverse.,10093,
10093,SpotifyCares,False,Wed Nov 01 19:03:00 +0000 2017,@user_spot_47_209 Hi! Make sure your account region matches the country where the gift card was purchased. DM us the card receipt for help! -Emma,,10092
10094,user_spot_48_238,True,Wed Nov 01 19:16:00 +0000 2017,@SpotifyCares Payment failed when renewing with Chase Sapphire card. Bank says transaction was blocked by merchant.,10095,
10095,SpotifyCares,False,Wed Nov 01 19:20:00 +0000 2017,@user_spot_48_238 Hey! We sent email notifications regarding updated pricing tiers in your region. DM us your username if you didn't receive it! -Sarah,,10094
10096,user_spot_49_137,True,Wed Nov 01 19:31:00 +0000 2017,@SpotifyCares Can I get an official PDF invoice for business accounting and corporate expense filing?,10097,
10097,SpotifyCares,False,Wed Nov 01 19:52:00 +0000 2017,@user_spot_49_137 Hello! Refunds typically take 3-5 business days depending on your bank. Send us a DM with your reference ID to check. -Kevin,,10096
10098,user_spot_50_145,True,Wed Nov 01 19:41:00 +0000 2017,"@SpotifyCares If I downgrade from Premium to Free tier mid-cycle, do I get a prorated refund credit for unused days?",10099,
10099,SpotifyCares,False,Wed Nov 01 19:45:00 +0000 2017,@user_spot_50_145 Hey! Send us a DM with both transaction IDs so we can cancel the redundant third-party billing and process a refund. -Liam,,10098
10100,user_spot_51_732,True,Wed Nov 01 19:56:00 +0000 2017,@SpotifyCares Can I pay for a 12-month annual Spotify subscription upfront to get a discounted rate?,10101,
10101,SpotifyCares,False,Wed Nov 01 20:21:00 +0000 2017,@user_spot_51_732 Hello! Refunds typically take 3-5 business days depending on your bank. Send us a DM with your reference ID to check. -Chloe,,10100
10102,user_spot_52_381,True,Wed Nov 01 20:11:00 +0000 2017,@SpotifyCares Why was my premium subscription charged in INR instead of my local currency?,10103,
10103,SpotifyCares,False,Wed Nov 01 20:32:00 +0000 2017,"@user_spot_52_381 Hey! Please verify international transactions are enabled on your card, or try PayPal as a secondary billing method. -Carlos",,10102
10104,user_spot_53_229,True,Wed Nov 01 20:24:00 +0000 2017,@SpotifyCares Payment failed when renewing with Visa debit card. Bank says transaction was blocked by merchant.,10105,
10105,SpotifyCares,False,Wed Nov 01 20:35:00 +0000 2017,@user_spot_53_229 Hello! We'd be happy to investigate this. Send us a private DM with your registered email and we'll check your billing status: https://spoti.fi/dm -Ryan,,10104
10106,user_spot_54_805,True,Wed Nov 01 20:38:00 +0000 2017,@SpotifyCares Cancelled my subscription last week but still got billed $12.99 today. Please check invoice #INV-3304.,10107,
10107,SpotifyCares,False,Wed Nov 01 21:02:00 +0000 2017,@user_spot_54_805 Hi! Your billing currency is tied to your account country settings. DM us your account username to update your country! -Maya,,10106
10108,user_spot_55_839,True,Wed Nov 01 20:53:00 +0000 2017,@SpotifyCares Payment failed when renewing with Mastercard card. Bank says transaction was blocked by merchant.,10109,
10109,SpotifyCares,False,Wed Nov 01 21:17:00 +0000 2017,@user_spot_55_839 Hello! We'd be happy to investigate this. Send us a private DM with your registered email and we'll check your billing status: https://spoti.fi/dm -Emma,,10108
10110,user_spot_56_701,True,Wed Nov 01 21:05:00 +0000 2017,@SpotifyCares Why was my premium subscription charged in USD instead of my local currency?,10111,
10111,SpotifyCares,False,Wed Nov 01 21:09:00 +0000 2017,@user_spot_56_701 Hello! We'd be happy to investigate this. Send us a private DM with your registered email and we'll check your billing status: https://spoti.fi/dm -Carlos,,10110
10112,user_spot_57_867,True,Wed Nov 01 21:22:00 +0000 2017,@SpotifyCares Payment failed when renewing with Wells Fargo Visa card. Bank says transaction was blocked by merchant.,10113,
10113,SpotifyCares,False,Wed Nov 01 21:29:00 +0000 2017,@user_spot_57_867 Hi! Sales tax or VAT is calculated based on local jurisdiction laws. DM us your receipt and postal code to verify! -Alex,,10112
10114,user_spot_58_147,True,Wed Nov 01 21:38:00 +0000 2017,@SpotifyCares I updated my credit card details but my account is still showing payment past due and downgraded to Free.,10115,
10115,SpotifyCares,False,Wed Nov 01 21:44:00 +0000 2017,@user_spot_58_147 Hey! We'd be glad to look into this charge. Send us a DM with your account email and we'll sort out the refund: https://spoti.fi/dm -Kevin,,10114
10116,user_spot_59_939,True,Wed Nov 01 21:52:00 +0000 2017,@SpotifyCares Auto-renew was turned off on my account yet I was still charged $19.99 yesterday morning. Please reverse.,10117,
10117,SpotifyCares,False,Wed Nov 01 21:58:00 +0000 2017,@user_spot_59_939 Hey! We sent email notifications regarding updated pricing tiers in your region. DM us your username if you didn't receive it! -Ryan,,10116
10118,user_spot_60_514,True,Wed Nov 01 22:07:00 +0000 2017,"@SpotifyCares If I downgrade from Premium to Free tier mid-cycle, do I get a prorated refund credit for unused days?",10119,
10119,SpotifyCares,False,Wed Nov 01 22:28:00 +0000 2017,"@user_spot_60_514 Hello! Premium features stay active until the end of your prepaid billing period, with no further charges after that. -Carlos",,10118
10120,user_spot_61_492,True,Wed Nov 01 22:16:00 +0000 2017,@SpotifyCares Why was my premium subscription charged in GBP instead of my local currency?,10121,
10121,SpotifyCares,False,Wed Nov 01 22:33:00 +0000 2017,@user_spot_61_492 Hi! Make sure your account region matches the country where the gift card was purchased. DM us the card receipt for help! -Liam,,10120
10122,user_spot_62_602,True,Wed Nov 01 22:28:00 +0000 2017,@SpotifyCares Why is there an unexpected extra $2.80 tax charge on my annual subscription receipt?,10123,
10123,SpotifyCares,False,Wed Nov 01 22:34:00 +0000 2017,@user_spot_62_602 Hey! Send us a DM with both transaction IDs so we can cancel the redundant third-party billing and process a refund. -Alex,,10122
10124,user_spot_63_425,True,Wed Nov 01 22:51:00 +0000 2017,@SpotifyCares I was charged twice for my Spotify Family plan this month ($16.99 x 2). Can I get a refund for the duplicate transaction?,10125,
10125,SpotifyCares,False,Wed Nov 01 23:02:00 +0000 2017,@user_spot_63_425 Hi! Sales tax or VAT is calculated based on local jurisdiction laws. DM us your receipt and postal code to verify! -Zoe,,10124
10126,user_spot_64_195,True,Wed Nov 01 23:01:00 +0000 2017,@SpotifyCares Billed twice on Google Play billing and Credit Card subscriptions simultaneously for the same account.,10127,
10127,SpotifyCares,False,Wed Nov 01 23:24:00 +0000 2017,"@user_spot_64_195 Hello! Premium features stay active until the end of your prepaid billing period, with no further charges after that. -Kevin",,10126
10128,user_spot_65_478,True,Wed Nov 01 23:12:00 +0000 2017,"@SpotifyCares If I downgrade from Premium to Free tier mid-cycle, do I get a prorated refund credit for unused days?",10129,
10129,SpotifyCares,False,Wed Nov 01 23:30:00 +0000 2017,@user_spot_65_478 Hey! We sent email notifications regarding updated pricing tiers in your region. DM us your username if you didn't receive it! -Daniel,,10128
10130,user_spot_66_632,True,Wed Nov 01 23:31:00 +0000 2017,@SpotifyCares I was charged twice for my Spotify Family plan this month (€10.99 x 2). Can I get a refund for the duplicate transaction?,10131,
10131,SpotifyCares,False,Wed Nov 01 23:35:00 +0000 2017,"@user_spot_66_632 Hey! Please verify international transactions are enabled on your card, or try PayPal as a secondary billing method. -Liam",,10130
10132,user_spot_67_552,True,Wed Nov 01 23:41:00 +0000 2017,@SpotifyCares I updated my credit card details but my account is still showing payment past due and downgraded to Free.,10133,
10133,SpotifyCares,False,Wed Nov 01 23:58:00 +0000 2017,@user_spot_67_552 Hi! Your billing currency is tied to your account country settings. DM us your account username to update your country! -Maya,,10132
10134,user_spot_68_311,True,Wed Nov 01 23:56:00 +0000 2017,@SpotifyCares Why was my premium subscription charged in AUD instead of my local currency?,10135,
10135,SpotifyCares,False,Thu Nov 02 00:20:00 +0000 2017,@user_spot_68_311 Hey! We sent email notifications regarding updated pricing tiers in your region. DM us your username if you didn't receive it! -Ryan,,10134
10136,user_spot_69_528,True,Thu Nov 02 00:12:00 +0000 2017,@SpotifyCares Can I get an official PDF invoice for business accounting and corporate expense filing?,10137,
10137,SpotifyCares,False,Thu Nov 02 00:28:00 +0000 2017,@user_spot_69_528 Hi! Make sure your account region matches the country where the gift card was purchased. DM us the card receipt for help! -Liam,,10136
10138,user_spot_70_423,True,Thu Nov 02 00:22:00 +0000 2017,@SpotifyCares Why was my premium subscription charged in BRL instead of my local currency?,10139,
10139,SpotifyCares,False,Thu Nov 02 00:28:00 +0000 2017,@user_spot_70_423 Hey! We'd be glad to look into this charge. Send us a DM with your account email and we'll sort out the refund: https://spoti.fi/dm -Alex,,10138
10140,user_spot_71_601,True,Thu Nov 02 00:39:00 +0000 2017,@SpotifyCares My subscription price jumped from $12.99 to $10.99 without advance notification on my billing statement.,10141,
10141,SpotifyCares,False,Thu Nov 02 00:49:00 +0000 2017,@user_spot_71_601 Hello! Refunds typically take 3-5 business days depending on your bank. Send us a DM with your reference ID to check. -Emma,,10140
10142,user_spot_72_306,True,Thu Nov 02 00:53:00 +0000 2017,@SpotifyCares Cancelled my subscription last week but still got billed $9.99 today. Please check invoice #INV-6519.,10143,
10143,SpotifyCares,False,Thu Nov 02 01:10:00 +0000 2017,@user_spot_72_306 Hi there! You can download VAT invoices directly from your Receipts page at spotify.com/account/receipts. -Kevin,,10142
10144,user_spot_73_971,True,Thu Nov 02 01:09:00 +0000 2017,@SpotifyCares Payment failed when renewing with Visa debit card. Bank says transaction was blocked by merchant.,10145,
10145,SpotifyCares,False,Thu Nov 02 01:26:00 +0000 2017,@user_spot_73_971 Hello! We'd be happy to investigate this. Send us a private DM with your registered email and we'll check your billing status: https://spoti.fi/dm -Elena,,10144
10146,user_spot_74_619,True,Thu Nov 02 01:19:00 +0000 2017,@SpotifyCares Billed twice on Apple Pay and Credit Card subscriptions simultaneously for the same account.,10147,
10147,SpotifyCares,False,Thu Nov 02 01:40:00 +0000 2017,@user_spot_74_619 Hello! We'd be happy to investigate this. Send us a private DM with your registered email and we'll check your billing status: https://spoti.fi/dm -Carlos,,10146
10148,user_spot_75_243,True,Thu Nov 02 01:36:00 +0000 2017,@SpotifyCares Billed twice on Visa debit and revolving card subscriptions simultaneously for the same account.,10149,
10149,SpotifyCares,False,Thu Nov 02 01:43:00 +0000 2017,@user_spot_75_243 Hi there! You can download VAT invoices directly from your Receipts page at spotify.com/account/receipts. -Chloe,,10148
10150,user_spot_76_831,True,Thu Nov 02 01:48:00 +0000 2017,@SpotifyCares Payment failed when renewing with Amex card. Bank says transaction was blocked by merchant.,10151,
10151,SpotifyCares,False,Thu Nov 02 02:13:00 +0000 2017,"@user_spot_76_831 Hello! Premium features stay active until the end of your prepaid billing period, with no further charges after that. -Zoe",,10150
10152,user_spot_77_526,True,Thu Nov 02 02:08:00 +0000 2017,@SpotifyCares I requested a refund 30 days ago for an accidental renewal charge. Where is my credit refund?,10153,
10153,SpotifyCares,False,Thu Nov 02 02:22:00 +0000 2017,@user_spot_77_526 Hey! Send us a DM with both transaction IDs so we can cancel the redundant third-party billing and process a refund. -Daniel,,10152
10154,user_spot_78_457,True,Thu Nov 02 02:15:00 +0000 2017,@SpotifyCares Tried to redeem a $100 Spotify gift card code but it gives error 'Card code already used or invalid'.,10155,
10155,SpotifyCares,False,Thu Nov 02 02:25:00 +0000 2017,@user_spot_78_457 Hey! We'd be glad to look into this charge. Send us a DM with your account email and we'll sort out the refund: https://spoti.fi/dm -Sarah,,10154
10156,user_spot_79_175,True,Thu Nov 02 02:26:00 +0000 2017,@SpotifyCares Billed twice on Apple Pay and gift card subscriptions simultaneously for the same account.,10157,
10157,SpotifyCares,False,Thu Nov 02 02:35:00 +0000 2017,@user_spot_79_175 Hello! Refunds typically take 3-5 business days depending on your bank. Send us a DM with your reference ID to check. -Sarah,,10156
10158,user_spot_80_686,True,Thu Nov 02 02:49:00 +0000 2017,@SpotifyCares I updated my credit card details but my account is still showing payment past due and downgraded to Free.,10159,
10159,SpotifyCares,False,Thu Nov 02 03:05:00 +0000 2017,"@user_spot_80_686 Hey! Please verify international transactions are enabled on your card, or try PayPal as a secondary billing method. -Carlos",,10158
10160,user_spot_81_420,True,Thu Nov 02 02:57:00 +0000 2017,@SpotifyCares Tried to redeem a $30 Spotify gift card code but it gives error 'Card code already used or invalid'.,10161,
10161,SpotifyCares,False,Thu Nov 02 03:08:00 +0000 2017,@user_spot_81_420 Hi! Make sure your account region matches the country where the gift card was purchased. DM us the card receipt for help! -Carlos,,10160
10162,user_spot_82_849,True,Thu Nov 02 03:15:00 +0000 2017,@SpotifyCares Why was my premium subscription charged in CAD instead of my local currency?,10163,
10163,SpotifyCares,False,Thu Nov 02 03:30:00 +0000 2017,@user_spot_82_849 Hi! Your billing currency is tied to your account country settings. DM us your account username to update your country! -Elena,,10162
10164,user_spot_83_335,True,Thu Nov 02 03:28:00 +0000 2017,@SpotifyCares I was charged twice for my Spotify Family plan this month (€10.99 x 2). Can I get a refund for the duplicate transaction?,10165,
10165,SpotifyCares,False,Thu Nov 02 03:42:00 +0000 2017,@user_spot_83_335 Hi! Sales tax or VAT is calculated based on local jurisdiction laws. DM us your receipt and postal code to verify! -Ryan,,10164
10166,user_spot_84_235,True,Thu Nov 02 03:37:00 +0000 2017,@SpotifyCares Why was my premium subscription charged in EUR instead of my local currency?,10167,
10167,SpotifyCares,False,Thu Nov 02 03:41:00 +0000 2017,"@user_spot_84_235 Hi! Head to your Account overview at spotify.com/account, find 'Your plan', and click 'Update' next to payment details. -Daniel",,10166
10168,user_spot_85_209,True,Thu Nov 02 03:52:00 +0000 2017,@SpotifyCares Why is there an unexpected extra $2.80 tax charge on my annual subscription receipt?,10169,
10169,SpotifyCares,False,Thu Nov 02 04:09:00 +0000 2017,@user_spot_85_209 Hi! Make sure your account region matches the country where the gift card was purchased. DM us the card receipt for help! -Emma,,10168
10170,user_spot_86_606,True,Thu Nov 02 04:11:00 +0000 2017,@SpotifyCares Billed twice on Mastercard and direct debit subscriptions simultaneously for the same account.,10171,
10171,SpotifyCares,False,Thu Nov 02 04:15:00 +0000 2017,"@user_spot_86_606 Hello! Premium features stay active until the end of your prepaid billing period, with no further charges after that. -Ryan",,10170
10172,user_spot_87_553,True,Thu Nov 02 04:24:00 +0000 2017,@SpotifyCares Why is there an unexpected extra $4.99 tax charge on my annual subscription receipt?,10173,
10173,SpotifyCares,False,Thu Nov 02 04:46:00 +0000 2017,@user_spot_87_553 Hey! Send us a DM with both transaction IDs so we can cancel the redundant third-party billing and process a refund. -Elena,,10172
10174,user_spot_88_143,True,Thu Nov 02 04:39:00 +0000 2017,@SpotifyCares My subscription price jumped from $12.99 to $17.99 without advance notification on my billing statement.,10175,
10175,SpotifyCares,False,Thu Nov 02 04:54:00 +0000 2017,@user_spot_88_143 Hi! Sales tax or VAT is calculated based on local jurisdiction laws. DM us your receipt and postal code to verify! -Kevin,,10174
10176,user_spot_89_386,True,Thu Nov 02 04:53:00 +0000 2017,"@SpotifyCares If I downgrade from Premium to Free tier mid-cycle, do I get a prorated refund credit for unused days?",10177,
10177,SpotifyCares,False,Thu Nov 02 05:02:00 +0000 2017,@user_spot_89_386 Hello! Refunds typically take 3-5 business days depending on your bank. Send us a DM with your reference ID to check. -Daniel,,10176
10178,user_spot_90_789,True,Thu Nov 02 05:08:00 +0000 2017,"@SpotifyCares If I downgrade from Premium to Free tier mid-cycle, do I get a prorated refund credit for unused days?",10179,
10179,SpotifyCares,False,Thu Nov 02 05:27:00 +0000 2017,@user_spot_90_789 Hello! We'd be happy to investigate this. Send us a private DM with your registered email and we'll check your billing status: https://spoti.fi/dm -Emma,,10178
10180,user_spot_91_259,True,Thu Nov 02 05:15:00 +0000 2017,@SpotifyCares I updated my credit card details but my account is still showing payment past due and downgraded to Free.,10181,
10181,SpotifyCares,False,Thu Nov 02 05:39:00 +0000 2017,@user_spot_91_259 Hi! Your billing currency is tied to your account country settings. DM us your account username to update your country! -Zoe,,10180
10182,user_spot_92_884,True,Thu Nov 02 05:34:00 +0000 2017,@SpotifyCares Auto-renew was turned off on my account yet I was still charged $19.99 yesterday morning. Please reverse.,10183,
10183,SpotifyCares,False,Thu Nov 02 05:47:00 +0000 2017,@user_spot_92_884 Hi there! You can download VAT invoices directly from your Receipts page at spotify.com/account/receipts. -Carlos,,10182
10184,user_spot_93_530,True,Thu Nov 02 05:46:00 +0000 2017,"@SpotifyCares If I downgrade from Premium to Free tier mid-cycle, do I get a prorated refund credit for unused days?",10185,
10185,SpotifyCares,False,Thu Nov 02 06:05:00 +0000 2017,@user_spot_93_530 Hi! Sales tax or VAT is calculated based on local jurisdiction laws. DM us your receipt and postal code to verify! -Emma,,10184
10186,user_spot_94_908,True,Thu Nov 02 05:59:00 +0000 2017,@SpotifyCares I requested a refund 14 days ago for an accidental renewal charge. Where is my credit refund?,10187,
10187,SpotifyCares,False,Thu Nov 02 06:03:00 +0000 2017,@user_spot_94_908 Hey! We sent email notifications regarding updated pricing tiers in your region. DM us your username if you didn't receive it! -Daniel,,10186
10188,user_spot_95_402,True,Thu Nov 02 06:14:00 +0000 2017,@SpotifyCares I was charged twice for my Spotify Family plan this month (€10.99 x 2). Can I get a refund for the duplicate transaction?,10189,
10189,SpotifyCares,False,Thu Nov 02 06:35:00 +0000 2017,"@user_spot_95_402 Hello! Premium features stay active until the end of your prepaid billing period, with no further charges after that. -Chloe",,10188
10190,user_spot_96_603,True,Thu Nov 02 06:25:00 +0000 2017,@SpotifyCares I requested a refund 5 days ago for an accidental renewal charge. Where is my credit refund?,10191,
10191,SpotifyCares,False,Thu Nov 02 06:43:00 +0000 2017,@user_spot_96_603 Hey! We sent email notifications regarding updated pricing tiers in your region. DM us your username if you didn't receive it! -Ryan,,10190
10192,user_spot_97_658,True,Thu Nov 02 06:41:00 +0000 2017,@SpotifyCares I updated my credit card details but my account is still showing payment past due and downgraded to Free.,10193,
10193,SpotifyCares,False,Thu Nov 02 06:57:00 +0000 2017,@user_spot_97_658 Hey! Send us a DM with both transaction IDs so we can cancel the redundant third-party billing and process a refund. -Zoe,,10192
10194,user_spot_98_927,True,Thu Nov 02 07:01:00 +0000 2017,@SpotifyCares I updated my credit card details but my account is still showing payment past due and downgraded to Free.,10195,
10195,SpotifyCares,False,Thu Nov 02 07:17:00 +0000 2017,@user_spot_98_927 Hi! Make sure your account region matches the country where the gift card was purchased. DM us the card receipt for help! -Elena,,10194
10196,user_spot_99_685,True,Thu Nov 02 07:09:00 +0000 2017,@SpotifyCares How do I change my payment method from Visa debit to Credit Card for Premium monthly subscription?,10197,
10197,SpotifyCares,False,Thu Nov 02 07:30:00 +0000 2017,@user_spot_99_685 Hey! We'd be glad to look into this charge. Send us a DM with your account email and we'll sort out the refund: https://spoti.fi/dm -Ryan,,10196
10198,user_spot_100_594,True,Thu Nov 02 07:29:00 +0000 2017,"@SpotifyCares If I downgrade from Premium to Free tier mid-cycle, do I get a prorated refund credit for unused days?",10199,
10199,SpotifyCares,False,Thu Nov 02 07:37:00 +0000 2017,@user_spot_100_594 Hi! Your billing currency is tied to your account country settings. DM us your account username to update your country! -Kevin,,10198
10200,user_spot_101_934,True,Thu Nov 02 07:34:00 +0000 2017,@SpotifyCares Why was my premium subscription charged in USD instead of my local currency?,10201,
10201,SpotifyCares,False,Thu Nov 02 07:55:00 +0000 2017,@user_spot_101_934 Hi! Your billing currency is tied to your account country settings. DM us your account username to update your country! -Daniel,,10200
10202,user_spot_102_234,True,Thu Nov 02 07:50:00 +0000 2017,@SpotifyCares Payment failed when renewing with Wells Fargo Visa card. Bank says transaction was blocked by merchant.,10203,
10203,SpotifyCares,False,Thu Nov 02 07:54:00 +0000 2017,@user_spot_102_234 Hi! Sales tax or VAT is calculated based on local jurisdiction laws. DM us your receipt and postal code to verify! -Sarah,,10202
10204,user_spot_103_946,True,Thu Nov 02 08:02:00 +0000 2017,@SpotifyCares I updated my credit card details but my account is still showing payment past due and downgraded to Free.,10205,
10205,SpotifyCares,False,Thu Nov 02 08:13:00 +0000 2017,"@user_spot_103_946 Hello! Premium features stay active until the end of your prepaid billing period, with no further charges after that. -Chloe",,10204
10206,user_spot_104_489,True,Thu Nov 02 08:16:00 +0000 2017,@SpotifyCares Tried to redeem a $50 Spotify gift card code but it gives error 'Card code already used or invalid'.,10207,
10207,SpotifyCares,False,Thu Nov 02 08:25:00 +0000 2017,@user_spot_104_489 Hi! Make sure your account region matches the country where the gift card was purchased. DM us the card receipt for help! -Kevin,,10206
10208,user_spot_105_211,True,Thu Nov 02 08:36:00 +0000 2017,@SpotifyCares Auto-renew was turned off on my account yet I was still charged $14.99 yesterday morning. Please reverse.,10209,
10209,SpotifyCares,False,Thu Nov 02 08:45:00 +0000 2017,@user_spot_105_211 Hello! Refunds typically take 3-5 business days depending on your bank. Send us a DM with your reference ID to check. -Carlos,,10208
10210,user_spot_106_524,True,Thu Nov 02 08:50:00 +0000 2017,@SpotifyCares Cancelled my subscription last week but still got billed $19.99 today. Please check invoice #INV-1092.,10211,
10211,SpotifyCares,False,Thu Nov 02 08:55:00 +0000 2017,@user_spot_106_524 Hey! Send us a DM with both transaction IDs so we can cancel the redundant third-party billing and process a refund. -Zoe,,10210
10212,user_spot_107_647,True,Thu Nov 02 09:00:00 +0000 2017,@SpotifyCares I requested a refund 14 days ago for an accidental renewal charge. Where is my credit refund?,10213,
10213,SpotifyCares,False,Thu Nov 02 09:22:00 +0000 2017,@user_spot_107_647 Hello! Refunds typically take 3-5 business days depending on your bank. Send us a DM with your reference ID to check. -Ryan,,10212
10214,user_spot_108_876,True,Thu Nov 02 09:16:00 +0000 2017,"@SpotifyCares If I downgrade from Premium to Free tier mid-cycle, do I get a prorated refund credit for unused days?",10215,
10215,SpotifyCares,False,Thu Nov 02 09:40:00 +0000 2017,@user_spot_108_876 Hi there! You can download VAT invoices directly from your Receipts page at spotify.com/account/receipts. -Zoe,,10214
10216,user_spot_109_937,True,Thu Nov 02 09:29:00 +0000 2017,@SpotifyCares Auto-renew was turned off on my account yet I was still charged $12.99 yesterday morning. Please reverse.,10217,
10217,SpotifyCares,False,Thu Nov 02 09:54:00 +0000 2017,@user_spot_109_937 Hi! Sales tax or VAT is calculated based on local jurisdiction laws. DM us your receipt and postal code to verify! -Emma,,10216
10218,user_spot_110_448,True,Thu Nov 02 09:43:00 +0000 2017,@SpotifyCares I updated my credit card details but my account is still showing payment past due and downgraded to Free.,10219,
10219,SpotifyCares,False,Thu Nov 02 10:05:00 +0000 2017,@user_spot_110_448 Hi! Make sure your account region matches the country where the gift card was purchased. DM us the card receipt for help! -Sarah,,10218
10220,user_spot_111_163,True,Thu Nov 02 09:59:00 +0000 2017,@SpotifyCares Can I get an official PDF invoice for business accounting and corporate expense filing?,10221,
10221,SpotifyCares,False,Thu Nov 02 10:20:00 +0000 2017,@user_spot_111_163 Hi there! You can download VAT invoices directly from your Receipts page at spotify.com/account/receipts. -Liam,,10220
10222,user_spot_112_290,True,Thu Nov 02 10:14:00 +0000 2017,@SpotifyCares I was charged twice for my Spotify Family plan this month ($12.99 x 2). Can I get a refund for the duplicate transaction?,10223,
10223,SpotifyCares,False,Thu Nov 02 10:37:00 +0000 2017,@user_spot_112_290 Hey! We'd be glad to look into this charge. Send us a DM with your account email and we'll sort out the refund: https://spoti.fi/dm -Maya,,10222
10224,user_spot_113_398,True,Thu Nov 02 10:31:00 +0000 2017,@SpotifyCares I was charged twice for my Spotify Family plan this month (€10.99 x 2). Can I get a refund for the duplicate transaction?,10225,
10225,SpotifyCares,False,Thu Nov 02 10:35:00 +0000 2017,"@user_spot_113_398 Hello! Premium features stay active until the end of your prepaid billing period, with no further charges after that. -Ryan",,10224
10226,user_spot_114_822,True,Thu Nov 02 10:42:00 +0000 2017,@SpotifyCares Payment failed when renewing with Amex card. Bank says transaction was blocked by merchant.,10227,
10227,SpotifyCares,False,Thu Nov 02 11:01:00 +0000 2017,@user_spot_114_822 Hey! We sent email notifications regarding updated pricing tiers in your region. DM us your username if you didn't receive it! -Ryan,,10226
10228,user_spot_115_222,True,Thu Nov 02 10:51:00 +0000 2017,@SpotifyCares Payment failed when renewing with Wells Fargo Visa card. Bank says transaction was blocked by merchant.,10229,
10229,SpotifyCares,False,Thu Nov 02 11:14:00 +0000 2017,@user_spot_115_222 Hello! We'd be happy to investigate this. Send us a private DM with your registered email and we'll check your billing status: https://spoti.fi/dm -Elena,,10228
10230,user_spot_116_755,True,Thu Nov 02 11:04:00 +0000 2017,@SpotifyCares Cancelled my subscription last week but still got billed $14.99 today. Please check invoice #INV-7721.,10231,
10231,SpotifyCares,False,Thu Nov 02 11:09:00 +0000 2017,@user_spot_116_755 Hi there! You can download VAT invoices directly from your Receipts page at spotify.com/account/receipts. -Ryan,,10230
10232,user_spot_117_707,True,Thu Nov 02 11:21:00 +0000 2017,@SpotifyCares Billed twice on Visa debit and gift card subscriptions simultaneously for the same account.,10233,
10233,SpotifyCares,False,Thu Nov 02 11:40:00 +0000 2017,@user_spot_117_707 Hi there! You can download VAT invoices directly from your Receipts page at spotify.com/account/receipts. -Elena,,10232
10234,user_spot_118_689,True,Thu Nov 02 11:40:00 +0000 2017,@SpotifyCares Can I get an official PDF invoice for business accounting and corporate expense filing?,10235,
10235,SpotifyCares,False,Thu Nov 02 11:48:00 +0000 2017,"@user_spot_118_689 Hi! Head to your Account overview at spotify.com/account, find 'Your plan', and click 'Update' next to payment details. -Ryan",,10234
10236,user_spot_119_671,True,Thu Nov 02 11:49:00 +0000 2017,@SpotifyCares I requested a refund 10 days ago for an accidental renewal charge. Where is my credit refund?,10237,
10237,SpotifyCares,False,Thu Nov 02 11:59:00 +0000 2017,@user_spot_119_671 Hi! Sales tax or VAT is calculated based on local jurisdiction laws. DM us your receipt and postal code to verify! -Carlos,,10236
10238,user_spot_120_175,True,Thu Nov 02 12:07:00 +0000 2017,@SpotifyCares How do I change my payment method from Mastercard to gift card for Premium monthly subscription?,10239,
10239,SpotifyCares,False,Thu Nov 02 12:29:00 +0000 2017,@user_spot_120_175 Hi! Make sure your account region matches the country where the gift card was purchased. DM us the card receipt for help! -Maya,,10238
10240,user_spot_121_141,True,Thu Nov 02 12:21:00 +0000 2017,@SpotifyCares My subscription price jumped from $9.99 to $14.99 without advance notification on my billing statement.,10241,
10241,SpotifyCares,False,Thu Nov 02 12:41:00 +0000 2017,@user_spot_121_141 Hey! We'd be glad to look into this charge. Send us a DM with your account email and we'll sort out the refund: https://spoti.fi/dm -Carlos,,10240
10242,user_spot_122_492,True,Thu Nov 02 12:33:00 +0000 2017,@SpotifyCares I was charged twice for my Spotify Family plan this month (£9.99 x 2). Can I get a refund for the duplicate transaction?,10243,
10243,SpotifyCares,False,Thu Nov 02 12:51:00 +0000 2017,@user_spot_122_492 Hi there! You can download VAT invoices directly from your Receipts page at spotify.com/account/receipts. -Sarah,,10242
10244,user_spot_123_633,True,Thu Nov 02 12:52:00 +0000 2017,"@SpotifyCares If I downgrade from Premium to Free tier mid-cycle, do I get a prorated refund credit for unused days?",10245,
10245,SpotifyCares,False,Thu Nov 02 12:56:00 +0000 2017,@user_spot_123_633 Hey! We'd be glad to look into this charge. Send us a DM with your account email and we'll sort out the refund: https://spoti.fi/dm -Maya,,10244
10246,user_spot_124_229,True,Thu Nov 02 13:03:00 +0000 2017,@SpotifyCares Payment failed when renewing with Visa debit card. Bank says transaction was blocked by merchant.,10247,
10247,SpotifyCares,False,Thu Nov 02 13:15:00 +0000 2017,@user_spot_124_229 Hi there! You can download VAT invoices directly from your Receipts page at spotify.com/account/receipts. -Zoe,,10246
10248,user_spot_125_123,True,Thu Nov 02 13:11:00 +0000 2017,@SpotifyCares I requested a refund 14 days ago for an accidental renewal charge. Where is my credit refund?,10249,
10249,SpotifyCares,False,Thu Nov 02 13:32:00 +0000 2017,@user_spot_125_123 Hello! We'd be happy to investigate this. Send us a private DM with your registered email and we'll check your billing status: https://spoti.fi/dm -Maya,,10248
10250,user_spot_126_279,True,Thu Nov 02 13:32:00 +0000 2017,@SpotifyCares Can I pay for a 12-month annual Spotify subscription upfront to get a discounted rate?,10251,
10251,SpotifyCares,False,Thu Nov 02 13:50:00 +0000 2017,@user_spot_126_279 Hey! We sent email notifications regarding updated pricing tiers in your region. DM us your username if you didn't receive it! -Daniel,,10250
10252,user_spot_127_379,True,Thu Nov 02 13:43:00 +0000 2017,@SpotifyCares Why was my premium subscription charged in USD instead of my local currency?,10253,
10253,SpotifyCares,False,Thu Nov 02 14:00:00 +0000 2017,"@user_spot_127_379 Hello! Premium features stay active until the end of your prepaid billing period, with no further charges after that. -Carlos",,10252
10254,user_spot_128_635,True,Thu Nov 02 13:57:00 +0000 2017,@SpotifyCares Billed twice on Mastercard and Credit Card subscriptions simultaneously for the same account.,10255,
10255,SpotifyCares,False,Thu Nov 02 14:06:00 +0000 2017,@user_spot_128_635 Hello! Refunds typically take 3-5 business days depending on your bank. Send us a DM with your reference ID to check. -Zoe,,10254
10256,user_spot_129_939,True,Thu Nov 02 14:15:00 +0000 2017,@SpotifyCares Why was my premium subscription charged in GBP instead of my local currency?,10257,
10257,SpotifyCares,False,Thu Nov 02 14:19:00 +0000 2017,"@user_spot_129_939 Hey! Please verify international transactions are enabled on your card, or try PayPal as a secondary billing method. -Sarah",,10256
10258,user_spot_130_113,True,Thu Nov 02 14:30:00 +0000 2017,@SpotifyCares Tried to redeem a $60 Spotify gift card code but it gives error 'Card code already used or invalid'.,10259,
10259,SpotifyCares,False,Thu Nov 02 14:49:00 +0000 2017,@user_spot_130_113 Hi! Sales tax or VAT is calculated based on local jurisdiction laws. DM us your receipt and postal code to verify! -Alex,,10258
10260,user_spot_131_738,True,Thu Nov 02 14:35:00 +0000 2017,@SpotifyCares Billed twice on PayPal and PayPal subscriptions simultaneously for the same account.,10261,
10261,SpotifyCares,False,Thu Nov 02 14:41:00 +0000 2017,"@user_spot_131_738 Hi! Head to your Account overview at spotify.com/account, find 'Your plan', and click 'Update' next to payment details. -Zoe",,10260
10262,user_spot_132_128,True,Thu Nov 02 14:57:00 +0000 2017,@SpotifyCares Billed twice on Google Play billing and revolving card subscriptions simultaneously for the same account.,10263,
10263,SpotifyCares,False,Thu Nov 02 15:02:00 +0000 2017,@user_spot_132_128 Hi! Make sure your account region matches the country where the gift card was purchased. DM us the card receipt for help! -Carlos,,10262
10264,user_spot_133_546,True,Thu Nov 02 15:05:00 +0000 2017,@SpotifyCares Cancelled my subscription last week but still got billed $12.99 today. Please check invoice #INV-4921.,10265,
10265,SpotifyCares,False,Thu Nov 02 15:24:00 +0000 2017,@user_spot_133_546 Hello! Refunds typically take 3-5 business days depending on your bank. Send us a DM with your reference ID to check. -Emma,,10264
10266,user_spot_134_346,True,Thu Nov 02 15:18:00 +0000 2017,@SpotifyCares Billed twice on PayPal and direct debit subscriptions simultaneously for the same account.,10267,
10267,SpotifyCares,False,Thu Nov 02 15:43:00 +0000 2017,"@user_spot_134_346 Hi! Head to your Account overview at spotify.com/account, find 'Your plan', and click 'Update' next to payment details. -Alex",,10266
10268,user_spot_135_852,True,Thu Nov 02 15:38:00 +0000 2017,@SpotifyCares I updated my credit card details but my account is still showing payment past due and downgraded to Free.,10269,
10269,SpotifyCares,False,Thu Nov 02 15:45:00 +0000 2017,"@user_spot_135_852 Hey! Please verify international transactions are enabled on your card, or try PayPal as a secondary billing method. -Zoe",,10268
10270,user_spot_136_108,True,Thu Nov 02 15:50:00 +0000 2017,@SpotifyCares Getting playback error code 'Spotify can't play this right now' on Windows 11.,10271,
10271,SpotifyCares,False,Thu Nov 02 16:02:00 +0000 2017,@user_spot_136_108 Hi! Very High streaming streams at 320 kbps AAC/Ogg Vorbis on Premium. Details here: https://spoti.fi/audio-quality -Daniel,,10270
10272,user_spot_137_589,True,Thu Nov 02 16:00:00 +0000 2017,@SpotifyCares Explicit songs won't play even though explicit content filter is turned ON in settings.,10273,
10273,SpotifyCares,False,Thu Nov 02 16:12:00 +0000 2017,@user_spot_137_589 Hi! Make sure hardware acceleration is enabled in your app/browser settings and clear your cache for open.spotify.com. -Chloe,,10272
10274,user_spot_138_911,True,Thu Nov 02 16:14:00 +0000 2017,@SpotifyCares Audio crackling and popping sound distortion on high volume through car aux cable.,10275,
10275,SpotifyCares,False,Thu Nov 02 16:18:00 +0000 2017,@user_spot_138_911 Hi! Very High streaming streams at 320 kbps AAC/Ogg Vorbis on Premium. Details here: https://spoti.fi/audio-quality -Daniel,,10274
10276,user_spot_139_145,True,Thu Nov 02 16:28:00 +0000 2017,@SpotifyCares Explicit songs won't play even though explicit content filter is turned ON in settings.,10277,
10277,SpotifyCares,False,Thu Nov 02 16:47:00 +0000 2017,"@user_spot_139_145 Hey! Log out and log back in to refresh account settings. If on a Family plan, the plan manager might have set restrictions. -Emma",,10276
10278,user_spot_140_352,True,Thu Nov 02 16:47:00 +0000 2017,@SpotifyCares Gapless playback is not working for continuous live concert albums on iOS 15 app version 8.9.22.,10279,
10279,SpotifyCares,False,Thu Nov 02 17:12:00 +0000 2017,"@user_spot_140_352 Hey! Log out and log back in to refresh account settings. If on a Family plan, the plan manager might have set restrictions. -Sarah",,10278
10280,user_spot_141_717,True,Thu Nov 02 16:56:00 +0000 2017,@SpotifyCares Music audio keeps stuttering and buffering constantly during playback on Edge browser.,10281,
10281,SpotifyCares,False,Thu Nov 02 17:11:00 +0000 2017,@user_spot_141_717 Hi! Disable Crossfade in Settings > Playback or clear app cache to fix premature audio cutoffs. -Ryan,,10280
10282,user_spot_142_360,True,Thu Nov 02 17:17:00 +0000 2017,@SpotifyCares Crossfade transition between songs causes a 2-second loud audio buzz artifact on Android 12.,10283,
10283,SpotifyCares,False,Thu Nov 02 17:23:00 +0000 2017,@user_spot_142_360 Hi! Make sure hardware acceleration is enabled in your app/browser settings and clear your cache for open.spotify.com. -Emma,,10282
10284,user_spot_143_764,True,Thu Nov 02 17:24:00 +0000 2017,@SpotifyCares Music volume is extremely quiet compared to YouTube and Apple Music on max volume on iPhone 14 Pro.,10285,
10285,SpotifyCares,False,Thu Nov 02 17:48:00 +0000 2017,@user_spot_143_764 Hello! Try toggling Hardware Acceleration under Edit > Preferences > Compatibility on your desktop app. -Chloe,,10284
10286,user_spot_144_265,True,Thu Nov 02 17:40:00 +0000 2017,@SpotifyCares Tracks randomly pause every 2 minutes by themselves while phone screen is locked on Android 12.,10287,
10287,SpotifyCares,False,Thu Nov 02 17:50:00 +0000 2017,@user_spot_144_265 Hey! Turn off 'Auto adjust quality' in Audio Quality settings so it doesn't downgrade on variable connection speeds. -Carlos,,10286
10288,user_spot_145_903,True,Thu Nov 02 17:55:00 +0000 2017,@SpotifyCares Audio volume suddenly drops by 50% whenever a podcast transitions to a music track.,10289,
10289,SpotifyCares,False,Thu Nov 02 18:00:00 +0000 2017,@user_spot_145_903 Hi! Disable Crossfade in Settings > Playback or clear app cache to fix premature audio cutoffs. -Emma,,10288
10290,user_spot_146_523,True,Thu Nov 02 18:10:00 +0000 2017,@SpotifyCares Music volume is extremely quiet compared to YouTube and Apple Music on max volume on OnePlus 11.,10291,
10291,SpotifyCares,False,Thu Nov 02 18:28:00 +0000 2017,@user_spot_146_523 Hello! Try toggling Hardware Acceleration under Edit > Preferences > Compatibility on your desktop app. -Daniel,,10290
10292,user_spot_147_665,True,Thu Nov 02 18:22:00 +0000 2017,@SpotifyCares Gapless playback is not working for continuous live concert albums on Android 12 app version 8.8.72.,10293,
10293,SpotifyCares,False,Thu Nov 02 18:42:00 +0000 2017,@user_spot_147_665 Hello! Try toggling Hardware Acceleration under Edit > Preferences > Compatibility on your desktop app. -Kevin,,10292
10294,user_spot_148_556,True,Thu Nov 02 18:33:00 +0000 2017,@SpotifyCares Song playback gets cut off 15 seconds before the track actually finishes playing.,10295,
10295,SpotifyCares,False,Thu Nov 02 18:48:00 +0000 2017,@user_spot_148_556 Hi! Very High streaming streams at 320 kbps AAC/Ogg Vorbis on Premium. Details here: https://spoti.fi/audio-quality -Maya,,10294
10296,user_spot_149_320,True,Thu Nov 02 18:48:00 +0000 2017,@SpotifyCares Crossfade transition between songs causes a 2-second loud audio buzz artifact on Android 12.,10297,
10297,SpotifyCares,False,Thu Nov 02 19:07:00 +0000 2017,@user_spot_149_320 Hello! Try toggling Hardware Acceleration under Edit > Preferences > Compatibility on your desktop app. -Liam,,10296
10298,user_spot_150_644,True,Thu Nov 02 19:02:00 +0000 2017,"@SpotifyCares Songs keep skipping after 5 seconds on cellular connection, but audio works fine on WiFi streaming.",10299,
10299,SpotifyCares,False,Thu Nov 02 19:06:00 +0000 2017,@user_spot_150_644 Hi! Make sure hardware acceleration is enabled in your app/browser settings and clear your cache for open.spotify.com. -Ryan,,10298
10300,user_spot_151_870,True,Thu Nov 02 19:23:00 +0000 2017,@SpotifyCares Explicit songs won't play even though explicit content filter is turned ON in settings.,10301,
10301,SpotifyCares,False,Thu Nov 02 19:45:00 +0000 2017,@user_spot_151_870 Hi! Check your phone's battery optimization settings and set Spotify to 'Unrestricted' background activity. -Maya,,10300
10302,user_spot_152_856,True,Thu Nov 02 19:36:00 +0000 2017,@SpotifyCares Tracks randomly pause every 5 minutes by themselves while phone screen is locked on Android 13.,10303,
10303,SpotifyCares,False,Thu Nov 02 19:58:00 +0000 2017,@user_spot_152_856 Hi! Podcasts use dynamic audio leveling. You can adjust Equalizer presets under Playback settings to balance output. -Alex,,10302
10304,user_spot_153_297,True,Thu Nov 02 19:49:00 +0000 2017,@SpotifyCares Music audio keeps stuttering and buffering constantly during playback on Firefox 118.,10305,
10305,SpotifyCares,False,Thu Nov 02 19:53:00 +0000 2017,"@user_spot_153_297 Hey! Log out and log back in to refresh account settings. If on a Family plan, the plan manager might have set restrictions. -Emma",,10304
10306,user_spot_154_380,True,Thu Nov 02 19:57:00 +0000 2017,@SpotifyCares Tracks randomly pause every 5 minutes by themselves while phone screen is locked on Android 12.,10307,
10307,SpotifyCares,False,Thu Nov 02 20:22:00 +0000 2017,@user_spot_154_380 Hey! Check your streaming quality under Settings > Audio Quality. Toggle 'Download using cellular' if streaming offline tracks. -Daniel,,10306
10308,user_spot_155_486,True,Thu Nov 02 20:15:00 +0000 2017,@SpotifyCares Getting playback error code 'Spotify can't play this right now' on Windows 11.,10309,
10309,SpotifyCares,False,Thu Nov 02 20:21:00 +0000 2017,@user_spot_155_486 Hi! Podcasts use dynamic audio leveling. You can adjust Equalizer presets under Playback settings to balance output. -Carlos,,10308
10310,user_spot_156_161,True,Thu Nov 02 20:26:00 +0000 2017,@SpotifyCares Music volume is extremely quiet compared to YouTube and Apple Music on max volume on iPad Air.,10311,
10311,SpotifyCares,False,Thu Nov 02 20:39:00 +0000 2017,"@user_spot_156_161 Hello! Go to Settings > Audio Quality > Normalize volume, and set Volume Level to 'Normal' or 'Quiet' to prevent clipping. -Carlos",,10310
10312,user_spot_157_288,True,Thu Nov 02 20:38:00 +0000 2017,@SpotifyCares Left audio channel has no sound output while right channel plays normally on Samsung Galaxy S22.,10313,
10313,SpotifyCares,False,Thu Nov 02 20:53:00 +0000 2017,@user_spot_157_288 Hey! Turn off 'Auto adjust quality' in Audio Quality settings so it doesn't downgrade on variable connection speeds. -Daniel,,10312
10314,user_spot_158_350,True,Thu Nov 02 20:52:00 +0000 2017,"@SpotifyCares Songs keep skipping after 5 seconds on 5G cellular network, but audio works fine on WiFi streaming.",10315,
10315,SpotifyCares,False,Thu Nov 02 21:15:00 +0000 2017,@user_spot_158_350 Hi! Make sure hardware acceleration is enabled in your app/browser settings and clear your cache for open.spotify.com. -Ryan,,10314
10316,user_spot_159_631,True,Thu Nov 02 21:11:00 +0000 2017,@SpotifyCares Left audio channel has no sound output while right channel plays normally on iPad Air.,10317,
10317,SpotifyCares,False,Thu Nov 02 21:22:00 +0000 2017,@user_spot_159_631 Hi! Check your phone's battery optimization settings and set Spotify to 'Unrestricted' background activity. -Chloe,,10316
10318,user_spot_160_875,True,Thu Nov 02 21:30:00 +0000 2017,@SpotifyCares Left audio channel has no sound output while right channel plays normally on iPhone 14 Pro.,10319,
10319,SpotifyCares,False,Thu Nov 02 21:34:00 +0000 2017,@user_spot_160_875 Hey! Check your streaming quality under Settings > Audio Quality. Toggle 'Download using cellular' if streaming offline tracks. -Zoe,,10318
10320,user_spot_161_165,True,Thu Nov 02 21:42:00 +0000 2017,@SpotifyCares Audio volume suddenly drops by 50% whenever a podcast transitions to a music track.,10321,
10321,SpotifyCares,False,Thu Nov 02 21:58:00 +0000 2017,@user_spot_161_165 Hi! Very High streaming streams at 320 kbps AAC/Ogg Vorbis on Premium. Details here: https://spoti.fi/audio-quality -Daniel,,10320
10322,user_spot_162_306,True,Thu Nov 02 21:48:00 +0000 2017,@SpotifyCares Tracks randomly pause every 3 minutes by themselves while phone screen is locked on iOS 15.,10323,
10323,SpotifyCares,False,Thu Nov 02 21:56:00 +0000 2017,@user_spot_162_306 Hi! Podcasts use dynamic audio leveling. You can adjust Equalizer presets under Playback settings to balance output. -Liam,,10322
10324,user_spot_163_127,True,Thu Nov 02 22:03:00 +0000 2017,@SpotifyCares Audio volume suddenly drops by 50% whenever a podcast transitions to a music track.,10325,
10325,SpotifyCares,False,Thu Nov 02 22:27:00 +0000 2017,@user_spot_163_127 Hi! Make sure hardware acceleration is enabled in your app/browser settings and clear your cache for open.spotify.com. -Chloe,,10324
10326,user_spot_164_153,True,Thu Nov 02 22:25:00 +0000 2017,@SpotifyCares What audio bitrate does Spotify HiFi / Very High quality stream at on desktop vs mobile?,10327,
10327,SpotifyCares,False,Thu Nov 02 22:29:00 +0000 2017,@user_spot_164_153 Hi! Very High streaming streams at 320 kbps AAC/Ogg Vorbis on Premium. Details here: https://spoti.fi/audio-quality -Chloe,,10326
10328,user_spot_165_408,True,Thu Nov 02 22:39:00 +0000 2017,"@SpotifyCares Songs keep skipping after 5 seconds on 5G cellular network, but audio works fine on WiFi streaming.",10329,
10329,SpotifyCares,False,Thu Nov 02 22:58:00 +0000 2017,@user_spot_165_408 Hey! Turn off 'Auto adjust quality' in Audio Quality settings so it doesn't downgrade on variable connection speeds. -Daniel,,10328
10330,user_spot_166_759,True,Thu Nov 02 22:44:00 +0000 2017,@SpotifyCares Music audio keeps stuttering and buffering constantly during playback on Firefox 118.,10331,
10331,SpotifyCares,False,Thu Nov 02 23:04:00 +0000 2017,@user_spot_166_759 Hello! Try toggling Hardware Acceleration under Edit > Preferences > Compatibility on your desktop app. -Emma,,10330
10332,user_spot_167_271,True,Thu Nov 02 23:05:00 +0000 2017,@SpotifyCares Music volume is extremely quiet compared to YouTube and Apple Music on max volume on Pixel 7 Pro.,10333,
10333,SpotifyCares,False,Thu Nov 02 23:23:00 +0000 2017,@user_spot_167_271 Hey! Turn off 'Auto adjust quality' in Audio Quality settings so it doesn't downgrade on variable connection speeds. -Daniel,,10332
10334,user_spot_168_826,True,Thu Nov 02 23:19:00 +0000 2017,@SpotifyCares Streaming quality sounds muffled and low bitrate even though 'Very High Quality' is selected.,10335,
10335,SpotifyCares,False,Thu Nov 02 23:43:00 +0000 2017,@user_spot_168_826 Hello! Try toggling Hardware Acceleration under Edit > Preferences > Compatibility on your desktop app. -Kevin,,10334
10336,user_spot_169_935,True,Thu Nov 02 23:33:00 +0000 2017,@SpotifyCares What audio bitrate does Spotify HiFi / Very High quality stream at on desktop vs mobile?,10337,
10337,SpotifyCares,False,Thu Nov 02 23:37:00 +0000 2017,@user_spot_169_935 Hi! Disable Crossfade in Settings > Playback or clear app cache to fix premature audio cutoffs. -Alex,,10336
10338,user_spot_170_632,True,Thu Nov 02 23:44:00 +0000 2017,@SpotifyCares Music audio keeps stuttering and buffering constantly during playback on Safari macOS.,10339,
10339,SpotifyCares,False,Fri Nov 03 00:03:00 +0000 2017,@user_spot_170_632 Hi! Make sure hardware acceleration is enabled in your app/browser settings and clear your cache for open.spotify.com. -Zoe,,10338
10340,user_spot_171_609,True,Thu Nov 02 23:55:00 +0000 2017,@SpotifyCares Audio volume suddenly drops by 50% whenever a podcast transitions to a music track.,10341,
10341,SpotifyCares,False,Fri Nov 03 00:08:00 +0000 2017,@user_spot_171_609 Hi! Disable Crossfade in Settings > Playback or clear app cache to fix premature audio cutoffs. -Alex,,10340
10342,user_spot_172_489,True,Fri Nov 03 00:17:00 +0000 2017,@SpotifyCares Gapless playback is not working for continuous live concert albums on iOS 16 app version 8.8.84.,10343,
10343,SpotifyCares,False,Fri Nov 03 00:21:00 +0000 2017,@user_spot_172_489 Hi! Very High streaming streams at 320 kbps AAC/Ogg Vorbis on Premium. Details here: https://spoti.fi/audio-quality -Emma,,10342
10344,user_spot_173_661,True,Fri Nov 03 00:28:00 +0000 2017,@SpotifyCares Explicit songs won't play even though explicit content filter is turned ON in settings.,10345,
10345,SpotifyCares,False,Fri Nov 03 00:42:00 +0000 2017,@user_spot_173_661 Hey! Check your streaming quality under Settings > Audio Quality. Toggle 'Download using cellular' if streaming offline tracks. -Carlos,,10344
10346,user_spot_174_346,True,Fri Nov 03 00:42:00 +0000 2017,@SpotifyCares Streaming quality sounds muffled and low bitrate even though 'Very High Quality' is selected.,10347,
10347,SpotifyCares,False,Fri Nov 03 01:01:00 +0000 2017,@user_spot_174_346 Hi! Very High streaming streams at 320 kbps AAC/Ogg Vorbis on Premium. Details here: https://spoti.fi/audio-quality -Sarah,,10346
10348,user_spot_175_225,True,Fri Nov 03 00:50:00 +0000 2017,@SpotifyCares Explicit songs won't play even though explicit content filter is turned ON in settings.,10349,
10349,SpotifyCares,False,Fri Nov 03 00:58:00 +0000 2017,@user_spot_175_225 Hey! Check Settings > Playback > Mono Audio toggle to make sure stereo panning is balanced properly. -Emma,,10348
10350,user_spot_176_360,True,Fri Nov 03 01:14:00 +0000 2017,@SpotifyCares Left audio channel has no sound output while right channel plays normally on iPad Air.,10351,
10351,SpotifyCares,False,Fri Nov 03 01:31:00 +0000 2017,@user_spot_176_360 Hi! Check your phone's battery optimization settings and set Spotify to 'Unrestricted' background activity. -Sarah,,10350
10352,user_spot_177_274,True,Fri Nov 03 01:23:00 +0000 2017,@SpotifyCares What audio bitrate does Spotify HiFi / Very High quality stream at on desktop vs mobile?,10353,
10353,SpotifyCares,False,Fri Nov 03 01:39:00 +0000 2017,"@user_spot_177_274 Hello! Go to Settings > Audio Quality > Normalize volume, and set Volume Level to 'Normal' or 'Quiet' to prevent clipping. -Carlos",,10352
10354,user_spot_178_627,True,Fri Nov 03 01:42:00 +0000 2017,@SpotifyCares Audio crackling and popping sound distortion on high volume through Sony WH-1000XM4.,10355,
10355,SpotifyCares,False,Fri Nov 03 02:07:00 +0000 2017,@user_spot_178_627 Hi! Disable Crossfade in Settings > Playback or clear app cache to fix premature audio cutoffs. -Chloe,,10354
10356,user_spot_179_464,True,Fri Nov 03 01:46:00 +0000 2017,@SpotifyCares Playback automatically stops whenever I open TikTok in the background on my phone.,10357,
10357,SpotifyCares,False,Fri Nov 03 02:09:00 +0000 2017,@user_spot_179_464 Hello! Try toggling Hardware Acceleration under Edit > Preferences > Compatibility on your desktop app. -Carlos,,10356
10358,user_spot_180_439,True,Fri Nov 03 02:00:00 +0000 2017,@SpotifyCares Audio volume suddenly drops by 50% whenever a podcast transitions to a music track.,10359,
10359,SpotifyCares,False,Fri Nov 03 02:09:00 +0000 2017,@user_spot_180_439 Hi! Disable Crossfade in Settings > Playback or clear app cache to fix premature audio cutoffs. -Elena,,10358
10360,user_spot_181_744,True,Fri Nov 03 02:24:00 +0000 2017,@SpotifyCares Crossfade transition between songs causes a 2-second loud audio buzz artifact on iOS 15.,10361,
10361,SpotifyCares,False,Fri Nov 03 02:32:00 +0000 2017,@user_spot_181_744 Hi! Check your phone's battery optimization settings and set Spotify to 'Unrestricted' background activity. -Zoe,,10360
10362,user_spot_182_442,True,Fri Nov 03 02:32:00 +0000 2017,@SpotifyCares Tracks randomly pause every 5 minutes by themselves while phone screen is locked on Android 14.,10363,
10363,SpotifyCares,False,Fri Nov 03 02:39:00 +0000 2017,@user_spot_182_442 Hi! Make sure hardware acceleration is enabled in your app/browser settings and clear your cache for open.spotify.com. -Emma,,10362
10364,user_spot_183_232,True,Fri Nov 03 02:46:00 +0000 2017,@SpotifyCares Music audio keeps stuttering and buffering constantly during playback on Firefox 118.,10365,
10365,SpotifyCares,False,Fri Nov 03 02:51:00 +0000 2017,@user_spot_183_232 Hi! Very High streaming streams at 320 kbps AAC/Ogg Vorbis on Premium. Details here: https://spoti.fi/audio-quality -Elena,,10364
10366,user_spot_184_822,True,Fri Nov 03 03:04:00 +0000 2017,@SpotifyCares Left audio channel has no sound output while right channel plays normally on iPhone 14 Pro.,10367,
10367,SpotifyCares,False,Fri Nov 03 03:16:00 +0000 2017,@user_spot_184_822 Hey! Check your streaming quality under Settings > Audio Quality. Toggle 'Download using cellular' if streaming offline tracks. -Sarah,,10366
10368,user_spot_185_722,True,Fri Nov 03 03:13:00 +0000 2017,@SpotifyCares What audio bitrate does Spotify HiFi / Very High quality stream at on desktop vs mobile?,10369,
10369,SpotifyCares,False,Fri Nov 03 03:19:00 +0000 2017,"@user_spot_185_722 Hello! Go to Settings > Audio Quality > Normalize volume, and set Volume Level to 'Normal' or 'Quiet' to prevent clipping. -Ryan",,10368
10370,user_spot_186_101,True,Fri Nov 03 03:27:00 +0000 2017,@SpotifyCares Audio crackling and popping sound distortion on high volume through Bose QC45.,10371,
10371,SpotifyCares,False,Fri Nov 03 03:31:00 +0000 2017,@user_spot_186_101 Hi! Make sure hardware acceleration is enabled in your app/browser settings and clear your cache for open.spotify.com. -Alex,,10370
10372,user_spot_187_192,True,Fri Nov 03 03:43:00 +0000 2017,@SpotifyCares Tracks randomly pause every 5 minutes by themselves while phone screen is locked on iOS 15.,10373,
10373,SpotifyCares,False,Fri Nov 03 03:51:00 +0000 2017,@user_spot_187_192 Hey! Turn off 'Auto adjust quality' in Audio Quality settings so it doesn't downgrade on variable connection speeds. -Alex,,10372
10374,user_spot_188_820,True,Fri Nov 03 03:54:00 +0000 2017,@SpotifyCares Audio crackling and popping sound distortion on high volume through Bose QC45.,10375,
10375,SpotifyCares,False,Fri Nov 03 04:10:00 +0000 2017,@user_spot_188_820 Hey! Turn off 'Auto adjust quality' in Audio Quality settings so it doesn't downgrade on variable connection speeds. -Elena,,10374
10376,user_spot_189_194,True,Fri Nov 03 04:14:00 +0000 2017,@SpotifyCares What audio bitrate does Spotify HiFi / Very High quality stream at on desktop vs mobile?,10377,
10377,SpotifyCares,False,Fri Nov 03 04:30:00 +0000 2017,@user_spot_189_194 Hey! Check your streaming quality under Settings > Audio Quality. Toggle 'Download using cellular' if streaming offline tracks. -Liam,,10376
10378,user_spot_190_108,True,Fri Nov 03 04:25:00 +0000 2017,@SpotifyCares Audio crackling and popping sound distortion on high volume through Sony WH-1000XM4.,10379,
10379,SpotifyCares,False,Fri Nov 03 04:38:00 +0000 2017,@user_spot_190_108 Hi! Check your phone's battery optimization settings and set Spotify to 'Unrestricted' background activity. -Liam,,10378
10380,user_spot_191_421,True,Fri Nov 03 04:36:00 +0000 2017,@SpotifyCares Streaming quality sounds muffled and low bitrate even though 'Very High Quality' is selected.,10381,
10381,SpotifyCares,False,Fri Nov 03 04:49:00 +0000 2017,@user_spot_191_421 Hello! Try toggling Hardware Acceleration under Edit > Preferences > Compatibility on your desktop app. -Chloe,,10380
10382,user_spot_192_579,True,Fri Nov 03 04:58:00 +0000 2017,@SpotifyCares Audio crackling and popping sound distortion on high volume through wired headphones.,10383,
10383,SpotifyCares,False,Fri Nov 03 05:19:00 +0000 2017,@user_spot_192_579 Hi! Make sure hardware acceleration is enabled in your app/browser settings and clear your cache for open.spotify.com. -Chloe,,10382
10384,user_spot_193_365,True,Fri Nov 03 05:04:00 +0000 2017,@SpotifyCares Playback automatically stops whenever I open Google Maps in the background on my phone.,10385,
10385,SpotifyCares,False,Fri Nov 03 05:09:00 +0000 2017,@user_spot_193_365 Hi! Podcasts use dynamic audio leveling. You can adjust Equalizer presets under Playback settings to balance output. -Ryan,,10384
10386,user_spot_194_295,True,Fri Nov 03 05:26:00 +0000 2017,@SpotifyCares Music audio keeps stuttering and buffering constantly during playback on Firefox 118.,10387,
10387,SpotifyCares,False,Fri Nov 03 05:48:00 +0000 2017,@user_spot_194_295 Hey! Turn off 'Auto adjust quality' in Audio Quality settings so it doesn't downgrade on variable connection speeds. -Maya,,10386
10388,user_spot_195_300,True,Fri Nov 03 05:37:00 +0000 2017,"@SpotifyCares Songs keep skipping after 5 seconds on cellular connection, but audio works fine on WiFi streaming.",10389,
10389,SpotifyCares,False,Fri Nov 03 05:44:00 +0000 2017,@user_spot_195_300 Hi! Disable Crossfade in Settings > Playback or clear app cache to fix premature audio cutoffs. -Sarah,,10388
10390,user_spot_196_195,True,Fri Nov 03 05:45:00 +0000 2017,@SpotifyCares Song playback gets cut off 20 seconds before the track actually finishes playing.,10391,
10391,SpotifyCares,False,Fri Nov 03 05:49:00 +0000 2017,@user_spot_196_195 Hi! Podcasts use dynamic audio leveling. You can adjust Equalizer presets under Playback settings to balance output. -Maya,,10390
10392,user_spot_197_561,True,Fri Nov 03 06:00:00 +0000 2017,@SpotifyCares Streaming quality sounds muffled and low bitrate even though 'Very High Quality' is selected.,10393,
10393,SpotifyCares,False,Fri Nov 03 06:09:00 +0000 2017,@user_spot_197_561 Hey! Check your streaming quality under Settings > Audio Quality. Toggle 'Download using cellular' if streaming offline tracks. -Ryan,,10392
10394,user_spot_198_912,True,Fri Nov 03 06:21:00 +0000 2017,@SpotifyCares Explicit songs won't play even though explicit content filter is turned ON in settings.,10395,
10395,SpotifyCares,False,Fri Nov 03 06:34:00 +0000 2017,@user_spot_198_912 Hey! Check your streaming quality under Settings > Audio Quality. Toggle 'Download using cellular' if streaming offline tracks. -Zoe,,10394
10396,user_spot_199_681,True,Fri Nov 03 06:31:00 +0000 2017,@SpotifyCares Audio crackling and popping sound distortion on high volume through AirPods Pro.,10397,
10397,SpotifyCares,False,Fri Nov 03 06:42:00 +0000 2017,@user_spot_199_681 Hi! Check your phone's battery optimization settings and set Spotify to 'Unrestricted' background activity. -Chloe,,10396
10398,user_spot_200_424,True,Fri Nov 03 06:45:00 +0000 2017,@SpotifyCares Getting playback error code 'Spotify can't play this right now' on Windows 11.,10399,
10399,SpotifyCares,False,Fri Nov 03 07:01:00 +0000 2017,@user_spot_200_424 Hi! Make sure hardware acceleration is enabled in your app/browser settings and clear your cache for open.spotify.com. -Liam,,10398
10400,user_spot_201_640,True,Fri Nov 03 06:57:00 +0000 2017,@SpotifyCares Music audio keeps stuttering and buffering constantly during playback on Windows 11.,10401,
10401,SpotifyCares,False,Fri Nov 03 07:19:00 +0000 2017,@user_spot_201_640 Hello! Try toggling Hardware Acceleration under Edit > Preferences > Compatibility on your desktop app. -Kevin,,10400
10402,user_spot_202_116,True,Fri Nov 03 07:15:00 +0000 2017,@SpotifyCares Audio volume suddenly drops by 50% whenever a podcast transitions to a music track.,10403,
10403,SpotifyCares,False,Fri Nov 03 07:24:00 +0000 2017,@user_spot_202_116 Hi! Very High streaming streams at 320 kbps AAC/Ogg Vorbis on Premium. Details here: https://spoti.fi/audio-quality -Maya,,10402
10404,user_spot_203_502,True,Fri Nov 03 07:23:00 +0000 2017,@SpotifyCares Explicit songs won't play even though explicit content filter is turned ON in settings.,10405,
10405,SpotifyCares,False,Fri Nov 03 07:34:00 +0000 2017,@user_spot_203_502 Hey! Check your streaming quality under Settings > Audio Quality. Toggle 'Download using cellular' if streaming offline tracks. -Daniel,,10404
10406,user_spot_204_893,True,Fri Nov 03 07:37:00 +0000 2017,@SpotifyCares What audio bitrate does Spotify HiFi / Very High quality stream at on desktop vs mobile?,10407,
10407,SpotifyCares,False,Fri Nov 03 07:44:00 +0000 2017,"@user_spot_204_893 Hey! Log out and log back in to refresh account settings. If on a Family plan, the plan manager might have set restrictions. -Alex",,10406
10408,user_spot_205_914,True,Fri Nov 03 07:57:00 +0000 2017,@SpotifyCares Explicit songs won't play even though explicit content filter is turned ON in settings.,10409,
10409,SpotifyCares,False,Fri Nov 03 08:19:00 +0000 2017,@user_spot_205_914 Hi! Disable Crossfade in Settings > Playback or clear app cache to fix premature audio cutoffs. -Daniel,,10408
10410,user_spot_206_508,True,Fri Nov 03 08:05:00 +0000 2017,@SpotifyCares Music volume is extremely quiet compared to YouTube and Apple Music on max volume on Samsung Galaxy S22.,10411,
10411,SpotifyCares,False,Fri Nov 03 08:17:00 +0000 2017,@user_spot_206_508 Hi! Disable Crossfade in Settings > Playback or clear app cache to fix premature audio cutoffs. -Daniel,,10410
10412,user_spot_207_512,True,Fri Nov 03 08:28:00 +0000 2017,@SpotifyCares Playback automatically stops whenever I open Waze in the background on my phone.,10413,
10413,SpotifyCares,False,Fri Nov 03 08:32:00 +0000 2017,"@user_spot_207_512 Hey! Log out and log back in to refresh account settings. If on a Family plan, the plan manager might have set restrictions. -Alex",,10412
10414,user_spot_208_514,True,Fri Nov 03 08:39:00 +0000 2017,@SpotifyCares Audio volume suddenly drops by 50% whenever a podcast transitions to a music track.,10415,
10415,SpotifyCares,False,Fri Nov 03 08:48:00 +0000 2017,@user_spot_208_514 Hello! Try toggling Hardware Acceleration under Edit > Preferences > Compatibility on your desktop app. -Liam,,10414
10416,user_spot_209_466,True,Fri Nov 03 08:54:00 +0000 2017,@SpotifyCares Gapless playback is not working for continuous live concert albums on Android 12 app version 8.8.72.,10417,
10417,SpotifyCares,False,Fri Nov 03 09:14:00 +0000 2017,@user_spot_209_466 Hi! Check your phone's battery optimization settings and set Spotify to 'Unrestricted' background activity. -Alex,,10416
10418,user_spot_210_174,True,Fri Nov 03 09:07:00 +0000 2017,@SpotifyCares Tracks randomly pause every 10 minutes by themselves while phone screen is locked on iOS 15.,10419,
10419,SpotifyCares,False,Fri Nov 03 09:22:00 +0000 2017,@user_spot_210_174 Hi! Disable Crossfade in Settings > Playback or clear app cache to fix premature audio cutoffs. -Elena,,10418
10420,user_spot_211_610,True,Fri Nov 03 09:17:00 +0000 2017,@SpotifyCares Left audio channel has no sound output while right channel plays normally on iPhone 14 Pro.,10421,
10421,SpotifyCares,False,Fri Nov 03 09:22:00 +0000 2017,@user_spot_211_610 Hi! Very High streaming streams at 320 kbps AAC/Ogg Vorbis on Premium. Details here: https://spoti.fi/audio-quality -Sarah,,10420
10422,user_spot_212_840,True,Fri Nov 03 09:28:00 +0000 2017,@SpotifyCares Left audio channel has no sound output while right channel plays normally on iPad Air.,10423,
10423,SpotifyCares,False,Fri Nov 03 09:35:00 +0000 2017,@user_spot_212_840 Hello! Try toggling Hardware Acceleration under Edit > Preferences > Compatibility on your desktop app. -Liam,,10422
10424,user_spot_213_389,True,Fri Nov 03 09:42:00 +0000 2017,"@SpotifyCares Songs keep skipping after 5 seconds on 5G cellular network, but audio works fine on WiFi streaming.",10425,
10425,SpotifyCares,False,Fri Nov 03 09:56:00 +0000 2017,@user_spot_213_389 Hi! Podcasts use dynamic audio leveling. You can adjust Equalizer presets under Playback settings to balance output. -Alex,,10424
10426,user_spot_214_956,True,Fri Nov 03 09:56:00 +0000 2017,@SpotifyCares Song playback gets cut off 20 seconds before the track actually finishes playing.,10427,
10427,SpotifyCares,False,Fri Nov 03 10:08:00 +0000 2017,@user_spot_214_956 Hey! Check Settings > Playback > Mono Audio toggle to make sure stereo panning is balanced properly. -Chloe,,10426
10428,user_spot_215_402,True,Fri Nov 03 10:15:00 +0000 2017,@SpotifyCares Explicit songs won't play even though explicit content filter is turned ON in settings.,10429,
10429,SpotifyCares,False,Fri Nov 03 10:37:00 +0000 2017,@user_spot_215_402 Hey! Check Settings > Playback > Mono Audio toggle to make sure stereo panning is balanced properly. -Kevin,,10428
10430,user_spot_216_831,True,Fri Nov 03 10:28:00 +0000 2017,@SpotifyCares Streaming quality sounds muffled and low bitrate even though 'Very High Quality' is selected.,10431,
10431,SpotifyCares,False,Fri Nov 03 10:40:00 +0000 2017,@user_spot_216_831 Hey! Check your streaming quality under Settings > Audio Quality. Toggle 'Download using cellular' if streaming offline tracks. -Carlos,,10430
10432,user_spot_217_180,True,Fri Nov 03 10:39:00 +0000 2017,"@SpotifyCares Songs keep skipping after 5 seconds on 4G LTE data, but audio works fine on WiFi streaming.",10433,
10433,SpotifyCares,False,Fri Nov 03 10:50:00 +0000 2017,@user_spot_217_180 Hi! Very High streaming streams at 320 kbps AAC/Ogg Vorbis on Premium. Details here: https://spoti.fi/audio-quality -Ryan,,10432
10434,user_spot_218_606,True,Fri Nov 03 11:02:00 +0000 2017,@SpotifyCares Left audio channel has no sound output while right channel plays normally on Samsung Galaxy S22.,10435,
10435,SpotifyCares,False,Fri Nov 03 11:12:00 +0000 2017,@user_spot_218_606 Hello! Try toggling Hardware Acceleration under Edit > Preferences > Compatibility on your desktop app. -Zoe,,10434
10436,user_spot_219_549,True,Fri Nov 03 11:08:00 +0000 2017,@SpotifyCares Playback automatically stops whenever I open Waze in the background on my phone.,10437,
10437,SpotifyCares,False,Fri Nov 03 11:28:00 +0000 2017,"@user_spot_219_549 Hello! Go to Settings > Audio Quality > Normalize volume, and set Volume Level to 'Normal' or 'Quiet' to prevent clipping. -Emma",,10436
10438,user_spot_220_478,True,Fri Nov 03 11:23:00 +0000 2017,@SpotifyCares What audio bitrate does Spotify HiFi / Very High quality stream at on desktop vs mobile?,10439,
10439,SpotifyCares,False,Fri Nov 03 11:36:00 +0000 2017,@user_spot_220_478 Hey! Check Settings > Playback > Mono Audio toggle to make sure stereo panning is balanced properly. -Carlos,,10438
10440,user_spot_221_234,True,Fri Nov 03 11:37:00 +0000 2017,@SpotifyCares Left audio channel has no sound output while right channel plays normally on OnePlus 11.,10441,
10441,SpotifyCares,False,Fri Nov 03 12:01:00 +0000 2017,@user_spot_221_234 Hey! Turn off 'Auto adjust quality' in Audio Quality settings so it doesn't downgrade on variable connection speeds. -Liam,,10440
10442,user_spot_222_715,True,Fri Nov 03 11:54:00 +0000 2017,@SpotifyCares Playback automatically stops whenever I open Waze in the background on my phone.,10443,
10443,SpotifyCares,False,Fri Nov 03 12:19:00 +0000 2017,@user_spot_222_715 Hi! Make sure hardware acceleration is enabled in your app/browser settings and clear your cache for open.spotify.com. -Chloe,,10442
10444,user_spot_223_439,True,Fri Nov 03 12:08:00 +0000 2017,@SpotifyCares Tracks randomly pause every 10 minutes by themselves while phone screen is locked on iOS 17.,10445,
10445,SpotifyCares,False,Fri Nov 03 12:18:00 +0000 2017,@user_spot_223_439 Hey! Check your streaming quality under Settings > Audio Quality. Toggle 'Download using cellular' if streaming offline tracks. -Emma,,10444
10446,user_spot_224_385,True,Fri Nov 03 12:23:00 +0000 2017,@SpotifyCares Getting playback error code 'Spotify can't play this right now' on Windows 10.,10447,
10447,SpotifyCares,False,Fri Nov 03 12:36:00 +0000 2017,@user_spot_224_385 Hi! Check your phone's battery optimization settings and set Spotify to 'Unrestricted' background activity. -Kevin,,10446
10448,user_spot_225_767,True,Fri Nov 03 12:33:00 +0000 2017,@SpotifyCares Playback automatically stops whenever I open Google Maps in the background on my phone.,10449,
10449,SpotifyCares,False,Fri Nov 03 12:47:00 +0000 2017,@user_spot_225_767 Hello! Try toggling Hardware Acceleration under Edit > Preferences > Compatibility on your desktop app. -Emma,,10448
10450,user_spot_226_581,True,Fri Nov 03 12:45:00 +0000 2017,@SpotifyCares Audio volume suddenly drops by 50% whenever a podcast transitions to a music track.,10451,
10451,SpotifyCares,False,Fri Nov 03 12:49:00 +0000 2017,@user_spot_226_581 Hi! Podcasts use dynamic audio leveling. You can adjust Equalizer presets under Playback settings to balance output. -Alex,,10450
10452,user_spot_227_193,True,Fri Nov 03 13:07:00 +0000 2017,@SpotifyCares Explicit songs won't play even though explicit content filter is turned ON in settings.,10453,
10453,SpotifyCares,False,Fri Nov 03 13:15:00 +0000 2017,@user_spot_227_193 Hi! Check your phone's battery optimization settings and set Spotify to 'Unrestricted' background activity. -Maya,,10452
10454,user_spot_228_865,True,Fri Nov 03 13:12:00 +0000 2017,@SpotifyCares Audio crackling and popping sound distortion on high volume through wired headphones.,10455,
10455,SpotifyCares,False,Fri Nov 03 13:22:00 +0000 2017,"@user_spot_228_865 Hello! Go to Settings > Audio Quality > Normalize volume, and set Volume Level to 'Normal' or 'Quiet' to prevent clipping. -Alex",,10454
10456,user_spot_229_273,True,Fri Nov 03 13:35:00 +0000 2017,@SpotifyCares Audio volume suddenly drops by 50% whenever a podcast transitions to a music track.,10457,
10457,SpotifyCares,False,Fri Nov 03 13:50:00 +0000 2017,@user_spot_229_273 Hi! Disable Crossfade in Settings > Playback or clear app cache to fix premature audio cutoffs. -Elena,,10456
10458,user_spot_230_822,True,Fri Nov 03 13:44:00 +0000 2017,@SpotifyCares Getting playback error code 'Spotify can't play this right now' on macOS Ventura.,10459,
10459,SpotifyCares,False,Fri Nov 03 13:53:00 +0000 2017,@user_spot_230_822 Hey! Check your streaming quality under Settings > Audio Quality. Toggle 'Download using cellular' if streaming offline tracks. -Daniel,,10458
10460,user_spot_231_702,True,Fri Nov 03 13:54:00 +0000 2017,@SpotifyCares Explicit songs won't play even though explicit content filter is turned ON in settings.,10461,
10461,SpotifyCares,False,Fri Nov 03 14:08:00 +0000 2017,"@user_spot_231_702 Hello! Go to Settings > Audio Quality > Normalize volume, and set Volume Level to 'Normal' or 'Quiet' to prevent clipping. -Ryan",,10460
10462,user_spot_232_192,True,Fri Nov 03 14:12:00 +0000 2017,@SpotifyCares What audio bitrate does Spotify HiFi / Very High quality stream at on desktop vs mobile?,10463,
10463,SpotifyCares,False,Fri Nov 03 14:20:00 +0000 2017,@user_spot_232_192 Hi! Make sure hardware acceleration is enabled in your app/browser settings and clear your cache for open.spotify.com. -Carlos,,10462
10464,user_spot_233_282,True,Fri Nov 03 14:25:00 +0000 2017,@SpotifyCares Music volume is extremely quiet compared to YouTube and Apple Music on max volume on iPhone 13.,10465,
10465,SpotifyCares,False,Fri Nov 03 14:40:00 +0000 2017,@user_spot_233_282 Hi! Disable Crossfade in Settings > Playback or clear app cache to fix premature audio cutoffs. -Zoe,,10464
10466,user_spot_234_926,True,Fri Nov 03 14:43:00 +0000 2017,@SpotifyCares Song playback gets cut off 20 seconds before the track actually finishes playing.,10467,
10467,SpotifyCares,False,Fri Nov 03 15:03:00 +0000 2017,@user_spot_234_926 Hi! Disable Crossfade in Settings > Playback or clear app cache to fix premature audio cutoffs. -Zoe,,10466
10468,user_spot_235_186,True,Fri Nov 03 14:58:00 +0000 2017,@SpotifyCares Song playback gets cut off 45 seconds before the track actually finishes playing.,10469,
10469,SpotifyCares,False,Fri Nov 03 15:05:00 +0000 2017,@user_spot_235_186 Hi! Podcasts use dynamic audio leveling. You can adjust Equalizer presets under Playback settings to balance output. -Alex,,10468
10470,user_spot_236_391,True,Fri Nov 03 15:08:00 +0000 2017,@SpotifyCares Audio crackling and popping sound distortion on high volume through wired headphones.,10471,
10471,SpotifyCares,False,Fri Nov 03 15:12:00 +0000 2017,"@user_spot_236_391 Hello! Go to Settings > Audio Quality > Normalize volume, and set Volume Level to 'Normal' or 'Quiet' to prevent clipping. -Ryan",,10470
10472,user_spot_237_868,True,Fri Nov 03 15:23:00 +0000 2017,@SpotifyCares Streaming quality sounds muffled and low bitrate even though 'Very High Quality' is selected.,10473,
10473,SpotifyCares,False,Fri Nov 03 15:41:00 +0000 2017,@user_spot_237_868 Hi! Check your phone's battery optimization settings and set Spotify to 'Unrestricted' background activity. -Liam,,10472
10474,user_spot_238_771,True,Fri Nov 03 15:34:00 +0000 2017,@SpotifyCares Crossfade transition between songs causes a 2-second loud audio buzz artifact on Android 12.,10475,
10475,SpotifyCares,False,Fri Nov 03 15:59:00 +0000 2017,@user_spot_238_771 Hi! Podcasts use dynamic audio leveling. You can adjust Equalizer presets under Playback settings to balance output. -Chloe,,10474
10476,user_spot_239_756,True,Fri Nov 03 15:47:00 +0000 2017,@SpotifyCares Playback automatically stops whenever I open TikTok in the background on my phone.,10477,
10477,SpotifyCares,False,Fri Nov 03 16:10:00 +0000 2017,@user_spot_239_756 Hi! Make sure hardware acceleration is enabled in your app/browser settings and clear your cache for open.spotify.com. -Kevin,,10476
10478,user_spot_240_402,True,Fri Nov 03 16:07:00 +0000 2017,@SpotifyCares Gapless playback is not working for continuous live concert albums on Android 14 app version 8.9.10.,10479,
10479,SpotifyCares,False,Fri Nov 03 16:21:00 +0000 2017,@user_spot_240_402 Hi! Disable Crossfade in Settings > Playback or clear app cache to fix premature audio cutoffs. -Emma,,10478
10480,user_spot_241_595,True,Fri Nov 03 16:20:00 +0000 2017,@SpotifyCares Music volume is extremely quiet compared to YouTube and Apple Music on max volume on OnePlus 11.,10481,
10481,SpotifyCares,False,Fri Nov 03 16:24:00 +0000 2017,@user_spot_241_595 Hi! Podcasts use dynamic audio leveling. You can adjust Equalizer presets under Playback settings to balance output. -Alex,,10480
10482,user_spot_242_312,True,Fri Nov 03 16:31:00 +0000 2017,@SpotifyCares Crossfade transition between songs causes a 2-second loud audio buzz artifact on Android 13.,10483,
10483,SpotifyCares,False,Fri Nov 03 16:42:00 +0000 2017,@user_spot_242_312 Hi! Make sure hardware acceleration is enabled in your app/browser settings and clear your cache for open.spotify.com. -Carlos,,10482
10484,user_spot_243_599,True,Fri Nov 03 16:42:00 +0000 2017,@SpotifyCares Left audio channel has no sound output while right channel plays normally on iPad Air.,10485,
10485,SpotifyCares,False,Fri Nov 03 16:56:00 +0000 2017,@user_spot_243_599 Hey! Check Settings > Playback > Mono Audio toggle to make sure stereo panning is balanced properly. -Alex,,10484
10486,user_spot_244_415,True,Fri Nov 03 17:02:00 +0000 2017,@SpotifyCares Playback automatically stops whenever I open Google Maps in the background on my phone.,10487,
10487,SpotifyCares,False,Fri Nov 03 17:24:00 +0000 2017,@user_spot_244_415 Hello! Try toggling Hardware Acceleration under Edit > Preferences > Compatibility on your desktop app. -Chloe,,10486
10488,user_spot_245_391,True,Fri Nov 03 17:11:00 +0000 2017,@SpotifyCares Streaming quality sounds muffled and low bitrate even though 'Very High Quality' is selected.,10489,
10489,SpotifyCares,False,Fri Nov 03 17:30:00 +0000 2017,@user_spot_245_391 Hey! Turn off 'Auto adjust quality' in Audio Quality settings so it doesn't downgrade on variable connection speeds. -Chloe,,10488
10490,user_spot_246_603,True,Fri Nov 03 17:28:00 +0000 2017,@SpotifyCares Audio crackling and popping sound distortion on high volume through Sony WH-1000XM4.,10491,
10491,SpotifyCares,False,Fri Nov 03 17:50:00 +0000 2017,@user_spot_246_603 Hi! Make sure hardware acceleration is enabled in your app/browser settings and clear your cache for open.spotify.com. -Kevin,,10490
10492,user_spot_247_415,True,Fri Nov 03 17:40:00 +0000 2017,@SpotifyCares Song playback gets cut off 30 seconds before the track actually finishes playing.,10493,
10493,SpotifyCares,False,Fri Nov 03 17:47:00 +0000 2017,@user_spot_247_415 Hi! Very High streaming streams at 320 kbps AAC/Ogg Vorbis on Premium. Details here: https://spoti.fi/audio-quality -Maya,,10492
10494,user_spot_248_620,True,Fri Nov 03 17:53:00 +0000 2017,"@SpotifyCares Songs keep skipping after 5 seconds on cellular connection, but audio works fine on WiFi streaming.",10495,
10495,SpotifyCares,False,Fri Nov 03 18:11:00 +0000 2017,@user_spot_248_620 Hello! Try toggling Hardware Acceleration under Edit > Preferences > Compatibility on your desktop app. -Liam,,10494
10496,user_spot_249_736,True,Fri Nov 03 18:11:00 +0000 2017,"@SpotifyCares Songs keep skipping after 5 seconds on 4G LTE data, but audio works fine on WiFi streaming.",10497,
10497,SpotifyCares,False,Fri Nov 03 18:15:00 +0000 2017,@user_spot_249_736 Hey! Check your streaming quality under Settings > Audio Quality. Toggle 'Download using cellular' if streaming offline tracks. -Liam,,10496
10498,user_spot_250_729,True,Fri Nov 03 18:21:00 +0000 2017,@SpotifyCares Music volume is extremely quiet compared to YouTube and Apple Music on max volume on iPhone 14 Pro.,10499,
10499,SpotifyCares,False,Fri Nov 03 18:32:00 +0000 2017,@user_spot_250_729 Hey! Check your streaming quality under Settings > Audio Quality. Toggle 'Download using cellular' if streaming offline tracks. -Liam,,10498
10500,user_spot_251_890,True,Fri Nov 03 18:42:00 +0000 2017,@SpotifyCares Tracks randomly pause every 5 minutes by themselves while phone screen is locked on Android 14.,10501,
10501,SpotifyCares,False,Fri Nov 03 19:00:00 +0000 2017,"@user_spot_251_890 Hey! Log out and log back in to refresh account settings. If on a Family plan, the plan manager might have set restrictions. -Chloe",,10500
10502,user_spot_252_385,True,Fri Nov 03 18:48:00 +0000 2017,@SpotifyCares Crossfade transition between songs causes a 2-second loud audio buzz artifact on Android 13.,10503,
10503,SpotifyCares,False,Fri Nov 03 19:04:00 +0000 2017,@user_spot_252_385 Hi! Make sure hardware acceleration is enabled in your app/browser settings and clear your cache for open.spotify.com. -Maya,,10502
10504,user_spot_253_941,True,Fri Nov 03 19:03:00 +0000 2017,@SpotifyCares Explicit songs won't play even though explicit content filter is turned ON in settings.,10505,
10505,SpotifyCares,False,Fri Nov 03 19:24:00 +0000 2017,@user_spot_253_941 Hey! Turn off 'Auto adjust quality' in Audio Quality settings so it doesn't downgrade on variable connection speeds. -Liam,,10504
10506,user_spot_254_958,True,Fri Nov 03 19:26:00 +0000 2017,@SpotifyCares What audio bitrate does Spotify HiFi / Very High quality stream at on desktop vs mobile?,10507,
10507,SpotifyCares,False,Fri Nov 03 19:33:00 +0000 2017,@user_spot_254_958 Hey! Check Settings > Playback > Mono Audio toggle to make sure stereo panning is balanced properly. -Zoe,,10506
10508,user_spot_255_731,True,Fri Nov 03 19:38:00 +0000 2017,@SpotifyCares Left audio channel has no sound output while right channel plays normally on OnePlus 11.,10509,
10509,SpotifyCares,False,Fri Nov 03 19:49:00 +0000 2017,@user_spot_255_731 Hi! Make sure hardware acceleration is enabled in your app/browser settings and clear your cache for open.spotify.com. -Emma,,10508
10510,user_spot_256_945,True,Fri Nov 03 19:44:00 +0000 2017,@SpotifyCares Song playback gets cut off 30 seconds before the track actually finishes playing.,10511,
10511,SpotifyCares,False,Fri Nov 03 19:55:00 +0000 2017,"@user_spot_256_945 Hey! Log out and log back in to refresh account settings. If on a Family plan, the plan manager might have set restrictions. -Chloe",,10510
10512,user_spot_257_333,True,Fri Nov 03 20:03:00 +0000 2017,@SpotifyCares Getting playback error code 'Spotify can't play this right now' on macOS Ventura.,10513,
10513,SpotifyCares,False,Fri Nov 03 20:27:00 +0000 2017,"@user_spot_257_333 Hello! Go to Settings > Audio Quality > Normalize volume, and set Volume Level to 'Normal' or 'Quiet' to prevent clipping. -Zoe",,10512
10514,user_spot_258_299,True,Fri Nov 03 20:15:00 +0000 2017,@SpotifyCares Getting playback error code 'Spotify can't play this right now' on Windows 11.,10515,
10515,SpotifyCares,False,Fri Nov 03 20:38:00 +0000 2017,@user_spot_258_299 Hi! Check your phone's battery optimization settings and set Spotify to 'Unrestricted' background activity. -Elena,,10514
10516,user_spot_259_276,True,Fri Nov 03 20:29:00 +0000 2017,@SpotifyCares Music volume is extremely quiet compared to YouTube and Apple Music on max volume on iPhone 14 Pro.,10517,
10517,SpotifyCares,False,Fri Nov 03 20:53:00 +0000 2017,"@user_spot_259_276 Hello! Go to Settings > Audio Quality > Normalize volume, and set Volume Level to 'Normal' or 'Quiet' to prevent clipping. -Sarah",,10516
10518,user_spot_260_824,True,Fri Nov 03 20:49:00 +0000 2017,@SpotifyCares Left audio channel has no sound output while right channel plays normally on iPhone 13.,10519,
10519,SpotifyCares,False,Fri Nov 03 20:56:00 +0000 2017,@user_spot_260_824 Hi! Podcasts use dynamic audio leveling. You can adjust Equalizer presets under Playback settings to balance output. -Ryan,,10518
10520,user_spot_261_994,True,Fri Nov 03 21:00:00 +0000 2017,@SpotifyCares Gapless playback is not working for continuous live concert albums on Android 12 app version 8.8.72.,10521,
10521,SpotifyCares,False,Fri Nov 03 21:20:00 +0000 2017,@user_spot_261_994 Hello! Try toggling Hardware Acceleration under Edit > Preferences > Compatibility on your desktop app. -Ryan,,10520
10522,user_spot_262_885,True,Fri Nov 03 21:15:00 +0000 2017,@SpotifyCares Getting playback error code 'Spotify can't play this right now' on Windows 11.,10523,
10523,SpotifyCares,False,Fri Nov 03 21:23:00 +0000 2017,"@user_spot_262_885 Hello! Go to Settings > Audio Quality > Normalize volume, and set Volume Level to 'Normal' or 'Quiet' to prevent clipping. -Elena",,10522
10524,user_spot_263_449,True,Fri Nov 03 21:26:00 +0000 2017,@SpotifyCares Crossfade transition between songs causes a 2-second loud audio buzz artifact on iOS 17.,10525,
10525,SpotifyCares,False,Fri Nov 03 21:35:00 +0000 2017,@user_spot_263_449 Hi! Check your phone's battery optimization settings and set Spotify to 'Unrestricted' background activity. -Alex,,10524
10526,user_spot_264_760,True,Fri Nov 03 21:42:00 +0000 2017,@SpotifyCares Song playback gets cut off 30 seconds before the track actually finishes playing.,10527,
10527,SpotifyCares,False,Fri Nov 03 21:55:00 +0000 2017,@user_spot_264_760 Hi! Podcasts use dynamic audio leveling. You can adjust Equalizer presets under Playback settings to balance output. -Zoe,,10526
10528,user_spot_265_299,True,Fri Nov 03 22:00:00 +0000 2017,@SpotifyCares Crossfade transition between songs causes a 2-second loud audio buzz artifact on Android 14.,10529,
10529,SpotifyCares,False,Fri Nov 03 22:23:00 +0000 2017,@user_spot_265_299 Hey! Check Settings > Playback > Mono Audio toggle to make sure stereo panning is balanced properly. -Zoe,,10528
10530,user_spot_266_861,True,Fri Nov 03 22:06:00 +0000 2017,@SpotifyCares Song playback gets cut off 45 seconds before the track actually finishes playing.,10531,
10531,SpotifyCares,False,Fri Nov 03 22:16:00 +0000 2017,@user_spot_266_861 Hi! Podcasts use dynamic audio leveling. You can adjust Equalizer presets under Playback settings to balance output. -Maya,,10530
10532,user_spot_267_407,True,Fri Nov 03 22:28:00 +0000 2017,@SpotifyCares Explicit songs won't play even though explicit content filter is turned ON in settings.,10533,
10533,SpotifyCares,False,Fri Nov 03 22:44:00 +0000 2017,@user_spot_267_407 Hi! Make sure hardware acceleration is enabled in your app/browser settings and clear your cache for open.spotify.com. -Zoe,,10532
10534,user_spot_268_974,True,Fri Nov 03 22:38:00 +0000 2017,@SpotifyCares Playback automatically stops whenever I open Waze in the background on my phone.,10535,
10535,SpotifyCares,False,Fri Nov 03 22:55:00 +0000 2017,"@user_spot_268_974 Hello! Go to Settings > Audio Quality > Normalize volume, and set Volume Level to 'Normal' or 'Quiet' to prevent clipping. -Kevin",,10534
10536,user_spot_269_181,True,Fri Nov 03 22:52:00 +0000 2017,@SpotifyCares What audio bitrate does Spotify HiFi / Very High quality stream at on desktop vs mobile?,10537,
10537,SpotifyCares,False,Fri Nov 03 23:06:00 +0000 2017,@user_spot_269_181 Hi! Disable Crossfade in Settings > Playback or clear app cache to fix premature audio cutoffs. -Elena,,10536
10538,user_spot_270_161,True,Fri Nov 03 23:09:00 +0000 2017,@SpotifyCares Crossfade transition between songs causes a 2-second loud audio buzz artifact on iOS 15.,10539,
10539,SpotifyCares,False,Fri Nov 03 23:26:00 +0000 2017,@user_spot_270_161 Hello! Try toggling Hardware Acceleration under Edit > Preferences > Compatibility on your desktop app. -Elena,,10538
10540,user_spot_271_276,True,Fri Nov 03 23:16:00 +0000 2017,@SpotifyCares App crashes immediately upon tapping the 'Your Library' tab on Android 14.,10541,
10541,SpotifyCares,False,Fri Nov 03 23:38:00 +0000 2017,"@user_spot_271_276 Hey! Send us a DM with your device model, OS version, and Spotify app version so our tech team can investigate: https://spoti.fi/dm -Ryan",,10540
10542,user_spot_272_482,True,Fri Nov 03 23:30:00 +0000 2017,@SpotifyCares macOS Ventura app displays a blank completely black screen after login and won't load UI.,10543,
10543,SpotifyCares,False,Fri Nov 03 23:45:00 +0000 2017,@user_spot_272_482 Hi! Disable 'Canvas' looping visuals under Settings > Playback to reduce background battery and CPU consumption. -Elena,,10542
10544,user_spot_273_748,True,Fri Nov 03 23:42:00 +0000 2017,@SpotifyCares Tesla Spotify app screen freezes completely when opening Spotify playlists while driving.,10545,
10545,SpotifyCares,False,Fri Nov 03 23:56:00 +0000 2017,"@user_spot_273_748 Hey! Send us a DM with your device model, OS version, and Spotify app version so our tech team can investigate: https://spoti.fi/dm -Maya",,10544
10546,user_spot_274_226,True,Fri Nov 03 23:56:00 +0000 2017,@SpotifyCares App freezes completely when opening playlists with more than 2500 songs on iPad Air.,10547,
10547,SpotifyCares,False,Sat Nov 04 00:10:00 +0000 2017,"@user_spot_274_226 Hey! Send us a DM with your device model, OS version, and Spotify app version so our tech team can investigate: https://spoti.fi/dm -Carlos",,10546
10548,user_spot_275_332,True,Sat Nov 04 00:13:00 +0000 2017,@SpotifyCares Infinite loading spinner when trying to search for songs or artist profiles on Android 14.,10549,
10549,SpotifyCares,False,Sat Nov 04 00:18:00 +0000 2017,"@user_spot_275_332 Hey! Send us a DM with your device model, OS version, and Spotify app version so our tech team can investigate: https://spoti.fi/dm -Liam",,10548
10550,user_spot_276_434,True,Sat Nov 04 00:28:00 +0000 2017,@SpotifyCares App hangs and becomes unresponsive when opening the Equalizer menu on iPad Air.,10551,
10551,SpotifyCares,False,Sat Nov 04 00:44:00 +0000 2017,@user_spot_276_434 Hi! Let's do a clean reinstall to resolve crashing. Follow the step-by-step guide here: https://spoti.fi/reinstall -Maya,,10550
10552,user_spot_277_151,True,Sat Nov 04 00:38:00 +0000 2017,@SpotifyCares App crashes immediately upon tapping the 'Your Library' tab on Android 14.,10553,
10553,SpotifyCares,False,Sat Nov 04 00:50:00 +0000 2017,@user_spot_277_151 Hey! Try disabling hardware acceleration in the Spotify Desktop menu (File/Edit > Hardware Acceleration) and restart. -Zoe,,10552
10554,user_spot_278_113,True,Sat Nov 04 01:01:00 +0000 2017,@SpotifyCares Search tab is completely unresponsive and keyboard does not pop up on Android 14.,10555,
10555,SpotifyCares,False,Sat Nov 04 01:06:00 +0000 2017,@user_spot_278_113 Hi! Let's do a clean reinstall to resolve crashing. Follow the step-by-step guide here: https://spoti.fi/reinstall -Alex,,10554
10556,user_spot_279_760,True,Sat Nov 04 01:13:00 +0000 2017,@SpotifyCares App hangs and becomes unresponsive when opening the Equalizer menu on OnePlus 11.,10557,
10557,SpotifyCares,False,Sat Nov 04 01:31:00 +0000 2017,"@user_spot_279_760 Hey! Try clearing app storage and cache under Settings > Storage > Clear Cache, then restart your device. -Emma",,10556
10558,user_spot_280_413,True,Sat Nov 04 01:23:00 +0000 2017,@SpotifyCares Updating to Spotify version 8.8.72 causes constant crash on startup on iPad Air.,10559,
10559,SpotifyCares,False,Sat Nov 04 01:39:00 +0000 2017,@user_spot_280_413 Hello! Try deleting the Spotify AppData/cache folder or reinstalling the desktop client from spotify.com/download. -Elena,,10558
10560,user_spot_281_841,True,Sat Nov 04 01:44:00 +0000 2017,@SpotifyCares Desktop client consuming over 3.8GB of RAM memory in task manager while idling.,10561,
10561,SpotifyCares,False,Sat Nov 04 01:51:00 +0000 2017,@user_spot_281_841 Hi! Disable 'Canvas' looping visuals under Settings > Playback to reduce background battery and CPU consumption. -Maya,,10560
10562,user_spot_282_448,True,Sat Nov 04 01:58:00 +0000 2017,@SpotifyCares App crashes when attempting to view artist about biography page with high-res photos.,10563,
10563,SpotifyCares,False,Sat Nov 04 02:20:00 +0000 2017,@user_spot_282_448 Hello! Reinstalling the app usually fixes persistent login session drops. Send us a DM if the issue continues! -Maya,,10562
10564,user_spot_283_908,True,Sat Nov 04 02:12:00 +0000 2017,@SpotifyCares App UI flickers and restarts every time bluetooth connects or disconnects in the car.,10565,
10565,SpotifyCares,False,Sat Nov 04 02:21:00 +0000 2017,"@user_spot_283_908 Hey! Send us a DM with your device model, OS version, and Spotify app version so our tech team can investigate: https://spoti.fi/dm -Sarah",,10564
10566,user_spot_284_991,True,Sat Nov 04 02:21:00 +0000 2017,@SpotifyCares Android Auto screen freezes completely when opening Spotify playlists while driving.,10567,
10567,SpotifyCares,False,Sat Nov 04 02:37:00 +0000 2017,@user_spot_284_991 Hello! Reinstalling the app usually fixes persistent login session drops. Send us a DM if the issue continues! -Carlos,,10566
10568,user_spot_285_995,True,Sat Nov 04 02:34:00 +0000 2017,@SpotifyCares Spotify keeps crashing on macOS Ventura upon launch. Crash log generated #CR-9921.,10569,
10569,SpotifyCares,False,Sat Nov 04 02:57:00 +0000 2017,@user_spot_285_995 Hi! Disable 'Canvas' looping visuals under Settings > Playback to reduce background battery and CPU consumption. -Liam,,10568
10570,user_spot_286_932,True,Sat Nov 04 02:52:00 +0000 2017,@SpotifyCares Infinite loading spinner when trying to search for songs or artist profiles on Android 14.,10571,
10571,SpotifyCares,False,Sat Nov 04 03:08:00 +0000 2017,@user_spot_286_932 Hi! Disable 'Canvas' looping visuals under Settings > Playback to reduce background battery and CPU consumption. -Daniel,,10570
10572,user_spot_287_123,True,Sat Nov 04 03:06:00 +0000 2017,@SpotifyCares Spotify keeps crashing on macOS Ventura upon launch. Crash log generated #CR-1108.,10573,
10573,SpotifyCares,False,Sat Nov 04 03:28:00 +0000 2017,"@user_spot_287_123 Hey! Try clearing app storage and cache under Settings > Storage > Clear Cache, then restart your device. -Alex",,10572
10574,user_spot_288_619,True,Sat Nov 04 03:21:00 +0000 2017,@SpotifyCares App freezes completely when opening playlists with more than 1000 songs on iPhone 14 Pro.,10575,
10575,SpotifyCares,False,Sat Nov 04 03:37:00 +0000 2017,@user_spot_288_619 Hi! Disable 'Canvas' looping visuals under Settings > Playback to reduce background battery and CPU consumption. -Chloe,,10574
10576,user_spot_289_473,True,Sat Nov 04 03:26:00 +0000 2017,@SpotifyCares App UI flickers and restarts every time bluetooth connects or disconnects in the car.,10577,
10577,SpotifyCares,False,Sat Nov 04 03:37:00 +0000 2017,"@user_spot_289_473 Hey! Send us a DM with your device model, OS version, and Spotify app version so our tech team can investigate: https://spoti.fi/dm -Daniel",,10576
10578,user_spot_290_616,True,Sat Nov 04 03:40:00 +0000 2017,@SpotifyCares App crashes immediately upon tapping the 'Your Library' tab on Android 12.,10579,
10579,SpotifyCares,False,Sat Nov 04 03:56:00 +0000 2017,@user_spot_290_616 Hello! Try deleting the Spotify AppData/cache folder or reinstalling the desktop client from spotify.com/download. -Kevin,,10578
10580,user_spot_291_124,True,Sat Nov 04 03:59:00 +0000 2017,@SpotifyCares macOS Sonoma app displays a blank completely black screen after login and won't load UI.,10581,
10581,SpotifyCares,False,Sat Nov 04 04:18:00 +0000 2017,@user_spot_291_124 Hello! Try deleting the Spotify AppData/cache folder or reinstalling the desktop client from spotify.com/download. -Emma,,10580
10582,user_spot_292_862,True,Sat Nov 04 04:16:00 +0000 2017,@SpotifyCares Mobile app is causing severe battery drain and phone overheating on Pixel 7 Pro.,10583,
10583,SpotifyCares,False,Sat Nov 04 04:28:00 +0000 2017,@user_spot_292_862 Hi! Let's do a clean reinstall to resolve crashing. Follow the step-by-step guide here: https://spoti.fi/reinstall -Alex,,10582
10584,user_spot_293_660,True,Sat Nov 04 04:31:00 +0000 2017,@SpotifyCares Spotify keeps crashing on Windows 10 upon launch. Crash log generated #CR-8732.,10585,
10585,SpotifyCares,False,Sat Nov 04 04:43:00 +0000 2017,@user_spot_293_660 Hi! Let's do a clean reinstall to resolve crashing. Follow the step-by-step guide here: https://spoti.fi/reinstall -Daniel,,10584
10586,user_spot_294_860,True,Sat Nov 04 04:42:00 +0000 2017,@SpotifyCares Search tab is completely unresponsive and keyboard does not pop up on iOS 17.,10587,
10587,SpotifyCares,False,Sat Nov 04 04:59:00 +0000 2017,@user_spot_294_860 Hi! Disable 'Canvas' looping visuals under Settings > Playback to reduce background battery and CPU consumption. -Daniel,,10586
10588,user_spot_295_281,True,Sat Nov 04 04:50:00 +0000 2017,@SpotifyCares Android Auto screen freezes completely when opening Spotify playlists while driving.,10589,
10589,SpotifyCares,False,Sat Nov 04 04:58:00 +0000 2017,@user_spot_295_281 Hi there! Does this happen on both WiFi and cellular? Let us know your Spotify version and OS build in DM! -Chloe,,10588
10590,user_spot_296_346,True,Sat Nov 04 05:11:00 +0000 2017,@SpotifyCares Desktop client consuming over 3.8GB of RAM memory in task manager while idling.,10591,
10591,SpotifyCares,False,Sat Nov 04 05:19:00 +0000 2017,@user_spot_296_346 Hi there! Does this happen on both WiFi and cellular? Let us know your Spotify version and OS build in DM! -Maya,,10590
10592,user_spot_297_525,True,Sat Nov 04 05:19:00 +0000 2017,@SpotifyCares Desktop app will not open on macOS Ventura startup even though 'Open Spotify automatically' is enabled.,10593,
10593,SpotifyCares,False,Sat Nov 04 05:38:00 +0000 2017,@user_spot_297_525 Hello! Try deleting the Spotify AppData/cache folder or reinstalling the desktop client from spotify.com/download. -Liam,,10592
10594,user_spot_298_371,True,Sat Nov 04 05:36:00 +0000 2017,@SpotifyCares Search tab is completely unresponsive and keyboard does not pop up on Android 13.,10595,
10595,SpotifyCares,False,Sat Nov 04 06:00:00 +0000 2017,@user_spot_298_371 Hi there! Does this happen on both WiFi and cellular? Let us know your Spotify version and OS build in DM! -Chloe,,10594
10596,user_spot_299_536,True,Sat Nov 04 05:49:00 +0000 2017,@SpotifyCares App UI flickers and restarts every time bluetooth connects or disconnects in the car.,10597,
10597,SpotifyCares,False,Sat Nov 04 05:58:00 +0000 2017,@user_spot_299_536 Hi! Let's do a clean reinstall to resolve crashing. Follow the step-by-step guide here: https://spoti.fi/reinstall -Alex,,10596
10598,user_spot_300_752,True,Sat Nov 04 06:07:00 +0000 2017,@SpotifyCares App freezes completely when opening playlists with more than 500 songs on iPad Air.,10599,
10599,SpotifyCares,False,Sat Nov 04 06:29:00 +0000 2017,"@user_spot_300_752 Hey! Try clearing app storage and cache under Settings > Storage > Clear Cache, then restart your device. -Zoe",,10598
10600,user_spot_301_643,True,Sat Nov 04 06:19:00 +0000 2017,@SpotifyCares Desktop app will not open on macOS Monterey startup even though 'Open Spotify automatically' is enabled.,10601,
10601,SpotifyCares,False,Sat Nov 04 06:25:00 +0000 2017,"@user_spot_301_643 Hey! Try clearing app storage and cache under Settings > Storage > Clear Cache, then restart your device. -Sarah",,10600
10602,user_spot_302_262,True,Sat Nov 04 06:37:00 +0000 2017,@SpotifyCares App crashes when attempting to view artist about biography page with high-res photos.,10603,
10603,SpotifyCares,False,Sat Nov 04 06:58:00 +0000 2017,@user_spot_302_262 Hey! Try disabling hardware acceleration in the Spotify Desktop menu (File/Edit > Hardware Acceleration) and restart. -Liam,,10602
10604,user_spot_303_288,True,Sat Nov 04 06:52:00 +0000 2017,@SpotifyCares Search tab is completely unresponsive and keyboard does not pop up on Android 12.,10605,
10605,SpotifyCares,False,Sat Nov 04 07:14:00 +0000 2017,@user_spot_303_288 Hi! Disable 'Canvas' looping visuals under Settings > Playback to reduce background battery and CPU consumption. -Zoe,,10604
10606,user_spot_304_900,True,Sat Nov 04 06:56:00 +0000 2017,@SpotifyCares App crashes immediately upon tapping the 'Your Library' tab on Android 14.,10607,
10607,SpotifyCares,False,Sat Nov 04 07:14:00 +0000 2017,@user_spot_304_900 Hi! Disable 'Canvas' looping visuals under Settings > Playback to reduce background battery and CPU consumption. -Carlos,,10606
10608,user_spot_305_929,True,Sat Nov 04 07:13:00 +0000 2017,@SpotifyCares Infinite loading spinner when trying to search for songs or artist profiles on iOS 17.,10609,
10609,SpotifyCares,False,Sat Nov 04 07:38:00 +0000 2017,@user_spot_305_929 Hey! Try disabling hardware acceleration in the Spotify Desktop menu (File/Edit > Hardware Acceleration) and restart. -Liam,,10608
10610,user_spot_306_309,True,Sat Nov 04 07:31:00 +0000 2017,@SpotifyCares Search tab is completely unresponsive and keyboard does not pop up on iOS 15.,10611,
10611,SpotifyCares,False,Sat Nov 04 07:48:00 +0000 2017,@user_spot_306_309 Hello! Try deleting the Spotify AppData/cache folder or reinstalling the desktop client from spotify.com/download. -Carlos,,10610
10612,user_spot_307_685,True,Sat Nov 04 07:38:00 +0000 2017,@SpotifyCares Infinite loading spinner when trying to search for songs or artist profiles on iOS 15.,10613,
10613,SpotifyCares,False,Sat Nov 04 08:03:00 +0000 2017,"@user_spot_307_685 Hey! Try clearing app storage and cache under Settings > Storage > Clear Cache, then restart your device. -Ryan",,10612
10614,user_spot_308_725,True,Sat Nov 04 07:59:00 +0000 2017,@SpotifyCares Desktop client consuming over 3.0GB of RAM memory in task manager while idling.,10615,
10615,SpotifyCares,False,Sat Nov 04 08:11:00 +0000 2017,@user_spot_308_725 Hi! Disable 'Canvas' looping visuals under Settings > Playback to reduce background battery and CPU consumption. -Alex,,10614
10616,user_spot_309_251,True,Sat Nov 04 08:15:00 +0000 2017,@SpotifyCares App freezes completely when opening playlists with more than 10000 songs on OnePlus 11.,10617,
10617,SpotifyCares,False,Sat Nov 04 08:33:00 +0000 2017,@user_spot_309_251 Hey! Try disabling hardware acceleration in the Spotify Desktop menu (File/Edit > Hardware Acceleration) and restart. -Kevin,,10616
10618,user_spot_310_613,True,Sat Nov 04 08:29:00 +0000 2017,@SpotifyCares App crashes immediately upon tapping the 'Your Library' tab on iOS 15.,10619,
10619,SpotifyCares,False,Sat Nov 04 08:34:00 +0000 2017,@user_spot_310_613 Hello! Reinstalling the app usually fixes persistent login session drops. Send us a DM if the issue continues! -Liam,,10618
10620,user_spot_311_374,True,Sat Nov 04 08:34:00 +0000 2017,@SpotifyCares App freezes completely when opening playlists with more than 5000 songs on OnePlus 11.,10621,
10621,SpotifyCares,False,Sat Nov 04 08:41:00 +0000 2017,@user_spot_311_374 Hello! Reinstalling the app usually fixes persistent login session drops. Send us a DM if the issue continues! -Carlos,,10620
10622,user_spot_312_463,True,Sat Nov 04 08:53:00 +0000 2017,@SpotifyCares App UI flickers and restarts every time bluetooth connects or disconnects in the car.,10623,
10623,SpotifyCares,False,Sat Nov 04 09:06:00 +0000 2017,@user_spot_312_463 Hello! Reinstalling the app usually fixes persistent login session drops. Send us a DM if the issue continues! -Alex,,10622
10624,user_spot_313_327,True,Sat Nov 04 09:04:00 +0000 2017,@SpotifyCares App UI flickers and restarts every time bluetooth connects or disconnects in the car.,10625,
10625,SpotifyCares,False,Sat Nov 04 09:11:00 +0000 2017,@user_spot_313_327 Hi! Let's do a clean reinstall to resolve crashing. Follow the step-by-step guide here: https://spoti.fi/reinstall -Elena,,10624
10626,user_spot_314_390,True,Sat Nov 04 09:25:00 +0000 2017,@SpotifyCares App crashes immediately upon tapping the 'Your Library' tab on Android 12.,10627,
10627,SpotifyCares,False,Sat Nov 04 09:32:00 +0000 2017,"@user_spot_314_390 Hey! Try clearing app storage and cache under Settings > Storage > Clear Cache, then restart your device. -Elena",,10626
10628,user_spot_315_343,True,Sat Nov 04 09:37:00 +0000 2017,@SpotifyCares Desktop app will not open on macOS Monterey startup even though 'Open Spotify automatically' is enabled.,10629,
10629,SpotifyCares,False,Sat Nov 04 09:53:00 +0000 2017,@user_spot_315_343 Hello! Reinstalling the app usually fixes persistent login session drops. Send us a DM if the issue continues! -Emma,,10628
10630,user_spot_316_667,True,Sat Nov 04 09:44:00 +0000 2017,@SpotifyCares Keep getting logged out of the mobile app every time I close it on Android 13.,10631,
10631,SpotifyCares,False,Sat Nov 04 10:04:00 +0000 2017,@user_spot_316_667 Hello! Reinstalling the app usually fixes persistent login session drops. Send us a DM if the issue continues! -Liam,,10630
10632,user_spot_317_678,True,Sat Nov 04 09:59:00 +0000 2017,@SpotifyCares App crashes when attempting to view artist about biography page with high-res photos.,10633,
10633,SpotifyCares,False,Sat Nov 04 10:12:00 +0000 2017,@user_spot_317_678 Hi! Disable 'Canvas' looping visuals under Settings > Playback to reduce background battery and CPU consumption. -Emma,,10632
10634,user_spot_318_792,True,Sat Nov 04 10:14:00 +0000 2017,@SpotifyCares Spotify keeps crashing on Windows 11 upon launch. Crash log generated #CR-8732.,10635,
10635,SpotifyCares,False,Sat Nov 04 10:31:00 +0000 2017,@user_spot_318_792 Hey! Try disabling hardware acceleration in the Spotify Desktop menu (File/Edit > Hardware Acceleration) and restart. -Kevin,,10634
10636,user_spot_319_167,True,Sat Nov 04 10:32:00 +0000 2017,@SpotifyCares App hangs and becomes unresponsive when opening the Equalizer menu on iPad Air.,10637,
10637,SpotifyCares,False,Sat Nov 04 10:52:00 +0000 2017,@user_spot_319_167 Hey! Try disabling hardware acceleration in the Spotify Desktop menu (File/Edit > Hardware Acceleration) and restart. -Carlos,,10636
10638,user_spot_320_790,True,Sat Nov 04 10:48:00 +0000 2017,@SpotifyCares Spotify keeps crashing on Windows 11 upon launch. Crash log generated #CR-9921.,10639,
10639,SpotifyCares,False,Sat Nov 04 11:00:00 +0000 2017,@user_spot_320_790 Hey! Try disabling hardware acceleration in the Spotify Desktop menu (File/Edit > Hardware Acceleration) and restart. -Kevin,,10638
10640,user_spot_321_984,True,Sat Nov 04 11:00:00 +0000 2017,@SpotifyCares App crashes immediately upon tapping the 'Your Library' tab on Android 13.,10641,
10641,SpotifyCares,False,Sat Nov 04 11:13:00 +0000 2017,@user_spot_321_984 Hi! Disable 'Canvas' looping visuals under Settings > Playback to reduce background battery and CPU consumption. -Alex,,10640
10642,user_spot_322_868,True,Sat Nov 04 11:15:00 +0000 2017,@SpotifyCares Infinite loading spinner when trying to search for songs or artist profiles on iOS 16.,10643,
10643,SpotifyCares,False,Sat Nov 04 11:19:00 +0000 2017,@user_spot_322_868 Hi! Let's do a clean reinstall to resolve crashing. Follow the step-by-step guide here: https://spoti.fi/reinstall -Zoe,,10642
10644,user_spot_323_723,True,Sat Nov 04 11:30:00 +0000 2017,@SpotifyCares App crashes when attempting to view artist about biography page with high-res photos.,10645,
10645,SpotifyCares,False,Sat Nov 04 11:43:00 +0000 2017,@user_spot_323_723 Hello! Reinstalling the app usually fixes persistent login session drops. Send us a DM if the issue continues! -Zoe,,10644
10646,user_spot_324_688,True,Sat Nov 04 11:42:00 +0000 2017,@SpotifyCares Updating to Spotify version 8.8.84 causes constant crash on startup on iPad Air.,10647,
10647,SpotifyCares,False,Sat Nov 04 12:02:00 +0000 2017,@user_spot_324_688 Hi! Let's do a clean reinstall to resolve crashing. Follow the step-by-step guide here: https://spoti.fi/reinstall -Zoe,,10646
10648,user_spot_325_987,True,Sat Nov 04 11:53:00 +0000 2017,@SpotifyCares App crashes when attempting to view artist about biography page with high-res photos.,10649,
10649,SpotifyCares,False,Sat Nov 04 12:14:00 +0000 2017,@user_spot_325_987 Hello! Try deleting the Spotify AppData/cache folder or reinstalling the desktop client from spotify.com/download. -Maya,,10648
10650,user_spot_326_713,True,Sat Nov 04 12:11:00 +0000 2017,@SpotifyCares Search tab is completely unresponsive and keyboard does not pop up on Android 12.,10651,
10651,SpotifyCares,False,Sat Nov 04 12:20:00 +0000 2017,"@user_spot_326_713 Hey! Try clearing app storage and cache under Settings > Storage > Clear Cache, then restart your device. -Chloe",,10650
10652,user_spot_327_378,True,Sat Nov 04 12:23:00 +0000 2017,@SpotifyCares Spotify keeps crashing on Windows 11 upon launch. Crash log generated #CR-4021.,10653,
10653,SpotifyCares,False,Sat Nov 04 12:31:00 +0000 2017,@user_spot_327_378 Hi! Disable 'Canvas' looping visuals under Settings > Playback to reduce background battery and CPU consumption. -Carlos,,10652
10654,user_spot_328_234,True,Sat Nov 04 12:42:00 +0000 2017,@SpotifyCares Mobile app is causing severe battery drain and phone overheating on Samsung Galaxy S22.,10655,
10655,SpotifyCares,False,Sat Nov 04 12:49:00 +0000 2017,@user_spot_328_234 Hi there! Does this happen on both WiFi and cellular? Let us know your Spotify version and OS build in DM! -Maya,,10654
10656,user_spot_329_412,True,Sat Nov 04 12:55:00 +0000 2017,@SpotifyCares Updating to Spotify version 8.8.72 causes constant crash on startup on Samsung Galaxy S22.,10657,
10657,SpotifyCares,False,Sat Nov 04 13:01:00 +0000 2017,@user_spot_329_412 Hi there! Does this happen on both WiFi and cellular? Let us know your Spotify version and OS build in DM! -Ryan,,10656
10658,user_spot_330_803,True,Sat Nov 04 13:03:00 +0000 2017,@SpotifyCares Spotify keeps crashing on macOS Sonoma upon launch. Crash log generated #CR-4021.,10659,
10659,SpotifyCares,False,Sat Nov 04 13:13:00 +0000 2017,@user_spot_330_803 Hello! Reinstalling the app usually fixes persistent login session drops. Send us a DM if the issue continues! -Chloe,,10658
10660,user_spot_331_718,True,Sat Nov 04 13:23:00 +0000 2017,@SpotifyCares App crashes when attempting to view artist about biography page with high-res photos.,10661,
10661,SpotifyCares,False,Sat Nov 04 13:41:00 +0000 2017,@user_spot_331_718 Hi! Disable 'Canvas' looping visuals under Settings > Playback to reduce background battery and CPU consumption. -Chloe,,10660
10662,user_spot_332_384,True,Sat Nov 04 13:32:00 +0000 2017,@SpotifyCares Spotify keeps crashing on macOS Sonoma upon launch. Crash log generated #CR-4021.,10663,
10663,SpotifyCares,False,Sat Nov 04 13:43:00 +0000 2017,@user_spot_332_384 Hello! Try deleting the Spotify AppData/cache folder or reinstalling the desktop client from spotify.com/download. -Carlos,,10662
10664,user_spot_333_242,True,Sat Nov 04 13:42:00 +0000 2017,@SpotifyCares Search tab is completely unresponsive and keyboard does not pop up on Android 14.,10665,
10665,SpotifyCares,False,Sat Nov 04 13:49:00 +0000 2017,@user_spot_333_242 Hello! Reinstalling the app usually fixes persistent login session drops. Send us a DM if the issue continues! -Ryan,,10664
10666,user_spot_334_710,True,Sat Nov 04 14:00:00 +0000 2017,@SpotifyCares Apple CarPlay screen freezes completely when opening Spotify playlists while driving.,10667,
10667,SpotifyCares,False,Sat Nov 04 14:16:00 +0000 2017,"@user_spot_334_710 Hey! Try clearing app storage and cache under Settings > Storage > Clear Cache, then restart your device. -Alex",,10666
10668,user_spot_335_713,True,Sat Nov 04 14:19:00 +0000 2017,@SpotifyCares Windows 11 app displays a blank completely black screen after login and won't load UI.,10669,
10669,SpotifyCares,False,Sat Nov 04 14:24:00 +0000 2017,@user_spot_335_713 Hi! Let's do a clean reinstall to resolve crashing. Follow the step-by-step guide here: https://spoti.fi/reinstall -Alex,,10668
10670,user_spot_336_160,True,Sat Nov 04 14:25:00 +0000 2017,@SpotifyCares App crashes when attempting to view artist about biography page with high-res photos.,10671,
10671,SpotifyCares,False,Sat Nov 04 14:45:00 +0000 2017,"@user_spot_336_160 Hey! Try clearing app storage and cache under Settings > Storage > Clear Cache, then restart your device. -Kevin",,10670
10672,user_spot_337_301,True,Sat Nov 04 14:38:00 +0000 2017,@SpotifyCares App crashes immediately upon tapping the 'Your Library' tab on Android 13.,10673,
10673,SpotifyCares,False,Sat Nov 04 14:42:00 +0000 2017,@user_spot_337_301 Hi! Let's do a clean reinstall to resolve crashing. Follow the step-by-step guide here: https://spoti.fi/reinstall -Elena,,10672
10674,user_spot_338_138,True,Sat Nov 04 14:52:00 +0000 2017,@SpotifyCares Android Auto screen freezes completely when opening Spotify playlists while driving.,10675,
10675,SpotifyCares,False,Sat Nov 04 15:16:00 +0000 2017,@user_spot_338_138 Hello! Reinstalling the app usually fixes persistent login session drops. Send us a DM if the issue continues! -Liam,,10674
10676,user_spot_339_854,True,Sat Nov 04 15:14:00 +0000 2017,@SpotifyCares Desktop client consuming over 5.1GB of RAM memory in task manager while idling.,10677,
10677,SpotifyCares,False,Sat Nov 04 15:39:00 +0000 2017,@user_spot_339_854 Hi! Disable 'Canvas' looping visuals under Settings > Playback to reduce background battery and CPU consumption. -Maya,,10676
10678,user_spot_340_482,True,Sat Nov 04 15:27:00 +0000 2017,@SpotifyCares Tesla Spotify app screen freezes completely when opening Spotify playlists while driving.,10679,
10679,SpotifyCares,False,Sat Nov 04 15:31:00 +0000 2017,@user_spot_340_482 Hey! Try disabling hardware acceleration in the Spotify Desktop menu (File/Edit > Hardware Acceleration) and restart. -Kevin,,10678
10680,user_spot_341_599,True,Sat Nov 04 15:38:00 +0000 2017,@SpotifyCares Infinite loading spinner when trying to search for songs or artist profiles on iOS 17.,10681,
10681,SpotifyCares,False,Sat Nov 04 16:03:00 +0000 2017,@user_spot_341_599 Hello! Try deleting the Spotify AppData/cache folder or reinstalling the desktop client from spotify.com/download. -Alex,,10680
10682,user_spot_342_364,True,Sat Nov 04 15:54:00 +0000 2017,@SpotifyCares Search tab is completely unresponsive and keyboard does not pop up on Android 13.,10683,
10683,SpotifyCares,False,Sat Nov 04 16:13:00 +0000 2017,@user_spot_342_364 Hi! Disable 'Canvas' looping visuals under Settings > Playback to reduce background battery and CPU consumption. -Alex,,10682
10684,user_spot_343_526,True,Sat Nov 04 16:08:00 +0000 2017,@SpotifyCares macOS Ventura app displays a blank completely black screen after login and won't load UI.,10685,
10685,SpotifyCares,False,Sat Nov 04 16:14:00 +0000 2017,"@user_spot_343_526 Hey! Send us a DM with your device model, OS version, and Spotify app version so our tech team can investigate: https://spoti.fi/dm -Zoe",,10684
10686,user_spot_344_965,True,Sat Nov 04 16:26:00 +0000 2017,@SpotifyCares App crashes when attempting to view artist about biography page with high-res photos.,10687,
10687,SpotifyCares,False,Sat Nov 04 16:45:00 +0000 2017,"@user_spot_344_965 Hey! Send us a DM with your device model, OS version, and Spotify app version so our tech team can investigate: https://spoti.fi/dm -Carlos",,10686
10688,user_spot_345_265,True,Sat Nov 04 16:30:00 +0000 2017,@SpotifyCares App freezes completely when opening playlists with more than 2500 songs on Pixel 7 Pro.,10689,
10689,SpotifyCares,False,Sat Nov 04 16:43:00 +0000 2017,@user_spot_345_265 Hi! Disable 'Canvas' looping visuals under Settings > Playback to reduce background battery and CPU consumption. -Liam,,10688
10690,user_spot_346_237,True,Sat Nov 04 16:49:00 +0000 2017,@SpotifyCares App freezes completely when opening playlists with more than 1000 songs on iPhone 14 Pro.,10691,
10691,SpotifyCares,False,Sat Nov 04 17:12:00 +0000 2017,@user_spot_346_237 Hello! Reinstalling the app usually fixes persistent login session drops. Send us a DM if the issue continues! -Daniel,,10690
10692,user_spot_347_333,True,Sat Nov 04 17:04:00 +0000 2017,@SpotifyCares App crashes immediately upon tapping the 'Your Library' tab on iOS 15.,10693,
10693,SpotifyCares,False,Sat Nov 04 17:19:00 +0000 2017,@user_spot_347_333 Hello! Reinstalling the app usually fixes persistent login session drops. Send us a DM if the issue continues! -Emma,,10692
10694,user_spot_348_586,True,Sat Nov 04 17:17:00 +0000 2017,@SpotifyCares Desktop app will not open on Windows 10 startup even though 'Open Spotify automatically' is enabled.,10695,
10695,SpotifyCares,False,Sat Nov 04 17:21:00 +0000 2017,@user_spot_348_586 Hello! Reinstalling the app usually fixes persistent login session drops. Send us a DM if the issue continues! -Sarah,,10694
10696,user_spot_349_821,True,Sat Nov 04 17:34:00 +0000 2017,@SpotifyCares App hangs and becomes unresponsive when opening the Equalizer menu on iPad Air.,10697,
10697,SpotifyCares,False,Sat Nov 04 17:41:00 +0000 2017,@user_spot_349_821 Hi! Let's do a clean reinstall to resolve crashing. Follow the step-by-step guide here: https://spoti.fi/reinstall -Chloe,,10696
10698,user_spot_350_761,True,Sat Nov 04 17:50:00 +0000 2017,@SpotifyCares Spotify keeps crashing on macOS Sonoma upon launch. Crash log generated #CR-9921.,10699,
10699,SpotifyCares,False,Sat Nov 04 18:11:00 +0000 2017,@user_spot_350_761 Hi there! Does this happen on both WiFi and cellular? Let us know your Spotify version and OS build in DM! -Sarah,,10698
10700,user_spot_351_531,True,Sat Nov 04 18:02:00 +0000 2017,@SpotifyCares App crashes when attempting to view artist about biography page with high-res photos.,10701,
10701,SpotifyCares,False,Sat Nov 04 18:26:00 +0000 2017,@user_spot_351_531 Hi! Let's do a clean reinstall to resolve crashing. Follow the step-by-step guide here: https://spoti.fi/reinstall -Liam,,10700
10702,user_spot_352_729,True,Sat Nov 04 18:08:00 +0000 2017,@SpotifyCares macOS Monterey app displays a blank completely black screen after login and won't load UI.,10703,
10703,SpotifyCares,False,Sat Nov 04 18:23:00 +0000 2017,@user_spot_352_729 Hi! Disable 'Canvas' looping visuals under Settings > Playback to reduce background battery and CPU consumption. -Kevin,,10702
10704,user_spot_353_180,True,Sat Nov 04 18:30:00 +0000 2017,@SpotifyCares Updating to Spotify version 8.8.72 causes constant crash on startup on iPad Air.,10705,
10705,SpotifyCares,False,Sat Nov 04 18:34:00 +0000 2017,@user_spot_353_180 Hi! Disable 'Canvas' looping visuals under Settings > Playback to reduce background battery and CPU consumption. -Liam,,10704
10706,user_spot_354_426,True,Sat Nov 04 18:42:00 +0000 2017,@SpotifyCares Updating to Spotify version 8.9.22 causes constant crash on startup on Pixel 7 Pro.,10707,
10707,SpotifyCares,False,Sat Nov 04 19:02:00 +0000 2017,@user_spot_354_426 Hi there! Does this happen on both WiFi and cellular? Let us know your Spotify version and OS build in DM! -Carlos,,10706
10708,user_spot_355_675,True,Sat Nov 04 19:00:00 +0000 2017,@SpotifyCares macOS Ventura app displays a blank completely black screen after login and won't load UI.,10709,
10709,SpotifyCares,False,Sat Nov 04 19:05:00 +0000 2017,@user_spot_355_675 Hi! Let's do a clean reinstall to resolve crashing. Follow the step-by-step guide here: https://spoti.fi/reinstall -Emma,,10708
10710,user_spot_356_307,True,Sat Nov 04 19:08:00 +0000 2017,@SpotifyCares App crashes immediately upon tapping the 'Your Library' tab on iOS 15.,10711,
10711,SpotifyCares,False,Sat Nov 04 19:29:00 +0000 2017,"@user_spot_356_307 Hey! Try clearing app storage and cache under Settings > Storage > Clear Cache, then restart your device. -Chloe",,10710
10712,user_spot_357_556,True,Sat Nov 04 19:25:00 +0000 2017,@SpotifyCares App crashes immediately upon tapping the 'Your Library' tab on iOS 17.,10713,
10713,SpotifyCares,False,Sat Nov 04 19:37:00 +0000 2017,@user_spot_357_556 Hi! Disable 'Canvas' looping visuals under Settings > Playback to reduce background battery and CPU consumption. -Carlos,,10712
10714,user_spot_358_782,True,Sat Nov 04 19:34:00 +0000 2017,@SpotifyCares Desktop app will not open on macOS Monterey startup even though 'Open Spotify automatically' is enabled.,10715,
10715,SpotifyCares,False,Sat Nov 04 19:43:00 +0000 2017,@user_spot_358_782 Hi! Let's do a clean reinstall to resolve crashing. Follow the step-by-step guide here: https://spoti.fi/reinstall -Sarah,,10714
10716,user_spot_359_618,True,Sat Nov 04 19:55:00 +0000 2017,@SpotifyCares App crashes when attempting to view artist about biography page with high-res photos.,10717,
10717,SpotifyCares,False,Sat Nov 04 20:08:00 +0000 2017,@user_spot_359_618 Hi there! Does this happen on both WiFi and cellular? Let us know your Spotify version and OS build in DM! -Carlos,,10716
10718,user_spot_360_121,True,Sat Nov 04 20:00:00 +0000 2017,@SpotifyCares App crashes immediately upon tapping the 'Your Library' tab on iOS 16.,10719,
10719,SpotifyCares,False,Sat Nov 04 20:16:00 +0000 2017,"@user_spot_360_121 Hey! Try clearing app storage and cache under Settings > Storage > Clear Cache, then restart your device. -Maya",,10718
10720,user_spot_361_493,True,Sat Nov 04 20:20:00 +0000 2017,@SpotifyCares App crashes when attempting to view artist about biography page with high-res photos.,10721,
10721,SpotifyCares,False,Sat Nov 04 20:38:00 +0000 2017,"@user_spot_361_493 Hey! Send us a DM with your device model, OS version, and Spotify app version so our tech team can investigate: https://spoti.fi/dm -Sarah",,10720
10722,user_spot_362_461,True,Sat Nov 04 20:36:00 +0000 2017,@SpotifyCares Mobile app is causing severe battery drain and phone overheating on iPhone 14 Pro.,10723,
10723,SpotifyCares,False,Sat Nov 04 20:43:00 +0000 2017,@user_spot_362_461 Hello! Try deleting the Spotify AppData/cache folder or reinstalling the desktop client from spotify.com/download. -Sarah,,10722
10724,user_spot_363_401,True,Sat Nov 04 20:50:00 +0000 2017,@SpotifyCares Infinite loading spinner when trying to search for songs or artist profiles on Android 14.,10725,
10725,SpotifyCares,False,Sat Nov 04 20:58:00 +0000 2017,"@user_spot_363_401 Hey! Send us a DM with your device model, OS version, and Spotify app version so our tech team can investigate: https://spoti.fi/dm -Zoe",,10724
10726,user_spot_364_944,True,Sat Nov 04 20:56:00 +0000 2017,@SpotifyCares App hangs and becomes unresponsive when opening the Equalizer menu on Pixel 7 Pro.,10727,
10727,SpotifyCares,False,Sat Nov 04 21:11:00 +0000 2017,@user_spot_364_944 Hi! Disable 'Canvas' looping visuals under Settings > Playback to reduce background battery and CPU consumption. -Ryan,,10726
10728,user_spot_365_871,True,Sat Nov 04 21:10:00 +0000 2017,@SpotifyCares Desktop app will not open on Windows 10 startup even though 'Open Spotify automatically' is enabled.,10729,
10729,SpotifyCares,False,Sat Nov 04 21:26:00 +0000 2017,@user_spot_365_871 Hi! Disable 'Canvas' looping visuals under Settings > Playback to reduce background battery and CPU consumption. -Chloe,,10728
10730,user_spot_366_737,True,Sat Nov 04 21:30:00 +0000 2017,@SpotifyCares Mobile app is causing severe battery drain and phone overheating on OnePlus 11.,10731,
10731,SpotifyCares,False,Sat Nov 04 21:38:00 +0000 2017,@user_spot_366_737 Hello! Reinstalling the app usually fixes persistent login session drops. Send us a DM if the issue continues! -Elena,,10730
10732,user_spot_367_547,True,Sat Nov 04 21:43:00 +0000 2017,@SpotifyCares App hangs and becomes unresponsive when opening the Equalizer menu on iPhone 14 Pro.,10733,
10733,SpotifyCares,False,Sat Nov 04 22:05:00 +0000 2017,@user_spot_367_547 Hi! Disable 'Canvas' looping visuals under Settings > Playback to reduce background battery and CPU consumption. -Maya,,10732
10734,user_spot_368_525,True,Sat Nov 04 21:53:00 +0000 2017,@SpotifyCares App crashes when attempting to view artist about biography page with high-res photos.,10735,
10735,SpotifyCares,False,Sat Nov 04 22:06:00 +0000 2017,@user_spot_368_525 Hey! Try disabling hardware acceleration in the Spotify Desktop menu (File/Edit > Hardware Acceleration) and restart. -Alex,,10734
10736,user_spot_369_555,True,Sat Nov 04 22:13:00 +0000 2017,@SpotifyCares Updating to Spotify version 8.8.84 causes constant crash on startup on iPad Air.,10737,
10737,SpotifyCares,False,Sat Nov 04 22:31:00 +0000 2017,@user_spot_369_555 Hi there! Does this happen on both WiFi and cellular? Let us know your Spotify version and OS build in DM! -Maya,,10736
10738,user_spot_370_737,True,Sat Nov 04 22:25:00 +0000 2017,@SpotifyCares Windows 10 app displays a blank completely black screen after login and won't load UI.,10739,
10739,SpotifyCares,False,Sat Nov 04 22:40:00 +0000 2017,@user_spot_370_737 Hello! Reinstalling the app usually fixes persistent login session drops. Send us a DM if the issue continues! -Daniel,,10738
10740,user_spot_371_926,True,Sat Nov 04 22:36:00 +0000 2017,@SpotifyCares Desktop app will not open on Windows 11 startup even though 'Open Spotify automatically' is enabled.,10741,
10741,SpotifyCares,False,Sat Nov 04 22:46:00 +0000 2017,@user_spot_371_926 Hello! Try deleting the Spotify AppData/cache folder or reinstalling the desktop client from spotify.com/download. -Kevin,,10740
10742,user_spot_372_150,True,Sat Nov 04 22:54:00 +0000 2017,@SpotifyCares Keep getting logged out of the mobile app every time I close it on Android 14.,10743,
10743,SpotifyCares,False,Sat Nov 04 23:05:00 +0000 2017,@user_spot_372_150 Hi! Let's do a clean reinstall to resolve crashing. Follow the step-by-step guide here: https://spoti.fi/reinstall -Ryan,,10742
10744,user_spot_373_538,True,Sat Nov 04 23:06:00 +0000 2017,@SpotifyCares App UI flickers and restarts every time bluetooth connects or disconnects in the car.,10745,
10745,SpotifyCares,False,Sat Nov 04 23:12:00 +0000 2017,"@user_spot_373_538 Hey! Send us a DM with your device model, OS version, and Spotify app version so our tech team can investigate: https://spoti.fi/dm -Sarah",,10744
10746,user_spot_374_536,True,Sat Nov 04 23:23:00 +0000 2017,@SpotifyCares App crashes immediately upon tapping the 'Your Library' tab on Android 13.,10747,
10747,SpotifyCares,False,Sat Nov 04 23:42:00 +0000 2017,@user_spot_374_536 Hi there! Does this happen on both WiFi and cellular? Let us know your Spotify version and OS build in DM! -Alex,,10746
10748,user_spot_375_243,True,Sat Nov 04 23:36:00 +0000 2017,@SpotifyCares Mobile app is causing severe battery drain and phone overheating on OnePlus 11.,10749,
10749,SpotifyCares,False,Sat Nov 04 23:57:00 +0000 2017,"@user_spot_375_243 Hey! Try clearing app storage and cache under Settings > Storage > Clear Cache, then restart your device. -Carlos",,10748
10750,user_spot_376_212,True,Sat Nov 04 23:46:00 +0000 2017,@SpotifyCares App crashes when attempting to view artist about biography page with high-res photos.,10751,
10751,SpotifyCares,False,Sun Nov 05 00:06:00 +0000 2017,@user_spot_376_212 Hello! Reinstalling the app usually fixes persistent login session drops. Send us a DM if the issue continues! -Emma,,10750
10752,user_spot_377_840,True,Sun Nov 05 00:05:00 +0000 2017,@SpotifyCares macOS Ventura app displays a blank completely black screen after login and won't load UI.,10753,
10753,SpotifyCares,False,Sun Nov 05 00:15:00 +0000 2017,"@user_spot_377_840 Hey! Send us a DM with your device model, OS version, and Spotify app version so our tech team can investigate: https://spoti.fi/dm -Zoe",,10752
10754,user_spot_378_641,True,Sun Nov 05 00:21:00 +0000 2017,@SpotifyCares Android Auto screen freezes completely when opening Spotify playlists while driving.,10755,
10755,SpotifyCares,False,Sun Nov 05 00:37:00 +0000 2017,@user_spot_378_641 Hey! Try disabling hardware acceleration in the Spotify Desktop menu (File/Edit > Hardware Acceleration) and restart. -Emma,,10754
10756,user_spot_379_951,True,Sun Nov 05 00:26:00 +0000 2017,@SpotifyCares Mobile app is causing severe battery drain and phone overheating on Samsung Galaxy S22.,10757,
10757,SpotifyCares,False,Sun Nov 05 00:31:00 +0000 2017,@user_spot_379_951 Hi there! Does this happen on both WiFi and cellular? Let us know your Spotify version and OS build in DM! -Kevin,,10756
10758,user_spot_380_998,True,Sun Nov 05 00:40:00 +0000 2017,@SpotifyCares Infinite loading spinner when trying to search for songs or artist profiles on iOS 16.,10759,
10759,SpotifyCares,False,Sun Nov 05 00:51:00 +0000 2017,@user_spot_380_998 Hi there! Does this happen on both WiFi and cellular? Let us know your Spotify version and OS build in DM! -Maya,,10758
10760,user_spot_381_153,True,Sun Nov 05 00:59:00 +0000 2017,@SpotifyCares Spotify keeps crashing on macOS Ventura upon launch. Crash log generated #CR-4021.,10761,
10761,SpotifyCares,False,Sun Nov 05 01:04:00 +0000 2017,@user_spot_381_153 Hi! Disable 'Canvas' looping visuals under Settings > Playback to reduce background battery and CPU consumption. -Liam,,10760
10762,user_spot_382_188,True,Sun Nov 05 01:08:00 +0000 2017,@SpotifyCares App crashes when attempting to view artist about biography page with high-res photos.,10763,
10763,SpotifyCares,False,Sun Nov 05 01:15:00 +0000 2017,@user_spot_382_188 Hello! Reinstalling the app usually fixes persistent login session drops. Send us a DM if the issue continues! -Sarah,,10762
10764,user_spot_383_795,True,Sun Nov 05 01:27:00 +0000 2017,@SpotifyCares Infinite loading spinner when trying to search for songs or artist profiles on Android 14.,10765,
10765,SpotifyCares,False,Sun Nov 05 01:52:00 +0000 2017,"@user_spot_383_795 Hey! Send us a DM with your device model, OS version, and Spotify app version so our tech team can investigate: https://spoti.fi/dm -Daniel",,10764
10766,user_spot_384_913,True,Sun Nov 05 01:38:00 +0000 2017,@SpotifyCares Updating to Spotify version 8.9.22 causes constant crash on startup on iPad Air.,10767,
10767,SpotifyCares,False,Sun Nov 05 01:47:00 +0000 2017,@user_spot_384_913 Hey! Try disabling hardware acceleration in the Spotify Desktop menu (File/Edit > Hardware Acceleration) and restart. -Emma,,10766
10768,user_spot_385_841,True,Sun Nov 05 01:51:00 +0000 2017,@SpotifyCares Search tab is completely unresponsive and keyboard does not pop up on iOS 16.,10769,
10769,SpotifyCares,False,Sun Nov 05 02:02:00 +0000 2017,@user_spot_385_841 Hi there! Does this happen on both WiFi and cellular? Let us know your Spotify version and OS build in DM! -Maya,,10768
10770,user_spot_386_497,True,Sun Nov 05 02:14:00 +0000 2017,@SpotifyCares App hangs and becomes unresponsive when opening the Equalizer menu on OnePlus 11.,10771,
10771,SpotifyCares,False,Sun Nov 05 02:30:00 +0000 2017,@user_spot_386_497 Hi! Let's do a clean reinstall to resolve crashing. Follow the step-by-step guide here: https://spoti.fi/reinstall -Elena,,10770
10772,user_spot_387_804,True,Sun Nov 05 02:20:00 +0000 2017,@SpotifyCares Desktop client consuming over 2.5GB of RAM memory in task manager while idling.,10773,
10773,SpotifyCares,False,Sun Nov 05 02:24:00 +0000 2017,@user_spot_387_804 Hello! Reinstalling the app usually fixes persistent login session drops. Send us a DM if the issue continues! -Elena,,10772
10774,user_spot_388_565,True,Sun Nov 05 02:33:00 +0000 2017,@SpotifyCares Spotify keeps crashing on macOS Sonoma upon launch. Crash log generated #CR-9921.,10775,
10775,SpotifyCares,False,Sun Nov 05 02:44:00 +0000 2017,@user_spot_388_565 Hi! Let's do a clean reinstall to resolve crashing. Follow the step-by-step guide here: https://spoti.fi/reinstall -Daniel,,10774
10776,user_spot_389_973,True,Sun Nov 05 02:54:00 +0000 2017,@SpotifyCares Keep getting logged out of the mobile app every time I close it on iOS 17.,10777,
10777,SpotifyCares,False,Sun Nov 05 03:18:00 +0000 2017,@user_spot_389_973 Hey! Try disabling hardware acceleration in the Spotify Desktop menu (File/Edit > Hardware Acceleration) and restart. -Zoe,,10776
10778,user_spot_390_733,True,Sun Nov 05 03:06:00 +0000 2017,@SpotifyCares Mobile app is causing severe battery drain and phone overheating on iPad Air.,10779,
10779,SpotifyCares,False,Sun Nov 05 03:25:00 +0000 2017,@user_spot_390_733 Hey! Try disabling hardware acceleration in the Spotify Desktop menu (File/Edit > Hardware Acceleration) and restart. -Zoe,,10778
10780,user_spot_391_716,True,Sun Nov 05 03:14:00 +0000 2017,@SpotifyCares Spotify keeps crashing on macOS Monterey upon launch. Crash log generated #CR-8732.,10781,
10781,SpotifyCares,False,Sun Nov 05 03:18:00 +0000 2017,@user_spot_391_716 Hi! Let's do a clean reinstall to resolve crashing. Follow the step-by-step guide here: https://spoti.fi/reinstall -Kevin,,10780
10782,user_spot_392_367,True,Sun Nov 05 03:37:00 +0000 2017,@SpotifyCares App UI flickers and restarts every time bluetooth connects or disconnects in the car.,10783,
10783,SpotifyCares,False,Sun Nov 05 03:47:00 +0000 2017,@user_spot_392_367 Hello! Try deleting the Spotify AppData/cache folder or reinstalling the desktop client from spotify.com/download. -Kevin,,10782
10784,user_spot_393_886,True,Sun Nov 05 03:44:00 +0000 2017,@SpotifyCares App UI flickers and restarts every time bluetooth connects or disconnects in the car.,10785,
10785,SpotifyCares,False,Sun Nov 05 03:53:00 +0000 2017,"@user_spot_393_886 Hey! Send us a DM with your device model, OS version, and Spotify app version so our tech team can investigate: https://spoti.fi/dm -Daniel",,10784
10786,user_spot_394_574,True,Sun Nov 05 04:03:00 +0000 2017,@SpotifyCares App UI flickers and restarts every time bluetooth connects or disconnects in the car.,10787,
10787,SpotifyCares,False,Sun Nov 05 04:12:00 +0000 2017,@user_spot_394_574 Hello! Try deleting the Spotify AppData/cache folder or reinstalling the desktop client from spotify.com/download. -Ryan,,10786
10788,user_spot_395_849,True,Sun Nov 05 04:14:00 +0000 2017,@SpotifyCares Keep getting logged out of the mobile app every time I close it on Android 14.,10789,
10789,SpotifyCares,False,Sun Nov 05 04:21:00 +0000 2017,@user_spot_395_849 Hey! Try disabling hardware acceleration in the Spotify Desktop menu (File/Edit > Hardware Acceleration) and restart. -Kevin,,10788
10790,user_spot_396_317,True,Sun Nov 05 04:29:00 +0000 2017,@SpotifyCares App UI flickers and restarts every time bluetooth connects or disconnects in the car.,10791,
10791,SpotifyCares,False,Sun Nov 05 04:40:00 +0000 2017,"@user_spot_396_317 Hey! Send us a DM with your device model, OS version, and Spotify app version so our tech team can investigate: https://spoti.fi/dm -Ryan",,10790
10792,user_spot_397_187,True,Sun Nov 05 04:46:00 +0000 2017,@SpotifyCares App crashes when attempting to view artist about biography page with high-res photos.,10793,
10793,SpotifyCares,False,Sun Nov 05 05:09:00 +0000 2017,@user_spot_397_187 Hi! Let's do a clean reinstall to resolve crashing. Follow the step-by-step guide here: https://spoti.fi/reinstall -Elena,,10792
10794,user_spot_398_913,True,Sun Nov 05 04:55:00 +0000 2017,@SpotifyCares Keep getting logged out of the mobile app every time I close it on iOS 16.,10795,
10795,SpotifyCares,False,Sun Nov 05 05:12:00 +0000 2017,@user_spot_398_913 Hey! Try disabling hardware acceleration in the Spotify Desktop menu (File/Edit > Hardware Acceleration) and restart. -Liam,,10794
10796,user_spot_399_504,True,Sun Nov 05 05:06:00 +0000 2017,@SpotifyCares App crashes when attempting to view artist about biography page with high-res photos.,10797,
10797,SpotifyCares,False,Sun Nov 05 05:13:00 +0000 2017,@user_spot_399_504 Hello! Try deleting the Spotify AppData/cache folder or reinstalling the desktop client from spotify.com/download. -Ryan,,10796
10798,user_spot_400_107,True,Sun Nov 05 05:30:00 +0000 2017,@SpotifyCares App crashes immediately upon tapping the 'Your Library' tab on Android 13.,10799,
10799,SpotifyCares,False,Sun Nov 05 05:44:00 +0000 2017,@user_spot_400_107 Hi! Disable 'Canvas' looping visuals under Settings > Playback to reduce background battery and CPU consumption. -Elena,,10798
10800,user_spot_401_207,True,Sun Nov 05 05:43:00 +0000 2017,@SpotifyCares Infinite loading spinner when trying to search for songs or artist profiles on Android 13.,10801,
10801,SpotifyCares,False,Sun Nov 05 06:01:00 +0000 2017,@user_spot_401_207 Hi there! Does this happen on both WiFi and cellular? Let us know your Spotify version and OS build in DM! -Carlos,,10800
10802,user_spot_402_872,True,Sun Nov 05 05:53:00 +0000 2017,@SpotifyCares App freezes completely when opening playlists with more than 1000 songs on Samsung Galaxy S22.,10803,
10803,SpotifyCares,False,Sun Nov 05 06:00:00 +0000 2017,@user_spot_402_872 Hi! Disable 'Canvas' looping visuals under Settings > Playback to reduce background battery and CPU consumption. -Emma,,10802
10804,user_spot_403_658,True,Sun Nov 05 06:04:00 +0000 2017,@SpotifyCares App UI flickers and restarts every time bluetooth connects or disconnects in the car.,10805,
10805,SpotifyCares,False,Sun Nov 05 06:20:00 +0000 2017,@user_spot_403_658 Hi! Disable 'Canvas' looping visuals under Settings > Playback to reduce background battery and CPU consumption. -Alex,,10804
10806,user_spot_404_482,True,Sun Nov 05 06:17:00 +0000 2017,@SpotifyCares macOS Monterey app displays a blank completely black screen after login and won't load UI.,10807,
10807,SpotifyCares,False,Sun Nov 05 06:36:00 +0000 2017,@user_spot_404_482 Hi there! Does this happen on both WiFi and cellular? Let us know your Spotify version and OS build in DM! -Alex,,10806
10808,user_spot_405_587,True,Sun Nov 05 06:39:00 +0000 2017,@SpotifyCares App UI flickers and restarts every time bluetooth connects or disconnects in the car.,10809,
10809,SpotifyCares,False,Sun Nov 05 06:53:00 +0000 2017,@user_spot_405_587 Hey! Try disabling hardware acceleration in the Spotify Desktop menu (File/Edit > Hardware Acceleration) and restart. -Chloe,,10808
10810,user_spot_406_155,True,Sun Nov 05 06:46:00 +0000 2017,@SpotifyCares Spotify Connect on my HomePod mini is constantly stuttering and pausing mid-song.,10811,
10811,SpotifyCares,False,Sun Nov 05 06:57:00 +0000 2017,@user_spot_406_155 Hey! Unlink and re-link your Spotify account in the Alexa/Google Home companion app to refresh the token. -Daniel,,10810
10812,user_spot_407_208,True,Sun Nov 05 06:59:00 +0000 2017,@SpotifyCares Volume controls on HomePod mini don't respond when adjusting volume from the phone app.,10813,
10813,SpotifyCares,False,Sun Nov 05 07:21:00 +0000 2017,@user_spot_407_208 Hey! Make sure Spotify is set as the default music provider in your voice assistant settings. DM us if you need help! -Alex,,10812
10814,user_spot_408_904,True,Sun Nov 05 07:17:00 +0000 2017,@SpotifyCares Spotify Connect switches output playback to my HomePod mini randomly when I come home.,10815,
10815,SpotifyCares,False,Sun Nov 05 07:28:00 +0000 2017,"@user_spot_408_904 Hi! Power cycle your router and speakers, and make sure both your phone and speakers are on the same 2.4GHz/5GHz WiFi band. -Maya",,10814
10816,user_spot_409_515,True,Sun Nov 05 07:26:00 +0000 2017,"@SpotifyCares Google Assistant says 'Something went wrong, please try again' when asking to play Spotify playlists.",10817,
10817,SpotifyCares,False,Sun Nov 05 07:30:00 +0000 2017,@user_spot_409_515 Hey! Make sure Spotify is set as the default music provider in your voice assistant settings. DM us if you need help! -Sarah,,10816
10818,user_spot_410_293,True,Sun Nov 05 07:50:00 +0000 2017,@SpotifyCares Is there an official Spotify app for Apple Watch Series 7 with offline playback?,10819,
10819,SpotifyCares,False,Sun Nov 05 08:02:00 +0000 2017,"@user_spot_410_293 Hi! Power cycle your router and speakers, and make sure both your phone and speakers are on the same 2.4GHz/5GHz WiFi band. -Carlos",,10818
10820,user_spot_411_332,True,Sun Nov 05 07:59:00 +0000 2017,@SpotifyCares Volume controls on Amazon Echo Dot don't respond when adjusting volume from the phone app.,10821,
10821,SpotifyCares,False,Sun Nov 05 08:23:00 +0000 2017,@user_spot_411_332 Hey! Unlink and re-link your Spotify account in the Alexa/Google Home companion app to refresh the token. -Chloe,,10820
10822,user_spot_412_852,True,Sun Nov 05 08:18:00 +0000 2017,@SpotifyCares Can I use Spotify Connect to stream across multiple speakers in different rooms at the same time?,10823,
10823,SpotifyCares,False,Sun Nov 05 08:35:00 +0000 2017,"@user_spot_412_852 Hello! On consoles, open Spotify in the quick menu overlay and adjust the Sound/Mix balance slider. -Zoe",,10822
10824,user_spot_413_795,True,Sun Nov 05 08:24:00 +0000 2017,@SpotifyCares My Harman Kardon speakers can no longer find Spotify Connect after the firmware update.,10825,
10825,SpotifyCares,False,Sun Nov 05 08:42:00 +0000 2017,@user_spot_413_795 Hi there! Check our smart watch setup guide here: https://spoti.fi/wearables to ensure proper offline sync setup. -Elena,,10824
10826,user_spot_414_188,True,Sun Nov 05 08:41:00 +0000 2017,@SpotifyCares Spotify Connect switches output playback to my Echo Studio randomly when I come home.,10827,
10827,SpotifyCares,False,Sun Nov 05 09:05:00 +0000 2017,@user_spot_414_188 Hello! Try reinstalling the Spotify app on your Smart TV or clearing TV app cache from TV system settings. -Alex,,10826
10828,user_spot_415_934,True,Sun Nov 05 08:55:00 +0000 2017,@SpotifyCares PlayStation 4 game audio volume slider doesn't balance background Spotify music properly.,10829,
10829,SpotifyCares,False,Sun Nov 05 09:08:00 +0000 2017,@user_spot_415_934 Hey! Make sure Spotify is set as the default music provider in your voice assistant settings. DM us if you need help! -Alex,,10828
10830,user_spot_416_832,True,Sun Nov 05 09:13:00 +0000 2017,@SpotifyCares Can I use Spotify Connect to stream across multiple speakers in different rooms at the same time?,10831,
10831,SpotifyCares,False,Sun Nov 05 09:18:00 +0000 2017,@user_spot_416_832 Hey! Make sure Spotify is set as the default music provider in your voice assistant settings. DM us if you need help! -Ryan,,10830
10832,user_spot_417_957,True,Sun Nov 05 09:21:00 +0000 2017,@SpotifyCares Can't connect Spotify to Kenwood receiver via Bluetooth auto-connect.,10833,
10833,SpotifyCares,False,Sun Nov 05 09:26:00 +0000 2017,@user_spot_417_957 Hey! Make sure Spotify is set as the default music provider in your voice assistant settings. DM us if you need help! -Emma,,10832
10834,user_spot_418_497,True,Sun Nov 05 09:33:00 +0000 2017,@SpotifyCares Fire TV Stick 4K audio is 3 seconds out of sync with video podcasts on TV.,10835,
10835,SpotifyCares,False,Sun Nov 05 09:37:00 +0000 2017,"@user_spot_418_497 Hello! On consoles, open Spotify in the quick menu overlay and adjust the Sound/Mix balance slider. -Alex",,10834
10836,user_spot_419_939,True,Sun Nov 05 09:47:00 +0000 2017,@SpotifyCares Roku streaming stick audio is 3 seconds out of sync with video podcasts on TV.,10837,
10837,SpotifyCares,False,Sun Nov 05 09:59:00 +0000 2017,@user_spot_419_939 Hey! Unlink and re-link your Spotify account in the Alexa/Google Home companion app to refresh the token. -Carlos,,10836
10838,user_spot_420_166,True,Sun Nov 05 10:07:00 +0000 2017,@SpotifyCares Voice commands on Siri voice control only play 30-second previews instead of full songs on Premium.,10839,
10839,SpotifyCares,False,Sun Nov 05 10:14:00 +0000 2017,"@user_spot_420_166 Hey! Send us a DM with your speaker brand, router model, and Spotify app version so we can assist: https://spoti.fi/dm -Emma",,10838
10840,user_spot_421_589,True,Sun Nov 05 10:15:00 +0000 2017,@SpotifyCares Spotify Connect on my HomePod mini is constantly stuttering and pausing mid-song.,10841,
10841,SpotifyCares,False,Sun Nov 05 10:25:00 +0000 2017,"@user_spot_421_589 Hey! Send us a DM with your speaker brand, router model, and Spotify app version so we can assist: https://spoti.fi/dm -Alex",,10840
10842,user_spot_422_159,True,Sun Nov 05 10:35:00 +0000 2017,@SpotifyCares Garmin Forerunner won't sync Spotify offline playlists via WiFi connection error code #SYNC-401.,10843,
10843,SpotifyCares,False,Sun Nov 05 10:55:00 +0000 2017,"@user_spot_422_159 Hi! Multi-room audio is supported through speaker groups created in the Google Home, Alexa, or Sonos companion app! -Chloe",,10842
10844,user_spot_423_279,True,Sun Nov 05 10:43:00 +0000 2017,@SpotifyCares Is there an official Spotify app for Apple Watch Series 7 with offline playback?,10845,
10845,SpotifyCares,False,Sun Nov 05 11:00:00 +0000 2017,"@user_spot_423_279 Hey! Send us a DM with your speaker brand, router model, and Spotify app version so we can assist: https://spoti.fi/dm -Emma",,10844
10846,user_spot_424_385,True,Sun Nov 05 11:03:00 +0000 2017,@SpotifyCares Is there an official Spotify app for Galaxy Watch 5 with offline playback?,10847,
10847,SpotifyCares,False,Sun Nov 05 11:20:00 +0000 2017,@user_spot_424_385 Hey! Unlink and re-link your Spotify account in the Alexa/Google Home companion app to refresh the token. -Zoe,,10846
10848,user_spot_425_563,True,Sun Nov 05 11:10:00 +0000 2017,@SpotifyCares Can I use Spotify Connect to stream across multiple speakers in different rooms at the same time?,10849,
10849,SpotifyCares,False,Sun Nov 05 11:30:00 +0000 2017,@user_spot_425_563 Hey! Unlink and re-link your Spotify account in the Alexa/Google Home companion app to refresh the token. -Carlos,,10848
10850,user_spot_426_915,True,Sun Nov 05 11:34:00 +0000 2017,@SpotifyCares Spotify Connect device list keeps disappearing and reappearing every few seconds on Windows 10.,10851,
10851,SpotifyCares,False,Sun Nov 05 11:39:00 +0000 2017,"@user_spot_426_915 Hello! On consoles, open Spotify in the quick menu overlay and adjust the Sound/Mix balance slider. -Emma",,10850
10852,user_spot_427_115,True,Sun Nov 05 11:44:00 +0000 2017,@SpotifyCares Can I use Spotify Connect to stream across multiple speakers in different rooms at the same time?,10853,
10853,SpotifyCares,False,Sun Nov 05 11:53:00 +0000 2017,"@user_spot_427_115 Hello! On consoles, open Spotify in the quick menu overlay and adjust the Sound/Mix balance slider. -Sarah",,10852
10854,user_spot_428_425,True,Sun Nov 05 11:53:00 +0000 2017,@SpotifyCares Is there an official Spotify app for Galaxy Watch 5 with offline playback?,10855,
10855,SpotifyCares,False,Sun Nov 05 12:05:00 +0000 2017,@user_spot_428_425 Hey! Make sure Spotify is set as the default music provider in your voice assistant settings. DM us if you need help! -Carlos,,10854
10856,user_spot_429_833,True,Sun Nov 05 12:14:00 +0000 2017,@SpotifyCares Can I use Spotify Connect to stream across multiple speakers in different rooms at the same time?,10857,
10857,SpotifyCares,False,Sun Nov 05 12:39:00 +0000 2017,@user_spot_429_833 Hello! Try reinstalling the Spotify app on your Smart TV or clearing TV app cache from TV system settings. -Chloe,,10856
10858,user_spot_430_761,True,Sun Nov 05 12:20:00 +0000 2017,"@SpotifyCares Siri voice control says 'Something went wrong, please try again' when asking to play Spotify playlists.",10859,
10859,SpotifyCares,False,Sun Nov 05 12:26:00 +0000 2017,"@user_spot_430_761 Hello! On consoles, open Spotify in the quick menu overlay and adjust the Sound/Mix balance slider. -Alex",,10858
10860,user_spot_431_956,True,Sun Nov 05 12:41:00 +0000 2017,@SpotifyCares Spotify Connect device list keeps disappearing and reappearing every few seconds on macOS Ventura.,10861,
10861,SpotifyCares,False,Sun Nov 05 12:47:00 +0000 2017,@user_spot_431_956 Hello! Try reinstalling the Spotify app on your Smart TV or clearing TV app cache from TV system settings. -Liam,,10860
10862,user_spot_432_240,True,Sun Nov 05 12:51:00 +0000 2017,@SpotifyCares My Audio Pro speakers can no longer find Spotify Connect after the firmware update.,10863,
10863,SpotifyCares,False,Sun Nov 05 12:58:00 +0000 2017,"@user_spot_432_240 Hi! Multi-room audio is supported through speaker groups created in the Google Home, Alexa, or Sonos companion app! -Liam",,10862
10864,user_spot_433_375,True,Sun Nov 05 13:07:00 +0000 2017,@SpotifyCares Xbox Series X game audio volume slider doesn't balance background Spotify music properly.,10865,
10865,SpotifyCares,False,Sun Nov 05 13:24:00 +0000 2017,@user_spot_433_375 Hi there! Check our smart watch setup guide here: https://spoti.fi/wearables to ensure proper offline sync setup. -Maya,,10864
10866,user_spot_434_537,True,Sun Nov 05 13:16:00 +0000 2017,@SpotifyCares Volume controls on Sonos One don't respond when adjusting volume from the phone app.,10867,
10867,SpotifyCares,False,Sun Nov 05 13:29:00 +0000 2017,@user_spot_434_537 Hi there! Check our smart watch setup guide here: https://spoti.fi/wearables to ensure proper offline sync setup. -Ryan,,10866
10868,user_spot_435_445,True,Sun Nov 05 13:30:00 +0000 2017,@SpotifyCares Apple TV 4K audio is 3 seconds out of sync with video podcasts on TV.,10869,
10869,SpotifyCares,False,Sun Nov 05 13:41:00 +0000 2017,"@user_spot_435_445 Hello! On consoles, open Spotify in the quick menu overlay and adjust the Sound/Mix balance slider. -Carlos",,10868
10870,user_spot_436_752,True,Sun Nov 05 13:48:00 +0000 2017,@SpotifyCares Can't connect Spotify to Alpine receiver via Bluetooth auto-connect.,10871,
10871,SpotifyCares,False,Sun Nov 05 14:10:00 +0000 2017,"@user_spot_436_752 Hi! Multi-room audio is supported through speaker groups created in the Google Home, Alexa, or Sonos companion app! -Ryan",,10870
10872,user_spot_437_311,True,Sun Nov 05 14:07:00 +0000 2017,@SpotifyCares LG webOS TV app gets stuck on loading logo when launching Spotify Connect from phone.,10873,
10873,SpotifyCares,False,Sun Nov 05 14:28:00 +0000 2017,@user_spot_437_311 Hello! Try reinstalling the Spotify app on your Smart TV or clearing TV app cache from TV system settings. -Carlos,,10872
10874,user_spot_438_971,True,Sun Nov 05 14:16:00 +0000 2017,@SpotifyCares Spotify Connect switches output playback to my Echo Studio randomly when I come home.,10875,
10875,SpotifyCares,False,Sun Nov 05 14:38:00 +0000 2017,"@user_spot_438_971 Hi! Multi-room audio is supported through speaker groups created in the Google Home, Alexa, or Sonos companion app! -Ryan",,10874
10876,user_spot_439_919,True,Sun Nov 05 14:33:00 +0000 2017,@SpotifyCares Voice commands on Siri voice control only play 30-second previews instead of full songs on Premium.,10877,
10877,SpotifyCares,False,Sun Nov 05 14:49:00 +0000 2017,@user_spot_439_919 Hello! Try reinstalling the Spotify app on your Smart TV or clearing TV app cache from TV system settings. -Alex,,10876
10878,user_spot_440_724,True,Sun Nov 05 14:46:00 +0000 2017,@SpotifyCares PS5 game audio volume slider doesn't balance background Spotify music properly.,10879,
10879,SpotifyCares,False,Sun Nov 05 15:10:00 +0000 2017,@user_spot_440_724 Hello! Try reinstalling the Spotify app on your Smart TV or clearing TV app cache from TV system settings. -Maya,,10878
10880,user_spot_441_481,True,Sun Nov 05 15:03:00 +0000 2017,@SpotifyCares Volume controls on Google Nest Mini don't respond when adjusting volume from the phone app.,10881,
10881,SpotifyCares,False,Sun Nov 05 15:16:00 +0000 2017,"@user_spot_441_481 Hey! Send us a DM with your speaker brand, router model, and Spotify app version so we can assist: https://spoti.fi/dm -Alex",,10880
10882,user_spot_442_304,True,Sun Nov 05 15:17:00 +0000 2017,@SpotifyCares Is there an official Spotify app for Apple Watch Ultra with offline playback?,10883,
10883,SpotifyCares,False,Sun Nov 05 15:37:00 +0000 2017,"@user_spot_442_304 Hey! Send us a DM with your speaker brand, router model, and Spotify app version so we can assist: https://spoti.fi/dm -Emma",,10882
10884,user_spot_443_683,True,Sun Nov 05 15:29:00 +0000 2017,@SpotifyCares Can't connect Spotify to Sony Car Audio receiver via Bluetooth auto-connect.,10885,
10885,SpotifyCares,False,Sun Nov 05 15:46:00 +0000 2017,"@user_spot_443_683 Hi! Multi-room audio is supported through speaker groups created in the Google Home, Alexa, or Sonos companion app! -Carlos",,10884
10886,user_spot_444_757,True,Sun Nov 05 15:38:00 +0000 2017,@SpotifyCares Xbox Series X game audio volume slider doesn't balance background Spotify music properly.,10887,
10887,SpotifyCares,False,Sun Nov 05 15:44:00 +0000 2017,"@user_spot_444_757 Hi! Power cycle your router and speakers, and make sure both your phone and speakers are on the same 2.4GHz/5GHz WiFi band. -Maya",,10886
10888,user_spot_445_344,True,Sun Nov 05 16:00:00 +0000 2017,@SpotifyCares Fire TV Stick 4K audio is 3 seconds out of sync with video podcasts on TV.,10889,
10889,SpotifyCares,False,Sun Nov 05 16:09:00 +0000 2017,@user_spot_445_344 Hi there! Check our smart watch setup guide here: https://spoti.fi/wearables to ensure proper offline sync setup. -Elena,,10888
10890,user_spot_446_124,True,Sun Nov 05 16:14:00 +0000 2017,@SpotifyCares Spotify Connect device list keeps disappearing and reappearing every few seconds on Windows 10.,10891,
10891,SpotifyCares,False,Sun Nov 05 16:24:00 +0000 2017,@user_spot_446_124 Hi there! Check our smart watch setup guide here: https://spoti.fi/wearables to ensure proper offline sync setup. -Kevin,,10890
10892,user_spot_447_959,True,Sun Nov 05 16:28:00 +0000 2017,@SpotifyCares Is there an official Spotify app for Apple Watch Ultra with offline playback?,10893,
10893,SpotifyCares,False,Sun Nov 05 16:41:00 +0000 2017,"@user_spot_447_959 Hello! On consoles, open Spotify in the quick menu overlay and adjust the Sound/Mix balance slider. -Kevin",,10892
10894,user_spot_448_349,True,Sun Nov 05 16:41:00 +0000 2017,@SpotifyCares Spotify Connect device list keeps disappearing and reappearing every few seconds on Windows 11.,10895,
10895,SpotifyCares,False,Sun Nov 05 16:53:00 +0000 2017,"@user_spot_448_349 Hi! Multi-room audio is supported through speaker groups created in the Google Home, Alexa, or Sonos companion app! -Elena",,10894
10896,user_spot_449_144,True,Sun Nov 05 16:55:00 +0000 2017,@SpotifyCares PS5 game audio volume slider doesn't balance background Spotify music properly.,10897,
10897,SpotifyCares,False,Sun Nov 05 17:02:00 +0000 2017,"@user_spot_449_144 Hey! Send us a DM with your speaker brand, router model, and Spotify app version so we can assist: https://spoti.fi/dm -Zoe",,10896
10898,user_spot_450_674,True,Sun Nov 05 17:01:00 +0000 2017,@SpotifyCares Fire TV app gets stuck on loading logo when launching Spotify Connect from phone.,10899,
10899,SpotifyCares,False,Sun Nov 05 17:22:00 +0000 2017,@user_spot_450_674 Hey! Unlink and re-link your Spotify account in the Alexa/Google Home companion app to refresh the token. -Ryan,,10898
10900,user_spot_451_335,True,Sun Nov 05 17:24:00 +0000 2017,@SpotifyCares Is there an official Spotify app for Apple Watch Ultra with offline playback?,10901,
10901,SpotifyCares,False,Sun Nov 05 17:48:00 +0000 2017,"@user_spot_451_335 Hello! On consoles, open Spotify in the quick menu overlay and adjust the Sound/Mix balance slider. -Chloe",,10900
10902,user_spot_452_721,True,Sun Nov 05 17:35:00 +0000 2017,@SpotifyCares My JBL Link speakers can no longer find Spotify Connect after the firmware update.,10903,
10903,SpotifyCares,False,Sun Nov 05 17:47:00 +0000 2017,"@user_spot_452_721 Hello! On consoles, open Spotify in the quick menu overlay and adjust the Sound/Mix balance slider. -Elena",,10902
10904,user_spot_453_584,True,Sun Nov 05 17:45:00 +0000 2017,@SpotifyCares Spotify Connect switches output playback to my Sonos One randomly when I come home.,10905,
10905,SpotifyCares,False,Sun Nov 05 18:08:00 +0000 2017,"@user_spot_453_584 Hey! Send us a DM with your speaker brand, router model, and Spotify app version so we can assist: https://spoti.fi/dm -Chloe",,10904
10906,user_spot_454_952,True,Sun Nov 05 18:02:00 +0000 2017,@SpotifyCares Voice commands on Siri voice control only play 30-second previews instead of full songs on Premium.,10907,
10907,SpotifyCares,False,Sun Nov 05 18:15:00 +0000 2017,@user_spot_454_952 Hello! Try reinstalling the Spotify app on your Smart TV or clearing TV app cache from TV system settings. -Elena,,10906
10908,user_spot_455_480,True,Sun Nov 05 18:19:00 +0000 2017,@SpotifyCares Can I use Spotify Connect to stream across multiple speakers in different rooms at the same time?,10909,
10909,SpotifyCares,False,Sun Nov 05 18:23:00 +0000 2017,"@user_spot_455_480 Hi! Multi-room audio is supported through speaker groups created in the Google Home, Alexa, or Sonos companion app! -Alex",,10908
10910,user_spot_456_233,True,Sun Nov 05 18:25:00 +0000 2017,@SpotifyCares Spotify Connect device list keeps disappearing and reappearing every few seconds on macOS Monterey.,10911,
10911,SpotifyCares,False,Sun Nov 05 18:34:00 +0000 2017,"@user_spot_456_233 Hello! On consoles, open Spotify in the quick menu overlay and adjust the Sound/Mix balance slider. -Sarah",,10910
10912,user_spot_457_865,True,Sun Nov 05 18:47:00 +0000 2017,@SpotifyCares Can't connect Spotify to Kenwood receiver via Bluetooth auto-connect.,10913,
10913,SpotifyCares,False,Sun Nov 05 19:10:00 +0000 2017,"@user_spot_457_865 Hi! Power cycle your router and speakers, and make sure both your phone and speakers are on the same 2.4GHz/5GHz WiFi band. -Chloe",,10912
10914,user_spot_458_581,True,Sun Nov 05 18:58:00 +0000 2017,@SpotifyCares Chromecast Audio icon missing from Spotify devices menu on local home WiFi network.,10915,
10915,SpotifyCares,False,Sun Nov 05 19:10:00 +0000 2017,@user_spot_458_581 Hey! Make sure Spotify is set as the default music provider in your voice assistant settings. DM us if you need help! -Liam,,10914
10916,user_spot_459_624,True,Sun Nov 05 19:16:00 +0000 2017,@SpotifyCares Spotify Connect on my HomePod mini is constantly stuttering and pausing mid-song.,10917,
10917,SpotifyCares,False,Sun Nov 05 19:33:00 +0000 2017,@user_spot_459_624 Hey! Unlink and re-link your Spotify account in the Alexa/Google Home companion app to refresh the token. -Maya,,10916
10918,user_spot_460_754,True,Sun Nov 05 19:23:00 +0000 2017,@SpotifyCares Spotify Connect on my HomePod mini is constantly stuttering and pausing mid-song.,10919,
10919,SpotifyCares,False,Sun Nov 05 19:45:00 +0000 2017,@user_spot_460_754 Hello! Try reinstalling the Spotify app on your Smart TV or clearing TV app cache from TV system settings. -Ryan,,10918
10920,user_spot_461_632,True,Sun Nov 05 19:40:00 +0000 2017,"@SpotifyCares Alexa says 'Something went wrong, please try again' when asking to play Spotify playlists.",10921,
10921,SpotifyCares,False,Sun Nov 05 20:00:00 +0000 2017,@user_spot_461_632 Hey! Unlink and re-link your Spotify account in the Alexa/Google Home companion app to refresh the token. -Ryan,,10920
10922,user_spot_462_769,True,Sun Nov 05 19:55:00 +0000 2017,@SpotifyCares Volume controls on Echo Studio don't respond when adjusting volume from the phone app.,10923,
10923,SpotifyCares,False,Sun Nov 05 20:02:00 +0000 2017,@user_spot_462_769 Hey! Make sure Spotify is set as the default music provider in your voice assistant settings. DM us if you need help! -Maya,,10922
10924,user_spot_463_310,True,Sun Nov 05 20:10:00 +0000 2017,@SpotifyCares Fire TV Stick 4K audio is 3 seconds out of sync with video podcasts on TV.,10925,
10925,SpotifyCares,False,Sun Nov 05 20:14:00 +0000 2017,@user_spot_463_310 Hey! Unlink and re-link your Spotify account in the Alexa/Google Home companion app to refresh the token. -Daniel,,10924
10926,user_spot_464_623,True,Sun Nov 05 20:26:00 +0000 2017,@SpotifyCares Spotify Connect device list keeps disappearing and reappearing every few seconds on macOS Sonoma.,10927,
10927,SpotifyCares,False,Sun Nov 05 20:43:00 +0000 2017,@user_spot_464_623 Hello! Try reinstalling the Spotify app on your Smart TV or clearing TV app cache from TV system settings. -Elena,,10926
10928,user_spot_465_165,True,Sun Nov 05 20:34:00 +0000 2017,@SpotifyCares Spotify Connect switches output playback to my Echo Studio randomly when I come home.,10929,
10929,SpotifyCares,False,Sun Nov 05 20:53:00 +0000 2017,@user_spot_465_165 Hey! Make sure Spotify is set as the default music provider in your voice assistant settings. DM us if you need help! -Liam,,10928
10930,user_spot_466_618,True,Sun Nov 05 20:54:00 +0000 2017,@SpotifyCares Spotify Connect on my Echo Studio is constantly stuttering and pausing mid-song.,10931,
10931,SpotifyCares,False,Sun Nov 05 21:04:00 +0000 2017,"@user_spot_466_618 Hi! Power cycle your router and speakers, and make sure both your phone and speakers are on the same 2.4GHz/5GHz WiFi band. -Chloe",,10930
10932,user_spot_467_225,True,Sun Nov 05 21:03:00 +0000 2017,@SpotifyCares Spotify Connect device list keeps disappearing and reappearing every few seconds on Windows 11.,10933,
10933,SpotifyCares,False,Sun Nov 05 21:27:00 +0000 2017,"@user_spot_467_225 Hi! Power cycle your router and speakers, and make sure both your phone and speakers are on the same 2.4GHz/5GHz WiFi band. -Elena",,10932
10934,user_spot_468_456,True,Sun Nov 05 21:12:00 +0000 2017,@SpotifyCares Is there an official Spotify app for Garmin Forerunner with offline playback?,10935,
10935,SpotifyCares,False,Sun Nov 05 21:34:00 +0000 2017,@user_spot_468_456 Hi there! Check our smart watch setup guide here: https://spoti.fi/wearables to ensure proper offline sync setup. -Ryan,,10934
10936,user_spot_469_731,True,Sun Nov 05 21:28:00 +0000 2017,@SpotifyCares Can't connect Spotify to Sony Car Audio receiver via Bluetooth auto-connect.,10937,
10937,SpotifyCares,False,Sun Nov 05 21:38:00 +0000 2017,"@user_spot_469_731 Hello! On consoles, open Spotify in the quick menu overlay and adjust the Sound/Mix balance slider. -Carlos",,10936
10938,user_spot_470_646,True,Sun Nov 05 21:48:00 +0000 2017,@SpotifyCares Can I use Spotify Connect to stream across multiple speakers in different rooms at the same time?,10939,
10939,SpotifyCares,False,Sun Nov 05 21:59:00 +0000 2017,@user_spot_470_646 Hi there! Check our smart watch setup guide here: https://spoti.fi/wearables to ensure proper offline sync setup. -Alex,,10938
10940,user_spot_471_419,True,Sun Nov 05 21:57:00 +0000 2017,@SpotifyCares Is there an official Spotify app for Apple Watch Series 7 with offline playback?,10941,
10941,SpotifyCares,False,Sun Nov 05 22:19:00 +0000 2017,@user_spot_471_419 Hey! Unlink and re-link your Spotify account in the Alexa/Google Home companion app to refresh the token. -Sarah,,10940
10942,user_spot_472_807,True,Sun Nov 05 22:13:00 +0000 2017,@SpotifyCares My Bose SoundTouch speakers can no longer find Spotify Connect after the firmware update.,10943,
10943,SpotifyCares,False,Sun Nov 05 22:17:00 +0000 2017,@user_spot_472_807 Hi there! Check our smart watch setup guide here: https://spoti.fi/wearables to ensure proper offline sync setup. -Ryan,,10942
10944,user_spot_473_689,True,Sun Nov 05 22:23:00 +0000 2017,@SpotifyCares Spotify Connect switches output playback to my Echo Studio randomly when I come home.,10945,
10945,SpotifyCares,False,Sun Nov 05 22:33:00 +0000 2017,@user_spot_473_689 Hi there! Check our smart watch setup guide here: https://spoti.fi/wearables to ensure proper offline sync setup. -Maya,,10944
10946,user_spot_474_442,True,Sun Nov 05 22:38:00 +0000 2017,@SpotifyCares Can I use Spotify Connect to stream across multiple speakers in different rooms at the same time?,10947,
10947,SpotifyCares,False,Sun Nov 05 22:54:00 +0000 2017,@user_spot_474_442 Hello! Try reinstalling the Spotify app on your Smart TV or clearing TV app cache from TV system settings. -Sarah,,10946
10948,user_spot_475_568,True,Sun Nov 05 23:00:00 +0000 2017,@SpotifyCares Xbox Series X game audio volume slider doesn't balance background Spotify music properly.,10949,
10949,SpotifyCares,False,Sun Nov 05 23:17:00 +0000 2017,@user_spot_475_568 Hi there! Check our smart watch setup guide here: https://spoti.fi/wearables to ensure proper offline sync setup. -Ryan,,10948
10950,user_spot_476_649,True,Sun Nov 05 23:13:00 +0000 2017,@SpotifyCares Can I use Spotify Connect to stream across multiple speakers in different rooms at the same time?,10951,
10951,SpotifyCares,False,Sun Nov 05 23:30:00 +0000 2017,"@user_spot_476_649 Hi! Multi-room audio is supported through speaker groups created in the Google Home, Alexa, or Sonos companion app! -Liam",,10950
10952,user_spot_477_663,True,Sun Nov 05 23:21:00 +0000 2017,@SpotifyCares Spotify Connect device list keeps disappearing and reappearing every few seconds on Windows 11.,10953,
10953,SpotifyCares,False,Sun Nov 05 23:31:00 +0000 2017,"@user_spot_477_663 Hey! Send us a DM with your speaker brand, router model, and Spotify app version so we can assist: https://spoti.fi/dm -Ryan",,10952
10954,user_spot_478_692,True,Sun Nov 05 23:42:00 +0000 2017,@SpotifyCares Apple Watch Ultra won't sync Spotify offline playlists via WiFi connection error code #SYNC-401.,10955,
10955,SpotifyCares,False,Mon Nov 06 00:04:00 +0000 2017,"@user_spot_478_692 Hi! Multi-room audio is supported through speaker groups created in the Google Home, Alexa, or Sonos companion app! -Liam",,10954
10956,user_spot_479_308,True,Sun Nov 05 23:48:00 +0000 2017,@SpotifyCares Spotify Connect switches output playback to my HomePod mini randomly when I come home.,10957,
10957,SpotifyCares,False,Sun Nov 05 23:55:00 +0000 2017,"@user_spot_479_308 Hi! Power cycle your router and speakers, and make sure both your phone and speakers are on the same 2.4GHz/5GHz WiFi band. -Sarah",,10956
10958,user_spot_480_827,True,Mon Nov 06 00:03:00 +0000 2017,@SpotifyCares Is there an official Spotify app for Galaxy Watch 5 with offline playback?,10959,
10959,SpotifyCares,False,Mon Nov 06 00:09:00 +0000 2017,@user_spot_480_827 Hey! Make sure Spotify is set as the default music provider in your voice assistant settings. DM us if you need help! -Sarah,,10958
10960,user_spot_481_753,True,Mon Nov 06 00:15:00 +0000 2017,@SpotifyCares Voice commands on Siri voice control only play 30-second previews instead of full songs on Premium.,10961,
10961,SpotifyCares,False,Mon Nov 06 00:33:00 +0000 2017,@user_spot_481_753 Hi there! Check our smart watch setup guide here: https://spoti.fi/wearables to ensure proper offline sync setup. -Chloe,,10960
10962,user_spot_482_669,True,Mon Nov 06 00:30:00 +0000 2017,@SpotifyCares Samsung Smart TV app gets stuck on loading logo when launching Spotify Connect from phone.,10963,
10963,SpotifyCares,False,Mon Nov 06 00:43:00 +0000 2017,"@user_spot_482_669 Hello! On consoles, open Spotify in the quick menu overlay and adjust the Sound/Mix balance slider. -Alex",,10962
10964,user_spot_483_407,True,Mon Nov 06 00:43:00 +0000 2017,@SpotifyCares Spotify Connect on my Amazon Echo Dot is constantly stuttering and pausing mid-song.,10965,
10965,SpotifyCares,False,Mon Nov 06 01:06:00 +0000 2017,@user_spot_483_407 Hey! Make sure Spotify is set as the default music provider in your voice assistant settings. DM us if you need help! -Carlos,,10964
10966,user_spot_484_706,True,Mon Nov 06 01:05:00 +0000 2017,"@SpotifyCares Alexa says 'Something went wrong, please try again' when asking to play Spotify playlists.",10967,
10967,SpotifyCares,False,Mon Nov 06 01:18:00 +0000 2017,@user_spot_484_706 Hi there! Check our smart watch setup guide here: https://spoti.fi/wearables to ensure proper offline sync setup. -Emma,,10966
10968,user_spot_485_727,True,Mon Nov 06 01:16:00 +0000 2017,@SpotifyCares Can't connect Spotify to Sony Car Audio receiver via Bluetooth auto-connect.,10969,
10969,SpotifyCares,False,Mon Nov 06 01:29:00 +0000 2017,@user_spot_485_727 Hey! Unlink and re-link your Spotify account in the Alexa/Google Home companion app to refresh the token. -Ryan,,10968
10970,user_spot_486_285,True,Mon Nov 06 01:27:00 +0000 2017,"@SpotifyCares Alexa says 'Something went wrong, please try again' when asking to play Spotify playlists.",10971,
10971,SpotifyCares,False,Mon Nov 06 01:33:00 +0000 2017,@user_spot_486_285 Hey! Make sure Spotify is set as the default music provider in your voice assistant settings. DM us if you need help! -Emma,,10970
10972,user_spot_487_146,True,Mon Nov 06 01:44:00 +0000 2017,@SpotifyCares Garmin Forerunner won't sync Spotify offline playlists via WiFi connection error code #WIFI-88.,10973,
10973,SpotifyCares,False,Mon Nov 06 01:51:00 +0000 2017,@user_spot_487_146 Hello! Try reinstalling the Spotify app on your Smart TV or clearing TV app cache from TV system settings. -Alex,,10972
10974,user_spot_488_439,True,Mon Nov 06 01:58:00 +0000 2017,@SpotifyCares Spotify Connect switches output playback to my Echo Studio randomly when I come home.,10975,
10975,SpotifyCares,False,Mon Nov 06 02:11:00 +0000 2017,@user_spot_488_439 Hey! Unlink and re-link your Spotify account in the Alexa/Google Home companion app to refresh the token. -Liam,,10974
10976,user_spot_489_351,True,Mon Nov 06 02:08:00 +0000 2017,@SpotifyCares Apple TV 4K audio is 3 seconds out of sync with video podcasts on TV.,10977,
10977,SpotifyCares,False,Mon Nov 06 02:16:00 +0000 2017,@user_spot_489_351 Hey! Make sure Spotify is set as the default music provider in your voice assistant settings. DM us if you need help! -Emma,,10976
10978,user_spot_490_667,True,Mon Nov 06 02:23:00 +0000 2017,@SpotifyCares Can I use Spotify Connect to stream across multiple speakers in different rooms at the same time?,10979,
10979,SpotifyCares,False,Mon Nov 06 02:48:00 +0000 2017,"@user_spot_490_667 Hey! Send us a DM with your speaker brand, router model, and Spotify app version so we can assist: https://spoti.fi/dm -Ryan",,10978
10980,user_spot_491_476,True,Mon Nov 06 02:35:00 +0000 2017,@SpotifyCares Apple TV 4K audio is 3 seconds out of sync with video podcasts on TV.,10981,
10981,SpotifyCares,False,Mon Nov 06 02:39:00 +0000 2017,"@user_spot_491_476 Hello! On consoles, open Spotify in the quick menu overlay and adjust the Sound/Mix balance slider. -Elena",,10980
10982,user_spot_492_482,True,Mon Nov 06 02:49:00 +0000 2017,"@SpotifyCares Google Assistant says 'Something went wrong, please try again' when asking to play Spotify playlists.",10983,
10983,SpotifyCares,False,Mon Nov 06 03:09:00 +0000 2017,"@user_spot_492_482 Hello! On consoles, open Spotify in the quick menu overlay and adjust the Sound/Mix balance slider. -Alex",,10982
10984,user_spot_493_891,True,Mon Nov 06 03:10:00 +0000 2017,"@SpotifyCares Siri voice control says 'Something went wrong, please try again' when asking to play Spotify playlists.",10985,
10985,SpotifyCares,False,Mon Nov 06 03:20:00 +0000 2017,@user_spot_493_891 Hey! Unlink and re-link your Spotify account in the Alexa/Google Home companion app to refresh the token. -Liam,,10984
10986,user_spot_494_851,True,Mon Nov 06 03:24:00 +0000 2017,@SpotifyCares Can I use Spotify Connect to stream across multiple speakers in different rooms at the same time?,10987,
10987,SpotifyCares,False,Mon Nov 06 03:46:00 +0000 2017,"@user_spot_494_851 Hi! Multi-room audio is supported through speaker groups created in the Google Home, Alexa, or Sonos companion app! -Kevin",,10986
10988,user_spot_495_205,True,Mon Nov 06 03:36:00 +0000 2017,@SpotifyCares Spotify Connect switches output playback to my Echo Studio randomly when I come home.,10989,
10989,SpotifyCares,False,Mon Nov 06 03:59:00 +0000 2017,@user_spot_495_205 Hey! Unlink and re-link your Spotify account in the Alexa/Google Home companion app to refresh the token. -Ryan,,10988
10990,user_spot_496_509,True,Mon Nov 06 03:54:00 +0000 2017,@SpotifyCares Chromecast Audio icon missing from Spotify devices menu on local home WiFi network.,10991,
10991,SpotifyCares,False,Mon Nov 06 04:02:00 +0000 2017,"@user_spot_496_509 Hi! Multi-room audio is supported through speaker groups created in the Google Home, Alexa, or Sonos companion app! -Daniel",,10990
10992,user_spot_497_567,True,Mon Nov 06 04:01:00 +0000 2017,@SpotifyCares My Audio Pro speakers can no longer find Spotify Connect after the firmware update.,10993,
10993,SpotifyCares,False,Mon Nov 06 04:22:00 +0000 2017,"@user_spot_497_567 Hey! Send us a DM with your speaker brand, router model, and Spotify app version so we can assist: https://spoti.fi/dm -Ryan",,10992
10994,user_spot_498_721,True,Mon Nov 06 04:21:00 +0000 2017,@SpotifyCares Spotify Connect device list keeps disappearing and reappearing every few seconds on Windows 10.,10995,
10995,SpotifyCares,False,Mon Nov 06 04:46:00 +0000 2017,@user_spot_498_721 Hello! Try reinstalling the Spotify app on your Smart TV or clearing TV app cache from TV system settings. -Carlos,,10994
10996,user_spot_499_616,True,Mon Nov 06 04:26:00 +0000 2017,@SpotifyCares Xbox One game audio volume slider doesn't balance background Spotify music properly.,10997,
10997,SpotifyCares,False,Mon Nov 06 04:34:00 +0000 2017,"@user_spot_499_616 Hi! Multi-room audio is supported through speaker groups created in the Google Home, Alexa, or Sonos companion app! -Carlos",,10996
10998,user_spot_500_231,True,Mon Nov 06 04:44:00 +0000 2017,@SpotifyCares Xbox One game audio volume slider doesn't balance background Spotify music properly.,10999,
10999,SpotifyCares,False,Mon Nov 06 04:48:00 +0000 2017,@user_spot_500_231 Hi there! Check our smart watch setup guide here: https://spoti.fi/wearables to ensure proper offline sync setup. -Ryan,,10998
11000,user_spot_501_443,True,Mon Nov 06 05:02:00 +0000 2017,@SpotifyCares Spotify Connect on my Google Nest Mini is constantly stuttering and pausing mid-song.,11001,
11001,SpotifyCares,False,Mon Nov 06 05:25:00 +0000 2017,@user_spot_501_443 Hey! Unlink and re-link your Spotify account in the Alexa/Google Home companion app to refresh the token. -Sarah,,11000
11002,user_spot_502_415,True,Mon Nov 06 05:10:00 +0000 2017,@SpotifyCares Volume controls on Google Nest Mini don't respond when adjusting volume from the phone app.,11003,
11003,SpotifyCares,False,Mon Nov 06 05:35:00 +0000 2017,@user_spot_502_415 Hello! Try reinstalling the Spotify app on your Smart TV or clearing TV app cache from TV system settings. -Elena,,11002
11004,user_spot_503_398,True,Mon Nov 06 05:31:00 +0000 2017,@SpotifyCares PlayStation 4 game audio volume slider doesn't balance background Spotify music properly.,11005,
11005,SpotifyCares,False,Mon Nov 06 05:53:00 +0000 2017,"@user_spot_503_398 Hi! Multi-room audio is supported through speaker groups created in the Google Home, Alexa, or Sonos companion app! -Chloe",,11004
11006,user_spot_504_708,True,Mon Nov 06 05:46:00 +0000 2017,@SpotifyCares Can I use Spotify Connect to stream across multiple speakers in different rooms at the same time?,11007,
11007,SpotifyCares,False,Mon Nov 06 05:55:00 +0000 2017,@user_spot_504_708 Hi there! Check our smart watch setup guide here: https://spoti.fi/wearables to ensure proper offline sync setup. -Liam,,11006
11008,user_spot_505_818,True,Mon Nov 06 05:59:00 +0000 2017,@SpotifyCares Chromecast Audio icon missing from Spotify devices menu on local home WiFi network.,11009,
11009,SpotifyCares,False,Mon Nov 06 06:17:00 +0000 2017,"@user_spot_505_818 Hey! Send us a DM with your speaker brand, router model, and Spotify app version so we can assist: https://spoti.fi/dm -Liam",,11008
11010,user_spot_506_544,True,Mon Nov 06 06:10:00 +0000 2017,@SpotifyCares Garmin Forerunner won't sync Spotify offline playlists via WiFi connection error code #WIFI-88.,11011,
11011,SpotifyCares,False,Mon Nov 06 06:23:00 +0000 2017,"@user_spot_506_544 Hi! Multi-room audio is supported through speaker groups created in the Google Home, Alexa, or Sonos companion app! -Maya",,11010
11012,user_spot_507_332,True,Mon Nov 06 06:25:00 +0000 2017,@SpotifyCares Chromecast Audio icon missing from Spotify devices menu on local home WiFi network.,11013,
11013,SpotifyCares,False,Mon Nov 06 06:33:00 +0000 2017,@user_spot_507_332 Hi there! Check our smart watch setup guide here: https://spoti.fi/wearables to ensure proper offline sync setup. -Chloe,,11012
11014,user_spot_508_252,True,Mon Nov 06 06:40:00 +0000 2017,@SpotifyCares Spotify Connect device list keeps disappearing and reappearing every few seconds on Windows 10.,11015,
11015,SpotifyCares,False,Mon Nov 06 06:57:00 +0000 2017,@user_spot_508_252 Hi there! Check our smart watch setup guide here: https://spoti.fi/wearables to ensure proper offline sync setup. -Liam,,11014
11016,user_spot_509_425,True,Mon Nov 06 06:53:00 +0000 2017,@SpotifyCares Spotify Connect device list keeps disappearing and reappearing every few seconds on macOS Ventura.,11017,
11017,SpotifyCares,False,Mon Nov 06 07:08:00 +0000 2017,"@user_spot_509_425 Hello! On consoles, open Spotify in the quick menu overlay and adjust the Sound/Mix balance slider. -Ryan",,11016
11018,user_spot_510_773,True,Mon Nov 06 07:04:00 +0000 2017,@SpotifyCares PS5 game audio volume slider doesn't balance background Spotify music properly.,11019,
11019,SpotifyCares,False,Mon Nov 06 07:28:00 +0000 2017,@user_spot_510_773 Hello! Try reinstalling the Spotify app on your Smart TV or clearing TV app cache from TV system settings. -Sarah,,11018
11020,user_spot_511_517,True,Mon Nov 06 07:16:00 +0000 2017,@SpotifyCares Samsung Smart TV app gets stuck on loading logo when launching Spotify Connect from phone.,11021,
11021,SpotifyCares,False,Mon Nov 06 07:41:00 +0000 2017,@user_spot_511_517 Hey! Unlink and re-link your Spotify account in the Alexa/Google Home companion app to refresh the token. -Carlos,,11020
11022,user_spot_512_110,True,Mon Nov 06 07:30:00 +0000 2017,@SpotifyCares Is there an official Spotify app for Apple Watch Series 7 with offline playback?,11023,
11023,SpotifyCares,False,Mon Nov 06 07:34:00 +0000 2017,"@user_spot_512_110 Hi! Power cycle your router and speakers, and make sure both your phone and speakers are on the same 2.4GHz/5GHz WiFi band. -Carlos",,11022
11024,user_spot_513_202,True,Mon Nov 06 07:50:00 +0000 2017,@SpotifyCares Roku TV app gets stuck on loading logo when launching Spotify Connect from phone.,11025,
11025,SpotifyCares,False,Mon Nov 06 08:03:00 +0000 2017,"@user_spot_513_202 Hello! On consoles, open Spotify in the quick menu overlay and adjust the Sound/Mix balance slider. -Carlos",,11024
11026,user_spot_514_473,True,Mon Nov 06 07:56:00 +0000 2017,@SpotifyCares LG webOS TV app gets stuck on loading logo when launching Spotify Connect from phone.,11027,
11027,SpotifyCares,False,Mon Nov 06 08:20:00 +0000 2017,@user_spot_514_473 Hello! Try reinstalling the Spotify app on your Smart TV or clearing TV app cache from TV system settings. -Kevin,,11026
11028,user_spot_515_472,True,Mon Nov 06 08:17:00 +0000 2017,@SpotifyCares Spotify Connect switches output playback to my Google Nest Mini randomly when I come home.,11029,
11029,SpotifyCares,False,Mon Nov 06 08:27:00 +0000 2017,@user_spot_515_472 Hi there! Check our smart watch setup guide here: https://spoti.fi/wearables to ensure proper offline sync setup. -Emma,,11028
11030,user_spot_516_486,True,Mon Nov 06 08:32:00 +0000 2017,@SpotifyCares Chromecast with Google TV audio is 3 seconds out of sync with video podcasts on TV.,11031,
11031,SpotifyCares,False,Mon Nov 06 08:53:00 +0000 2017,"@user_spot_516_486 Hi! Power cycle your router and speakers, and make sure both your phone and speakers are on the same 2.4GHz/5GHz WiFi band. -Maya",,11030
11032,user_spot_517_442,True,Mon Nov 06 08:48:00 +0000 2017,@SpotifyCares Volume controls on HomePod mini don't respond when adjusting volume from the phone app.,11033,
11033,SpotifyCares,False,Mon Nov 06 09:06:00 +0000 2017,"@user_spot_517_442 Hi! Multi-room audio is supported through speaker groups created in the Google Home, Alexa, or Sonos companion app! -Chloe",,11032
11034,user_spot_518_959,True,Mon Nov 06 08:55:00 +0000 2017,@SpotifyCares Chromecast Audio icon missing from Spotify devices menu on local home WiFi network.,11035,
11035,SpotifyCares,False,Mon Nov 06 09:15:00 +0000 2017,@user_spot_518_959 Hey! Make sure Spotify is set as the default music provider in your voice assistant settings. DM us if you need help! -Zoe,,11034
11036,user_spot_519_895,True,Mon Nov 06 09:11:00 +0000 2017,@SpotifyCares Spotify Connect device list keeps disappearing and reappearing every few seconds on Windows 11.,11037,
11037,SpotifyCares,False,Mon Nov 06 09:18:00 +0000 2017,@user_spot_519_895 Hey! Unlink and re-link your Spotify account in the Alexa/Google Home companion app to refresh the token. -Emma,,11036
11038,user_spot_520_132,True,Mon Nov 06 09:28:00 +0000 2017,@SpotifyCares Chromecast with Google TV audio is 3 seconds out of sync with video podcasts on TV.,11039,
11039,SpotifyCares,False,Mon Nov 06 09:51:00 +0000 2017,@user_spot_520_132 Hey! Make sure Spotify is set as the default music provider in your voice assistant settings. DM us if you need help! -Elena,,11038
11040,user_spot_521_403,True,Mon Nov 06 09:42:00 +0000 2017,@SpotifyCares Is there an official Spotify app for Apple Watch Ultra with offline playback?,11041,
11041,SpotifyCares,False,Mon Nov 06 09:54:00 +0000 2017,@user_spot_521_403 Hello! Try reinstalling the Spotify app on your Smart TV or clearing TV app cache from TV system settings. -Alex,,11040
11042,user_spot_522_731,True,Mon Nov 06 09:52:00 +0000 2017,@SpotifyCares Roku TV app gets stuck on loading logo when launching Spotify Connect from phone.,11043,
11043,SpotifyCares,False,Mon Nov 06 10:01:00 +0000 2017,@user_spot_522_731 Hey! Unlink and re-link your Spotify account in the Alexa/Google Home companion app to refresh the token. -Emma,,11042
11044,user_spot_523_583,True,Mon Nov 06 10:07:00 +0000 2017,@SpotifyCares Can't connect Spotify to Kenwood receiver via Bluetooth auto-connect.,11045,
11045,SpotifyCares,False,Mon Nov 06 10:14:00 +0000 2017,@user_spot_523_583 Hello! Try reinstalling the Spotify app on your Smart TV or clearing TV app cache from TV system settings. -Maya,,11044
11046,user_spot_524_917,True,Mon Nov 06 10:25:00 +0000 2017,@SpotifyCares Can't connect Spotify to Pioneer receiver via Bluetooth auto-connect.,11047,
11047,SpotifyCares,False,Mon Nov 06 10:39:00 +0000 2017,"@user_spot_524_917 Hello! On consoles, open Spotify in the quick menu overlay and adjust the Sound/Mix balance slider. -Zoe",,11046
11048,user_spot_525_778,True,Mon Nov 06 10:34:00 +0000 2017,"@SpotifyCares Google Assistant says 'Something went wrong, please try again' when asking to play Spotify playlists.",11049,
11049,SpotifyCares,False,Mon Nov 06 10:46:00 +0000 2017,@user_spot_525_778 Hello! Try reinstalling the Spotify app on your Smart TV or clearing TV app cache from TV system settings. -Chloe,,11048
11050,user_spot_526_350,True,Mon Nov 06 10:50:00 +0000 2017,@SpotifyCares Is there an official Spotify app for Apple Watch Series 7 with offline playback?,11051,
11051,SpotifyCares,False,Mon Nov 06 11:11:00 +0000 2017,@user_spot_526_350 Hello! Try reinstalling the Spotify app on your Smart TV or clearing TV app cache from TV system settings. -Zoe,,11050
11052,user_spot_527_650,True,Mon Nov 06 10:59:00 +0000 2017,@SpotifyCares Spotify Connect device list keeps disappearing and reappearing every few seconds on Windows 10.,11053,
11053,SpotifyCares,False,Mon Nov 06 11:24:00 +0000 2017,@user_spot_527_650 Hey! Unlink and re-link your Spotify account in the Alexa/Google Home companion app to refresh the token. -Sarah,,11052
11054,user_spot_528_586,True,Mon Nov 06 11:16:00 +0000 2017,@SpotifyCares Fire TV app gets stuck on loading logo when launching Spotify Connect from phone.,11055,
11055,SpotifyCares,False,Mon Nov 06 11:20:00 +0000 2017,"@user_spot_528_586 Hi! Multi-room audio is supported through speaker groups created in the Google Home, Alexa, or Sonos companion app! -Kevin",,11054
11056,user_spot_529_746,True,Mon Nov 06 11:36:00 +0000 2017,"@SpotifyCares Siri voice control says 'Something went wrong, please try again' when asking to play Spotify playlists.",11057,
11057,SpotifyCares,False,Mon Nov 06 12:01:00 +0000 2017,@user_spot_529_746 Hello! Try reinstalling the Spotify app on your Smart TV or clearing TV app cache from TV system settings. -Carlos,,11056
11058,user_spot_530_236,True,Mon Nov 06 11:45:00 +0000 2017,@SpotifyCares Volume controls on Google Nest Mini don't respond when adjusting volume from the phone app.,11059,
11059,SpotifyCares,False,Mon Nov 06 12:01:00 +0000 2017,@user_spot_530_236 Hey! Unlink and re-link your Spotify account in the Alexa/Google Home companion app to refresh the token. -Elena,,11058
11060,user_spot_531_292,True,Mon Nov 06 11:59:00 +0000 2017,@SpotifyCares Garmin Forerunner won't sync Spotify offline playlists via WiFi connection error code #WIFI-88.,11061,
11061,SpotifyCares,False,Mon Nov 06 12:22:00 +0000 2017,@user_spot_531_292 Hi there! Check our smart watch setup guide here: https://spoti.fi/wearables to ensure proper offline sync setup. -Carlos,,11060
11062,user_spot_532_667,True,Mon Nov 06 12:14:00 +0000 2017,"@SpotifyCares Google Assistant says 'Something went wrong, please try again' when asking to play Spotify playlists.",11063,
11063,SpotifyCares,False,Mon Nov 06 12:28:00 +0000 2017,@user_spot_532_667 Hey! Make sure Spotify is set as the default music provider in your voice assistant settings. DM us if you need help! -Alex,,11062
11064,user_spot_533_185,True,Mon Nov 06 12:27:00 +0000 2017,@SpotifyCares Apple Watch Ultra won't sync Spotify offline playlists via WiFi connection error code #ERR-771.,11065,
11065,SpotifyCares,False,Mon Nov 06 12:51:00 +0000 2017,"@user_spot_533_185 Hi! Power cycle your router and speakers, and make sure both your phone and speakers are on the same 2.4GHz/5GHz WiFi band. -Maya",,11064
11066,user_spot_534_811,True,Mon Nov 06 12:42:00 +0000 2017,@SpotifyCares Galaxy Watch 5 won't sync Spotify offline playlists via WiFi connection error code #ERR-771.,11067,
11067,SpotifyCares,False,Mon Nov 06 13:06:00 +0000 2017,@user_spot_534_811 Hi there! Check our smart watch setup guide here: https://spoti.fi/wearables to ensure proper offline sync setup. -Sarah,,11066
11068,user_spot_535_447,True,Mon Nov 06 12:59:00 +0000 2017,@SpotifyCares Xbox Series X game audio volume slider doesn't balance background Spotify music properly.,11069,
11069,SpotifyCares,False,Mon Nov 06 13:18:00 +0000 2017,"@user_spot_535_447 Hi! Power cycle your router and speakers, and make sure both your phone and speakers are on the same 2.4GHz/5GHz WiFi band. -Kevin",,11068
11070,user_spot_536_325,True,Mon Nov 06 13:12:00 +0000 2017,@SpotifyCares Can't connect Spotify to Alpine receiver via Bluetooth auto-connect.,11071,
11071,SpotifyCares,False,Mon Nov 06 13:33:00 +0000 2017,@user_spot_536_325 Hello! Try reinstalling the Spotify app on your Smart TV or clearing TV app cache from TV system settings. -Alex,,11070
11072,user_spot_537_674,True,Mon Nov 06 13:21:00 +0000 2017,@SpotifyCares Roku streaming stick audio is 3 seconds out of sync with video podcasts on TV.,11073,
11073,SpotifyCares,False,Mon Nov 06 13:43:00 +0000 2017,"@user_spot_537_674 Hey! Send us a DM with your speaker brand, router model, and Spotify app version so we can assist: https://spoti.fi/dm -Alex",,11072
11074,user_spot_538_324,True,Mon Nov 06 13:39:00 +0000 2017,@SpotifyCares Apple Watch Ultra won't sync Spotify offline playlists via WiFi connection error code #SYNC-902.,11075,
11075,SpotifyCares,False,Mon Nov 06 13:51:00 +0000 2017,"@user_spot_538_324 Hi! Power cycle your router and speakers, and make sure both your phone and speakers are on the same 2.4GHz/5GHz WiFi band. -Kevin",,11074
11076,user_spot_539_512,True,Mon Nov 06 13:53:00 +0000 2017,@SpotifyCares Can't connect Spotify to Alpine receiver via Bluetooth auto-connect.,11077,
11077,SpotifyCares,False,Mon Nov 06 14:13:00 +0000 2017,@user_spot_539_512 Hey! Make sure Spotify is set as the default music provider in your voice assistant settings. DM us if you need help! -Zoe,,11076
11078,user_spot_540_865,True,Mon Nov 06 14:03:00 +0000 2017,@SpotifyCares Is there an official Spotify app for Apple Watch Ultra with offline playback?,11079,
11079,SpotifyCares,False,Mon Nov 06 14:18:00 +0000 2017,"@user_spot_540_865 Hello! On consoles, open Spotify in the quick menu overlay and adjust the Sound/Mix balance slider. -Chloe",,11078
11080,user_spot_541_262,True,Mon Nov 06 14:20:00 +0000 2017,@SpotifyCares How do I sign out of all devices remotely if I left my account logged in at a public computer?,11081,
11081,SpotifyCares,False,Mon Nov 06 14:29:00 +0000 2017,@user_spot_541_262 Hi there! Deleted accounts can be restored within 7 days. Send us a private DM with your account details immediately! -Sarah,,11080
11082,user_spot_542_696,True,Mon Nov 06 14:28:00 +0000 2017,@SpotifyCares Accidentally clicked delete account on GDPR page. Can support restore my deleted profile?,11083,
11083,SpotifyCares,False,Mon Nov 06 14:47:00 +0000 2017,"@user_spot_542_696 Hey! Try disconnecting and reconnecting Facebook under spotify.com/account > Apps, or reset your password using your email. -Emma",,11082
11084,user_spot_543_474,True,Mon Nov 06 14:49:00 +0000 2017,@SpotifyCares Can't log into my account. Password reset email is not arriving in my inbox or spam folder for Outlook.com.,11085,
11085,SpotifyCares,False,Mon Nov 06 15:09:00 +0000 2017,@user_spot_543_474 Hello! DM us your registered email and phone number and we'll help verify your 2FA authentication settings. -Emma,,11084
11086,user_spot_544_118,True,Mon Nov 06 15:03:00 +0000 2017,@SpotifyCares Two-factor authentication (2FA) SMS OTP code is not arriving on my mobile phone number ending in 7654.,11087,
11087,SpotifyCares,False,Mon Nov 06 15:10:00 +0000 2017,@user_spot_544_118 Hi there! Deleted accounts can be restored within 7 days. Send us a private DM with your account details immediately! -Liam,,11086
11088,user_spot_545_796,True,Mon Nov 06 15:11:00 +0000 2017,"@SpotifyCares Cannot sign in using Facebook login button, getting 'OAuth error 400 invalid credentials'.",11089,
11089,SpotifyCares,False,Mon Nov 06 15:27:00 +0000 2017,@user_spot_545_796 Hi there! Deleted accounts can be restored within 7 days. Send us a private DM with your account details immediately! -Emma,,11088
11090,user_spot_546_829,True,Mon Nov 06 15:33:00 +0000 2017,@SpotifyCares Third party app revoked my Spotify access. How do I view and remove authorized apps on my profile?,11091,
11091,SpotifyCares,False,Mon Nov 06 15:50:00 +0000 2017,@user_spot_546_829 Hello! Temporary lockouts reset automatically after 30 minutes. You can also reset your password at spotify.com/password-reset. -Chloe,,11090
11092,user_spot_547_876,True,Mon Nov 06 15:43:00 +0000 2017,@SpotifyCares How do I change my registered email address on Spotify without losing my saved songs and playlists?,11093,
11093,SpotifyCares,False,Mon Nov 06 16:01:00 +0000 2017,"@user_spot_547_876 Hey! We recommend going to spotify.com/account and clicking 'Sign out everywhere', then resetting your password immediately. -Daniel",,11092
11094,user_spot_548_289,True,Mon Nov 06 15:59:00 +0000 2017,"@SpotifyCares Cannot sign in using Facebook login button, getting 'OAuth error 400 invalid credentials'.",11095,
11095,SpotifyCares,False,Mon Nov 06 16:08:00 +0000 2017,"@user_spot_548_289 Hey! Try disconnecting and reconnecting Facebook under spotify.com/account > Apps, or reset your password using your email. -Sarah",,11094
11096,user_spot_549_539,True,Mon Nov 06 16:13:00 +0000 2017,@SpotifyCares Can I transfer my playlist ownership and followers to another Spotify user account?,11097,
11097,SpotifyCares,False,Mon Nov 06 16:26:00 +0000 2017,@user_spot_549_539 Hi! Send us a DM with your account's email and invoice details right away so we can secure your profile: https://spoti.fi/dm -Zoe,,11096
11098,user_spot_550_852,True,Mon Nov 06 16:20:00 +0000 2017,"@SpotifyCares Received a security alert about a login from Russia on my account. I live in Toronto, Canada.",11099,
11099,SpotifyCares,False,Mon Nov 06 16:41:00 +0000 2017,"@user_spot_550_852 Hey! We recommend going to spotify.com/account and clicking 'Sign out everywhere', then resetting your password immediately. -Zoe",,11098
11100,user_spot_551_604,True,Mon Nov 06 16:41:00 +0000 2017,@SpotifyCares I didn't receive the verification email to confirm my new email change request.,11101,
11101,SpotifyCares,False,Mon Nov 06 16:47:00 +0000 2017,@user_spot_551_604 Hey! You can change your email anytime directly under your Account overview at spotify.com/account. -Sarah,,11100
11102,user_spot_552_694,True,Mon Nov 06 16:54:00 +0000 2017,@SpotifyCares Getting 'Firewall may be blocking Spotify' error code ERR_CONN_BLOCKED when trying to log in on work laptop.,11103,
11103,SpotifyCares,False,Mon Nov 06 17:12:00 +0000 2017,@user_spot_552_694 Hey! You can change your email anytime directly under your Account overview at spotify.com/account. -Liam,,11102
11104,user_spot_553_799,True,Mon Nov 06 17:11:00 +0000 2017,@SpotifyCares Two-factor authentication (2FA) SMS OTP code is not arriving on my mobile phone number ending in 7654.,11105,
11105,SpotifyCares,False,Mon Nov 06 17:21:00 +0000 2017,@user_spot_553_799 Hey! You can change your email anytime directly under your Account overview at spotify.com/account. -Daniel,,11104
11106,user_spot_554_466,True,Mon Nov 06 17:17:00 +0000 2017,"@SpotifyCares Cannot sign in using Facebook login button, getting 'OAuth error 401 invalid credentials'.",11107,
11107,SpotifyCares,False,Mon Nov 06 17:25:00 +0000 2017,@user_spot_554_466 Hello! DM us your registered email and phone number and we'll help verify your 2FA authentication settings. -Maya,,11106
11108,user_spot_555_644,True,Mon Nov 06 17:37:00 +0000 2017,@SpotifyCares Can I transfer my playlist ownership and followers to another Spotify user account?,11109,
11109,SpotifyCares,False,Mon Nov 06 17:51:00 +0000 2017,@user_spot_555_644 Hi there! Deleted accounts can be restored within 7 days. Send us a private DM with your account details immediately! -Liam,,11108
11110,user_spot_556_631,True,Mon Nov 06 17:51:00 +0000 2017,@SpotifyCares Someone in another country accessed my account and changed my playlist names. I think I got hacked!,11111,
11111,SpotifyCares,False,Mon Nov 06 18:01:00 +0000 2017,"@user_spot_556_631 Hey! We recommend going to spotify.com/account and clicking 'Sign out everywhere', then resetting your password immediately. -Alex",,11110
11112,user_spot_557_989,True,Mon Nov 06 18:02:00 +0000 2017,@SpotifyCares Getting 'Firewall may be blocking Spotify' error code FW-102 when trying to log in on work laptop.,11113,
11113,SpotifyCares,False,Mon Nov 06 18:18:00 +0000 2017,"@user_spot_557_989 Hey! We recommend going to spotify.com/account and clicking 'Sign out everywhere', then resetting your password immediately. -Carlos",,11112
11114,user_spot_558_473,True,Mon Nov 06 18:12:00 +0000 2017,@SpotifyCares Accidentally clicked delete account on GDPR page. Can support restore my deleted profile?,11115,
11115,SpotifyCares,False,Mon Nov 06 18:19:00 +0000 2017,@user_spot_558_473 Hello! Temporary lockouts reset automatically after 30 minutes. You can also reset your password at spotify.com/password-reset. -Sarah,,11114
11116,user_spot_559_812,True,Mon Nov 06 18:27:00 +0000 2017,@SpotifyCares Can I merge two Spotify accounts (user_alex99 and alex_premium) into one without losing my playlists?,11117,
11117,SpotifyCares,False,Mon Nov 06 18:40:00 +0000 2017,@user_spot_559_812 Hi there! Deleted accounts can be restored within 7 days. Send us a private DM with your account details immediately! -Liam,,11116
11118,user_spot_560_376,True,Mon Nov 06 18:48:00 +0000 2017,@SpotifyCares Third party app revoked my Spotify access. How do I view and remove authorized apps on my profile?,11119,
11119,SpotifyCares,False,Mon Nov 06 19:12:00 +0000 2017,@user_spot_560_376 Hello! Temporary lockouts reset automatically after 30 minutes. You can also reset your password at spotify.com/password-reset. -Maya,,11118
11120,user_spot_561_505,True,Mon Nov 06 18:58:00 +0000 2017,@SpotifyCares Can't log into my account. Password reset email is not arriving in my inbox or spam folder for Gmail.,11121,
11121,SpotifyCares,False,Mon Nov 06 19:04:00 +0000 2017,"@user_spot_561_505 Hey! Try disconnecting and reconnecting Facebook under spotify.com/account > Apps, or reset your password using your email. -Alex",,11120
11122,user_spot_562_516,True,Mon Nov 06 19:09:00 +0000 2017,"@SpotifyCares Cannot sign in using Facebook login button, getting 'OAuth error 500 invalid credentials'.",11123,
11123,SpotifyCares,False,Mon Nov 06 19:33:00 +0000 2017,@user_spot_562_516 Hey! You can change your email anytime directly under your Account overview at spotify.com/account. -Chloe,,11122
11124,user_spot_563_354,True,Mon Nov 06 19:32:00 +0000 2017,"@SpotifyCares Cannot sign in using Facebook login button, getting 'OAuth error 500 invalid credentials'.",11125,
11125,SpotifyCares,False,Mon Nov 06 19:57:00 +0000 2017,"@user_spot_563_354 Hey! Try disconnecting and reconnecting Facebook under spotify.com/account > Apps, or reset your password using your email. -Emma",,11124
11126,user_spot_564_234,True,Mon Nov 06 19:41:00 +0000 2017,@SpotifyCares Someone in another country accessed my account and changed my playlist names. I think I got hacked!,11127,
11127,SpotifyCares,False,Mon Nov 06 19:52:00 +0000 2017,"@user_spot_564_234 Hi! Check your spam/junk folder, or add no-reply@spotify.com to your email whitelist. DM us your username if still missing! -Sarah",,11126
11128,user_spot_565_257,True,Mon Nov 06 19:50:00 +0000 2017,@SpotifyCares Can I transfer my playlist ownership and followers to another Spotify user account?,11129,
11129,SpotifyCares,False,Mon Nov 06 20:04:00 +0000 2017,"@user_spot_565_257 Hi! Check your spam/junk folder, or add no-reply@spotify.com to your email whitelist. DM us your username if still missing! -Liam",,11128
11130,user_spot_566_509,True,Mon Nov 06 20:12:00 +0000 2017,@SpotifyCares Can I merge two Spotify accounts (sam_music and alex_premium) into one without losing my playlists?,11131,
11131,SpotifyCares,False,Mon Nov 06 20:33:00 +0000 2017,@user_spot_566_509 Hi there! Deleted accounts can be restored within 7 days. Send us a private DM with your account details immediately! -Emma,,11130
11132,user_spot_567_627,True,Mon Nov 06 20:24:00 +0000 2017,@SpotifyCares How do I sign out of all devices remotely if I left my account logged in at a public computer?,11133,
11133,SpotifyCares,False,Mon Nov 06 20:42:00 +0000 2017,@user_spot_567_627 Hello! Temporary lockouts reset automatically after 30 minutes. You can also reset your password at spotify.com/password-reset. -Kevin,,11132
11134,user_spot_568_972,True,Mon Nov 06 20:33:00 +0000 2017,@SpotifyCares Two-factor authentication (2FA) SMS OTP code is not arriving on my mobile phone number ending in 4921.,11135,
11135,SpotifyCares,False,Mon Nov 06 20:41:00 +0000 2017,"@user_spot_568_972 Hey! We recommend going to spotify.com/account and clicking 'Sign out everywhere', then resetting your password immediately. -Carlos",,11134
11136,user_spot_569_681,True,Mon Nov 06 20:55:00 +0000 2017,"@SpotifyCares Cannot sign in using Facebook login button, getting 'OAuth error 400 invalid credentials'.",11137,
11137,SpotifyCares,False,Mon Nov 06 21:19:00 +0000 2017,"@user_spot_569_681 Hi! Check your spam/junk folder, or add no-reply@spotify.com to your email whitelist. DM us your username if still missing! -Chloe",,11136
11138,user_spot_570_693,True,Mon Nov 06 21:02:00 +0000 2017,@SpotifyCares Accidentally clicked delete account on GDPR page. Can support restore my deleted profile?,11139,
11139,SpotifyCares,False,Mon Nov 06 21:21:00 +0000 2017,@user_spot_570_693 Hello! DM us your registered email and phone number and we'll help verify your 2FA authentication settings. -Maya,,11138
11140,user_spot_571_687,True,Mon Nov 06 21:20:00 +0000 2017,@SpotifyCares Can I transfer my playlist ownership and followers to another Spotify user account?,11141,
11141,SpotifyCares,False,Mon Nov 06 21:24:00 +0000 2017,"@user_spot_571_687 Hey! Try disconnecting and reconnecting Facebook under spotify.com/account > Apps, or reset your password using your email. -Ryan",,11140
11142,user_spot_572_469,True,Mon Nov 06 21:34:00 +0000 2017,@SpotifyCares Accidentally clicked delete account on GDPR page. Can support restore my deleted profile?,11143,
11143,SpotifyCares,False,Mon Nov 06 21:38:00 +0000 2017,"@user_spot_572_469 Hey! We recommend going to spotify.com/account and clicking 'Sign out everywhere', then resetting your password immediately. -Kevin",,11142
11144,user_spot_573_953,True,Mon Nov 06 21:48:00 +0000 2017,@SpotifyCares Can I merge two Spotify accounts (sam_music and sam_spotify) into one without losing my playlists?,11145,
11145,SpotifyCares,False,Mon Nov 06 21:52:00 +0000 2017,"@user_spot_573_953 Hey! Try disconnecting and reconnecting Facebook under spotify.com/account > Apps, or reset your password using your email. -Carlos",,11144
11146,user_spot_574_154,True,Mon Nov 06 22:03:00 +0000 2017,@SpotifyCares Someone in another country accessed my account and changed my playlist names. I think I got hacked!,11147,
11147,SpotifyCares,False,Mon Nov 06 22:21:00 +0000 2017,@user_spot_574_154 Hello! Temporary lockouts reset automatically after 30 minutes. You can also reset your password at spotify.com/password-reset. -Carlos,,11146
11148,user_spot_575_844,True,Mon Nov 06 22:13:00 +0000 2017,@SpotifyCares Can't log into my account. Password reset email is not arriving in my inbox or spam folder for Yahoo Mail.,11149,
11149,SpotifyCares,False,Mon Nov 06 22:28:00 +0000 2017,"@user_spot_575_844 Hey! We recommend going to spotify.com/account and clicking 'Sign out everywhere', then resetting your password immediately. -Maya",,11148
11150,user_spot_576_472,True,Mon Nov 06 22:32:00 +0000 2017,@SpotifyCares Someone in another country accessed my account and changed my playlist names. I think I got hacked!,11151,
11151,SpotifyCares,False,Mon Nov 06 22:56:00 +0000 2017,"@user_spot_576_472 Hi! Check your spam/junk folder, or add no-reply@spotify.com to your email whitelist. DM us your username if still missing! -Emma",,11150
11152,user_spot_577_277,True,Mon Nov 06 22:44:00 +0000 2017,"@SpotifyCares Received a security alert about a login from Brazil on my account. I live in Sydney, Australia.",11153,
11153,SpotifyCares,False,Mon Nov 06 22:49:00 +0000 2017,@user_spot_577_277 Hey! You can change your email anytime directly under your Account overview at spotify.com/account. -Zoe,,11152
11154,user_spot_578_241,True,Mon Nov 06 22:54:00 +0000 2017,@SpotifyCares Can't log into my account. Password reset email is not arriving in my inbox or spam folder for Yahoo Mail.,11155,
11155,SpotifyCares,False,Mon Nov 06 23:00:00 +0000 2017,"@user_spot_578_241 Hi! Check your spam/junk folder, or add no-reply@spotify.com to your email whitelist. DM us your username if still missing! -Zoe",,11154
11156,user_spot_579_697,True,Mon Nov 06 23:10:00 +0000 2017,@SpotifyCares How do I sign out of all devices remotely if I left my account logged in at a public computer?,11157,
11157,SpotifyCares,False,Mon Nov 06 23:33:00 +0000 2017,@user_spot_579_697 Hello! Temporary lockouts reset automatically after 30 minutes. You can also reset your password at spotify.com/password-reset. -Chloe,,11156
11158,user_spot_580_847,True,Mon Nov 06 23:24:00 +0000 2017,@SpotifyCares Getting 'Firewall may be blocking Spotify' error code NET_403 when trying to log in on work laptop.,11159,
11159,SpotifyCares,False,Mon Nov 06 23:40:00 +0000 2017,@user_spot_580_847 Hello! DM us your registered email and phone number and we'll help verify your 2FA authentication settings. -Elena,,11158
11160,user_spot_581_502,True,Mon Nov 06 23:44:00 +0000 2017,@SpotifyCares Someone in another country accessed my account and changed my playlist names. I think I got hacked!,11161,
11161,SpotifyCares,False,Tue Nov 07 00:02:00 +0000 2017,@user_spot_581_502 Hey! You can change your email anytime directly under your Account overview at spotify.com/account. -Emma,,11160
11162,user_spot_582_581,True,Mon Nov 06 23:52:00 +0000 2017,@SpotifyCares Getting 'Firewall may be blocking Spotify' error code FW-102 when trying to log in on work laptop.,11163,
11163,SpotifyCares,False,Tue Nov 07 00:17:00 +0000 2017,@user_spot_582_581 Hi there! Deleted accounts can be restored within 7 days. Send us a private DM with your account details immediately! -Kevin,,11162
11164,user_spot_583_885,True,Tue Nov 07 00:11:00 +0000 2017,"@SpotifyCares Received a security alert about a login from Russia on my account. I live in Toronto, Canada.",11165,
11165,SpotifyCares,False,Tue Nov 07 00:19:00 +0000 2017,@user_spot_583_885 Hi there! Deleted accounts can be restored within 7 days. Send us a private DM with your account details immediately! -Daniel,,11164
11166,user_spot_584_467,True,Tue Nov 07 00:16:00 +0000 2017,@SpotifyCares Getting 'Firewall may be blocking Spotify' error code ERR_CONN_BLOCKED when trying to log in on work laptop.,11167,
11167,SpotifyCares,False,Tue Nov 07 00:30:00 +0000 2017,"@user_spot_584_467 Hi! Check your spam/junk folder, or add no-reply@spotify.com to your email whitelist. DM us your username if still missing! -Sarah",,11166
11168,user_spot_585_821,True,Tue Nov 07 00:38:00 +0000 2017,@SpotifyCares Getting 'Firewall may be blocking Spotify' error code FW-102 when trying to log in on work laptop.,11169,
11169,SpotifyCares,False,Tue Nov 07 00:59:00 +0000 2017,"@user_spot_585_821 Hi! Check your spam/junk folder, or add no-reply@spotify.com to your email whitelist. DM us your username if still missing! -Chloe",,11168
11170,user_spot_586_995,True,Tue Nov 07 00:48:00 +0000 2017,@SpotifyCares Can I transfer my playlist ownership and followers to another Spotify user account?,11171,
11171,SpotifyCares,False,Tue Nov 07 01:02:00 +0000 2017,@user_spot_586_995 Hello! Temporary lockouts reset automatically after 30 minutes. You can also reset your password at spotify.com/password-reset. -Chloe,,11170
11172,user_spot_587_633,True,Tue Nov 07 01:08:00 +0000 2017,@SpotifyCares How do I sign out of all devices remotely if I left my account logged in at a public computer?,11173,
11173,SpotifyCares,False,Tue Nov 07 01:27:00 +0000 2017,"@user_spot_587_633 Hey! We recommend going to spotify.com/account and clicking 'Sign out everywhere', then resetting your password immediately. -Maya",,11172
11174,user_spot_588_919,True,Tue Nov 07 01:16:00 +0000 2017,@SpotifyCares I didn't receive the verification email to confirm my new email change request.,11175,
11175,SpotifyCares,False,Tue Nov 07 01:27:00 +0000 2017,@user_spot_588_919 Hello! DM us your registered email and phone number and we'll help verify your 2FA authentication settings. -Carlos,,11174
11176,user_spot_589_302,True,Tue Nov 07 01:34:00 +0000 2017,@SpotifyCares Two-factor authentication (2FA) SMS OTP code is not arriving on my mobile phone number ending in 7654.,11177,
11177,SpotifyCares,False,Tue Nov 07 01:48:00 +0000 2017,@user_spot_589_302 Hi! Send us a DM with your account's email and invoice details right away so we can secure your profile: https://spoti.fi/dm -Maya,,11176
11178,user_spot_590_137,True,Tue Nov 07 01:40:00 +0000 2017,"@SpotifyCares Cannot sign in using Facebook login button, getting 'OAuth error 500 invalid credentials'.",11179,
11179,SpotifyCares,False,Tue Nov 07 01:57:00 +0000 2017,"@user_spot_590_137 Hi! Check your spam/junk folder, or add no-reply@spotify.com to your email whitelist. DM us your username if still missing! -Alex",,11178
11180,user_spot_591_822,True,Tue Nov 07 01:59:00 +0000 2017,"@SpotifyCares Received a security alert about a login from Vietnam on my account. I live in Toronto, Canada.",11181,
11181,SpotifyCares,False,Tue Nov 07 02:16:00 +0000 2017,@user_spot_591_822 Hey! You can change your email anytime directly under your Account overview at spotify.com/account. -Maya,,11180
11182,user_spot_592_726,True,Tue Nov 07 02:08:00 +0000 2017,@SpotifyCares Can't log into my account. Password reset email is not arriving in my inbox or spam folder for iCloud Mail.,11183,
11183,SpotifyCares,False,Tue Nov 07 02:26:00 +0000 2017,@user_spot_592_726 Hey! You can change your email anytime directly under your Account overview at spotify.com/account. -Liam,,11182
11184,user_spot_593_509,True,Tue Nov 07 02:25:00 +0000 2017,@SpotifyCares Accidentally clicked delete account on GDPR page. Can support restore my deleted profile?,11185,
11185,SpotifyCares,False,Tue Nov 07 02:33:00 +0000 2017,@user_spot_593_509 Hey! You can change your email anytime directly under your Account overview at spotify.com/account. -Carlos,,11184
11186,user_spot_594_658,True,Tue Nov 07 02:40:00 +0000 2017,@SpotifyCares Account locked after entering wrong password 6 times. How long does the temporary security lockout last?,11187,
11187,SpotifyCares,False,Tue Nov 07 02:48:00 +0000 2017,"@user_spot_594_658 Hi! Check your spam/junk folder, or add no-reply@spotify.com to your email whitelist. DM us your username if still missing! -Alex",,11186
11188,user_spot_595_718,True,Tue Nov 07 02:51:00 +0000 2017,@SpotifyCares Accidentally clicked delete account on GDPR page. Can support restore my deleted profile?,11189,
11189,SpotifyCares,False,Tue Nov 07 03:14:00 +0000 2017,"@user_spot_595_718 Hi! Check your spam/junk folder, or add no-reply@spotify.com to your email whitelist. DM us your username if still missing! -Zoe",,11188
11190,user_spot_596_481,True,Tue Nov 07 03:04:00 +0000 2017,@SpotifyCares Can I transfer my playlist ownership and followers to another Spotify user account?,11191,
11191,SpotifyCares,False,Tue Nov 07 03:12:00 +0000 2017,"@user_spot_596_481 Hey! Try disconnecting and reconnecting Facebook under spotify.com/account > Apps, or reset your password using your email. -Carlos",,11190
11192,user_spot_597_915,True,Tue Nov 07 03:24:00 +0000 2017,@SpotifyCares Two-factor authentication (2FA) SMS OTP code is not arriving on my mobile phone number ending in 1109.,11193,
11193,SpotifyCares,False,Tue Nov 07 03:46:00 +0000 2017,"@user_spot_597_915 Hey! Try disconnecting and reconnecting Facebook under spotify.com/account > Apps, or reset your password using your email. -Daniel",,11192
11194,user_spot_598_551,True,Tue Nov 07 03:41:00 +0000 2017,@SpotifyCares How do I sign out of all devices remotely if I left my account logged in at a public computer?,11195,
11195,SpotifyCares,False,Tue Nov 07 03:48:00 +0000 2017,@user_spot_598_551 Hey! You can change your email anytime directly under your Account overview at spotify.com/account. -Alex,,11194
11196,user_spot_599_974,True,Tue Nov 07 03:50:00 +0000 2017,"@SpotifyCares Received a security alert about a login from Brazil on my account. I live in California, USA.",11197,
11197,SpotifyCares,False,Tue Nov 07 04:09:00 +0000 2017,"@user_spot_599_974 Hey! We recommend going to spotify.com/account and clicking 'Sign out everywhere', then resetting your password immediately. -Sarah",,11196
11198,user_spot_600_725,True,Tue Nov 07 04:02:00 +0000 2017,@SpotifyCares Spotify says my account was disabled due to suspicious activity. How do I verify my identity?,11199,
11199,SpotifyCares,False,Tue Nov 07 04:24:00 +0000 2017,"@user_spot_600_725 Hey! Try disconnecting and reconnecting Facebook under spotify.com/account > Apps, or reset your password using your email. -Sarah",,11198
11200,user_spot_601_234,True,Tue Nov 07 04:16:00 +0000 2017,@SpotifyCares I didn't receive the verification email to confirm my new email change request.,11201,
11201,SpotifyCares,False,Tue Nov 07 04:34:00 +0000 2017,@user_spot_601_234 Hi! Send us a DM with your account's email and invoice details right away so we can secure your profile: https://spoti.fi/dm -Carlos,,11200
11202,user_spot_602_275,True,Tue Nov 07 04:38:00 +0000 2017,@SpotifyCares Spotify says my account was disabled due to suspicious activity. How do I verify my identity?,11203,
11203,SpotifyCares,False,Tue Nov 07 04:58:00 +0000 2017,"@user_spot_602_275 Hey! Try disconnecting and reconnecting Facebook under spotify.com/account > Apps, or reset your password using your email. -Sarah",,11202
11204,user_spot_603_641,True,Tue Nov 07 04:49:00 +0000 2017,@SpotifyCares I didn't receive the verification email to confirm my new email change request.,11205,
11205,SpotifyCares,False,Tue Nov 07 05:05:00 +0000 2017,@user_spot_603_641 Hi there! Deleted accounts can be restored within 7 days. Send us a private DM with your account details immediately! -Alex,,11204
11206,user_spot_604_256,True,Tue Nov 07 05:01:00 +0000 2017,@SpotifyCares Can't log into my account. Password reset email is not arriving in my inbox or spam folder for Outlook.com.,11207,
11207,SpotifyCares,False,Tue Nov 07 05:15:00 +0000 2017,@user_spot_604_256 Hi! Send us a DM with your account's email and invoice details right away so we can secure your profile: https://spoti.fi/dm -Elena,,11206
11208,user_spot_605_729,True,Tue Nov 07 05:14:00 +0000 2017,@SpotifyCares Two-factor authentication (2FA) SMS OTP code is not arriving on my mobile phone number ending in 8823.,11209,
11209,SpotifyCares,False,Tue Nov 07 05:28:00 +0000 2017,"@user_spot_605_729 Hey! Try disconnecting and reconnecting Facebook under spotify.com/account > Apps, or reset your password using your email. -Ryan",,11208
11210,user_spot_606_885,True,Tue Nov 07 05:31:00 +0000 2017,@SpotifyCares Can I merge two Spotify accounts (jordan_k and sam_spotify) into one without losing my playlists?,11211,
11211,SpotifyCares,False,Tue Nov 07 05:37:00 +0000 2017,"@user_spot_606_885 Hey! Try disconnecting and reconnecting Facebook under spotify.com/account > Apps, or reset your password using your email. -Kevin",,11210
11212,user_spot_607_420,True,Tue Nov 07 05:39:00 +0000 2017,@SpotifyCares Two-factor authentication (2FA) SMS OTP code is not arriving on my mobile phone number ending in 3321.,11213,
11213,SpotifyCares,False,Tue Nov 07 05:45:00 +0000 2017,@user_spot_607_420 Hi there! Deleted accounts can be restored within 7 days. Send us a private DM with your account details immediately! -Ryan,,11212
11214,user_spot_608_589,True,Tue Nov 07 06:01:00 +0000 2017,@SpotifyCares Can I merge two Spotify accounts (sam_music and emily_sound) into one without losing my playlists?,11215,
11215,SpotifyCares,False,Tue Nov 07 06:15:00 +0000 2017,@user_spot_608_589 Hello! Temporary lockouts reset automatically after 30 minutes. You can also reset your password at spotify.com/password-reset. -Emma,,11214
11216,user_spot_609_706,True,Tue Nov 07 06:10:00 +0000 2017,@SpotifyCares Can I merge two Spotify accounts (sam_music and alex_premium) into one without losing my playlists?,11217,
11217,SpotifyCares,False,Tue Nov 07 06:31:00 +0000 2017,"@user_spot_609_706 Hi! Check your spam/junk folder, or add no-reply@spotify.com to your email whitelist. DM us your username if still missing! -Liam",,11216
11218,user_spot_610_881,True,Tue Nov 07 06:23:00 +0000 2017,@SpotifyCares Can't log into my account. Password reset email is not arriving in my inbox or spam folder for Gmail.,11219,
11219,SpotifyCares,False,Tue Nov 07 06:35:00 +0000 2017,@user_spot_610_881 Hello! Temporary lockouts reset automatically after 30 minutes. You can also reset your password at spotify.com/password-reset. -Carlos,,11218
11220,user_spot_611_802,True,Tue Nov 07 06:43:00 +0000 2017,@SpotifyCares How do I sign out of all devices remotely if I left my account logged in at a public computer?,11221,
11221,SpotifyCares,False,Tue Nov 07 06:54:00 +0000 2017,"@user_spot_611_802 Hey! Try disconnecting and reconnecting Facebook under spotify.com/account > Apps, or reset your password using your email. -Daniel",,11220
11222,user_spot_612_530,True,Tue Nov 07 06:48:00 +0000 2017,@SpotifyCares Getting 'Firewall may be blocking Spotify' error code FW-102 when trying to log in on work laptop.,11223,
11223,SpotifyCares,False,Tue Nov 07 06:58:00 +0000 2017,@user_spot_612_530 Hello! Temporary lockouts reset automatically after 30 minutes. You can also reset your password at spotify.com/password-reset. -Zoe,,11222
11224,user_spot_613_366,True,Tue Nov 07 07:07:00 +0000 2017,@SpotifyCares Third party app revoked my Spotify access. How do I view and remove authorized apps on my profile?,11225,
11225,SpotifyCares,False,Tue Nov 07 07:27:00 +0000 2017,"@user_spot_613_366 Hey! Try disconnecting and reconnecting Facebook under spotify.com/account > Apps, or reset your password using your email. -Sarah",,11224
11226,user_spot_614_998,True,Tue Nov 07 07:26:00 +0000 2017,"@SpotifyCares Cannot sign in using Facebook login button, getting 'OAuth error 500 invalid credentials'.",11227,
11227,SpotifyCares,False,Tue Nov 07 07:38:00 +0000 2017,"@user_spot_614_998 Hi! Check your spam/junk folder, or add no-reply@spotify.com to your email whitelist. DM us your username if still missing! -Liam",,11226
11228,user_spot_615_935,True,Tue Nov 07 07:38:00 +0000 2017,@SpotifyCares Spotify says my account was disabled due to suspicious activity. How do I verify my identity?,11229,
11229,SpotifyCares,False,Tue Nov 07 08:02:00 +0000 2017,@user_spot_615_935 Hello! DM us your registered email and phone number and we'll help verify your 2FA authentication settings. -Liam,,11228
11230,user_spot_616_420,True,Tue Nov 07 07:54:00 +0000 2017,"@SpotifyCares Cannot sign in using Facebook login button, getting 'OAuth error 400 invalid credentials'.",11231,
11231,SpotifyCares,False,Tue Nov 07 08:01:00 +0000 2017,"@user_spot_616_420 Hey! Try disconnecting and reconnecting Facebook under spotify.com/account > Apps, or reset your password using your email. -Maya",,11230
11232,user_spot_617_524,True,Tue Nov 07 08:03:00 +0000 2017,@SpotifyCares Getting 'Firewall may be blocking Spotify' error code ERR_CONN_BLOCKED when trying to log in on work laptop.,11233,
11233,SpotifyCares,False,Tue Nov 07 08:19:00 +0000 2017,@user_spot_617_524 Hi there! Deleted accounts can be restored within 7 days. Send us a private DM with your account details immediately! -Alex,,11232
11234,user_spot_618_673,True,Tue Nov 07 08:13:00 +0000 2017,"@SpotifyCares Cannot sign in using Facebook login button, getting 'OAuth error 500 invalid credentials'.",11235,
11235,SpotifyCares,False,Tue Nov 07 08:37:00 +0000 2017,@user_spot_618_673 Hey! You can change your email anytime directly under your Account overview at spotify.com/account. -Kevin,,11234
11236,user_spot_619_330,True,Tue Nov 07 08:28:00 +0000 2017,@SpotifyCares Account locked after entering wrong password 3 times. How long does the temporary security lockout last?,11237,
11237,SpotifyCares,False,Tue Nov 07 08:33:00 +0000 2017,@user_spot_619_330 Hello! DM us your registered email and phone number and we'll help verify your 2FA authentication settings. -Zoe,,11236
11238,user_spot_620_321,True,Tue Nov 07 08:42:00 +0000 2017,@SpotifyCares How do I change my registered email address on Spotify without losing my saved songs and playlists?,11239,
11239,SpotifyCares,False,Tue Nov 07 08:58:00 +0000 2017,"@user_spot_620_321 Hi! Check your spam/junk folder, or add no-reply@spotify.com to your email whitelist. DM us your username if still missing! -Carlos",,11238
11240,user_spot_621_336,True,Tue Nov 07 09:01:00 +0000 2017,@SpotifyCares Spotify says my account was disabled due to suspicious activity. How do I verify my identity?,11241,
11241,SpotifyCares,False,Tue Nov 07 09:09:00 +0000 2017,"@user_spot_621_336 Hey! Try disconnecting and reconnecting Facebook under spotify.com/account > Apps, or reset your password using your email. -Kevin",,11240
11242,user_spot_622_685,True,Tue Nov 07 09:18:00 +0000 2017,@SpotifyCares Third party app revoked my Spotify access. How do I view and remove authorized apps on my profile?,11243,
11243,SpotifyCares,False,Tue Nov 07 09:34:00 +0000 2017,@user_spot_622_685 Hi! Send us a DM with your account's email and invoice details right away so we can secure your profile: https://spoti.fi/dm -Daniel,,11242
11244,user_spot_623_898,True,Tue Nov 07 09:23:00 +0000 2017,@SpotifyCares Can I transfer my playlist ownership and followers to another Spotify user account?,11245,
11245,SpotifyCares,False,Tue Nov 07 09:48:00 +0000 2017,"@user_spot_623_898 Hi! Check your spam/junk folder, or add no-reply@spotify.com to your email whitelist. DM us your username if still missing! -Emma",,11244
11246,user_spot_624_444,True,Tue Nov 07 09:45:00 +0000 2017,@SpotifyCares Spotify says my account was disabled due to suspicious activity. How do I verify my identity?,11247,
11247,SpotifyCares,False,Tue Nov 07 09:58:00 +0000 2017,"@user_spot_624_444 Hi! Check your spam/junk folder, or add no-reply@spotify.com to your email whitelist. DM us your username if still missing! -Zoe",,11246
11248,user_spot_625_844,True,Tue Nov 07 09:50:00 +0000 2017,@SpotifyCares Can't log into my account. Password reset email is not arriving in my inbox or spam folder for iCloud Mail.,11249,
11249,SpotifyCares,False,Tue Nov 07 10:08:00 +0000 2017,@user_spot_625_844 Hi! Send us a DM with your account's email and invoice details right away so we can secure your profile: https://spoti.fi/dm -Elena,,11248
11250,user_spot_626_439,True,Tue Nov 07 10:10:00 +0000 2017,@SpotifyCares Someone in another country accessed my account and changed my playlist names. I think I got hacked!,11251,
11251,SpotifyCares,False,Tue Nov 07 10:27:00 +0000 2017,@user_spot_626_439 Hello! Temporary lockouts reset automatically after 30 minutes. You can also reset your password at spotify.com/password-reset. -Ryan,,11250
11252,user_spot_627_939,True,Tue Nov 07 10:19:00 +0000 2017,@SpotifyCares Two-factor authentication (2FA) SMS OTP code is not arriving on my mobile phone number ending in 1109.,11253,
11253,SpotifyCares,False,Tue Nov 07 10:44:00 +0000 2017,"@user_spot_627_939 Hey! We recommend going to spotify.com/account and clicking 'Sign out everywhere', then resetting your password immediately. -Alex",,11252
11254,user_spot_628_716,True,Tue Nov 07 10:35:00 +0000 2017,@SpotifyCares Two-factor authentication (2FA) SMS OTP code is not arriving on my mobile phone number ending in 4921.,11255,
11255,SpotifyCares,False,Tue Nov 07 10:45:00 +0000 2017,@user_spot_628_716 Hi there! Deleted accounts can be restored within 7 days. Send us a private DM with your account details immediately! -Kevin,,11254
11256,user_spot_629_543,True,Tue Nov 07 10:56:00 +0000 2017,@SpotifyCares Someone in another country accessed my account and changed my playlist names. I think I got hacked!,11257,
11257,SpotifyCares,False,Tue Nov 07 11:15:00 +0000 2017,@user_spot_629_543 Hello! DM us your registered email and phone number and we'll help verify your 2FA authentication settings. -Kevin,,11256
11258,user_spot_630_285,True,Tue Nov 07 11:06:00 +0000 2017,"@SpotifyCares Received a security alert about a login from Nigeria on my account. I live in Texas, USA.",11259,
11259,SpotifyCares,False,Tue Nov 07 11:14:00 +0000 2017,@user_spot_630_285 Hey! You can change your email anytime directly under your Account overview at spotify.com/account. -Elena,,11258
11260,user_spot_631_452,True,Tue Nov 07 11:16:00 +0000 2017,@SpotifyCares I didn't receive the verification email to confirm my new email change request.,11261,
11261,SpotifyCares,False,Tue Nov 07 11:22:00 +0000 2017,"@user_spot_631_452 Hi! Check your spam/junk folder, or add no-reply@spotify.com to your email whitelist. DM us your username if still missing! -Carlos",,11260
11262,user_spot_632_245,True,Tue Nov 07 11:37:00 +0000 2017,"@SpotifyCares Received a security alert about a login from Russia on my account. I live in Sydney, Australia.",11263,
11263,SpotifyCares,False,Tue Nov 07 11:49:00 +0000 2017,@user_spot_632_245 Hello! Temporary lockouts reset automatically after 30 minutes. You can also reset your password at spotify.com/password-reset. -Liam,,11262
11264,user_spot_633_415,True,Tue Nov 07 11:51:00 +0000 2017,"@SpotifyCares Received a security alert about a login from Turkey on my account. I live in London, UK.",11265,
11265,SpotifyCares,False,Tue Nov 07 12:11:00 +0000 2017,"@user_spot_633_415 Hey! Try disconnecting and reconnecting Facebook under spotify.com/account > Apps, or reset your password using your email. -Maya",,11264
11266,user_spot_634_885,True,Tue Nov 07 11:57:00 +0000 2017,@SpotifyCares Account locked after entering wrong password 5 times. How long does the temporary security lockout last?,11267,
11267,SpotifyCares,False,Tue Nov 07 12:07:00 +0000 2017,"@user_spot_634_885 Hey! Try disconnecting and reconnecting Facebook under spotify.com/account > Apps, or reset your password using your email. -Maya",,11266
11268,user_spot_635_923,True,Tue Nov 07 12:20:00 +0000 2017,@SpotifyCares I didn't receive the verification email to confirm my new email change request.,11269,
11269,SpotifyCares,False,Tue Nov 07 12:42:00 +0000 2017,"@user_spot_635_923 Hey! We recommend going to spotify.com/account and clicking 'Sign out everywhere', then resetting your password immediately. -Carlos",,11268
11270,user_spot_636_368,True,Tue Nov 07 12:31:00 +0000 2017,@SpotifyCares Accidentally clicked delete account on GDPR page. Can support restore my deleted profile?,11271,
11271,SpotifyCares,False,Tue Nov 07 12:47:00 +0000 2017,@user_spot_636_368 Hello! Temporary lockouts reset automatically after 30 minutes. You can also reset your password at spotify.com/password-reset. -Carlos,,11270
11272,user_spot_637_572,True,Tue Nov 07 12:42:00 +0000 2017,@SpotifyCares How do I change my registered email address on Spotify without losing my saved songs and playlists?,11273,
11273,SpotifyCares,False,Tue Nov 07 12:54:00 +0000 2017,@user_spot_637_572 Hi there! Deleted accounts can be restored within 7 days. Send us a private DM with your account details immediately! -Elena,,11272
11274,user_spot_638_627,True,Tue Nov 07 12:54:00 +0000 2017,@SpotifyCares Third party app revoked my Spotify access. How do I view and remove authorized apps on my profile?,11275,
11275,SpotifyCares,False,Tue Nov 07 13:13:00 +0000 2017,@user_spot_638_627 Hi! Send us a DM with your account's email and invoice details right away so we can secure your profile: https://spoti.fi/dm -Maya,,11274
11276,user_spot_639_525,True,Tue Nov 07 13:14:00 +0000 2017,@SpotifyCares Third party app revoked my Spotify access. How do I view and remove authorized apps on my profile?,11277,
11277,SpotifyCares,False,Tue Nov 07 13:23:00 +0000 2017,"@user_spot_639_525 Hey! Try disconnecting and reconnecting Facebook under spotify.com/account > Apps, or reset your password using your email. -Kevin",,11276
11278,user_spot_640_875,True,Tue Nov 07 13:20:00 +0000 2017,@SpotifyCares How do I change my registered email address on Spotify without losing my saved songs and playlists?,11279,
11279,SpotifyCares,False,Tue Nov 07 13:33:00 +0000 2017,"@user_spot_640_875 Hey! Try disconnecting and reconnecting Facebook under spotify.com/account > Apps, or reset your password using your email. -Chloe",,11278
11280,user_spot_641_124,True,Tue Nov 07 13:42:00 +0000 2017,@SpotifyCares Can I transfer my playlist ownership and followers to another Spotify user account?,11281,
11281,SpotifyCares,False,Tue Nov 07 14:06:00 +0000 2017,@user_spot_641_124 Hi! Send us a DM with your account's email and invoice details right away so we can secure your profile: https://spoti.fi/dm -Kevin,,11280
11282,user_spot_642_643,True,Tue Nov 07 13:58:00 +0000 2017,@SpotifyCares Can I transfer my playlist ownership and followers to another Spotify user account?,11283,
11283,SpotifyCares,False,Tue Nov 07 14:02:00 +0000 2017,"@user_spot_642_643 Hey! Try disconnecting and reconnecting Facebook under spotify.com/account > Apps, or reset your password using your email. -Maya",,11282
11284,user_spot_643_534,True,Tue Nov 07 14:10:00 +0000 2017,@SpotifyCares Accidentally clicked delete account on GDPR page. Can support restore my deleted profile?,11285,
11285,SpotifyCares,False,Tue Nov 07 14:24:00 +0000 2017,@user_spot_643_534 Hey! You can change your email anytime directly under your Account overview at spotify.com/account. -Zoe,,11284
11286,user_spot_644_607,True,Tue Nov 07 14:18:00 +0000 2017,@SpotifyCares Accidentally clicked delete account on GDPR page. Can support restore my deleted profile?,11287,
11287,SpotifyCares,False,Tue Nov 07 14:41:00 +0000 2017,@user_spot_644_607 Hi there! Deleted accounts can be restored within 7 days. Send us a private DM with your account details immediately! -Chloe,,11286
11288,user_spot_645_363,True,Tue Nov 07 14:30:00 +0000 2017,@SpotifyCares Spotify says my account was disabled due to suspicious activity. How do I verify my identity?,11289,
11289,SpotifyCares,False,Tue Nov 07 14:44:00 +0000 2017,"@user_spot_645_363 Hi! Check your spam/junk folder, or add no-reply@spotify.com to your email whitelist. DM us your username if still missing! -Elena",,11288
11290,user_spot_646_572,True,Tue Nov 07 14:51:00 +0000 2017,"@SpotifyCares Received a security alert about a login from Russia on my account. I live in Sydney, Australia.",11291,
11291,SpotifyCares,False,Tue Nov 07 15:13:00 +0000 2017,"@user_spot_646_572 Hi! Check your spam/junk folder, or add no-reply@spotify.com to your email whitelist. DM us your username if still missing! -Zoe",,11290
11292,user_spot_647_760,True,Tue Nov 07 15:07:00 +0000 2017,@SpotifyCares Spotify says my account was disabled due to suspicious activity. How do I verify my identity?,11293,
11293,SpotifyCares,False,Tue Nov 07 15:27:00 +0000 2017,@user_spot_647_760 Hey! You can change your email anytime directly under your Account overview at spotify.com/account. -Zoe,,11292
11294,user_spot_648_987,True,Tue Nov 07 15:19:00 +0000 2017,"@SpotifyCares Cannot sign in using Facebook login button, getting 'OAuth error 500 invalid credentials'.",11295,
11295,SpotifyCares,False,Tue Nov 07 15:40:00 +0000 2017,"@user_spot_648_987 Hey! We recommend going to spotify.com/account and clicking 'Sign out everywhere', then resetting your password immediately. -Sarah",,11294
11296,user_spot_649_130,True,Tue Nov 07 15:33:00 +0000 2017,@SpotifyCares Getting 'Firewall may be blocking Spotify' error code ERR_CONN_BLOCKED when trying to log in on work laptop.,11297,
11297,SpotifyCares,False,Tue Nov 07 15:56:00 +0000 2017,@user_spot_649_130 Hi! Send us a DM with your account's email and invoice details right away so we can secure your profile: https://spoti.fi/dm -Maya,,11296
11298,user_spot_650_978,True,Tue Nov 07 15:41:00 +0000 2017,@SpotifyCares Spotify says my account was disabled due to suspicious activity. How do I verify my identity?,11299,
11299,SpotifyCares,False,Tue Nov 07 16:02:00 +0000 2017,"@user_spot_650_978 Hey! We recommend going to spotify.com/account and clicking 'Sign out everywhere', then resetting your password immediately. -Emma",,11298
11300,user_spot_651_828,True,Tue Nov 07 15:58:00 +0000 2017,@SpotifyCares Account locked after entering wrong password 5 times. How long does the temporary security lockout last?,11301,
11301,SpotifyCares,False,Tue Nov 07 16:03:00 +0000 2017,@user_spot_651_828 Hey! You can change your email anytime directly under your Account overview at spotify.com/account. -Daniel,,11300
11302,user_spot_652_804,True,Tue Nov 07 16:14:00 +0000 2017,@SpotifyCares Someone in another country accessed my account and changed my playlist names. I think I got hacked!,11303,
11303,SpotifyCares,False,Tue Nov 07 16:32:00 +0000 2017,@user_spot_652_804 Hello! DM us your registered email and phone number and we'll help verify your 2FA authentication settings. -Zoe,,11302
11304,user_spot_653_461,True,Tue Nov 07 16:27:00 +0000 2017,@SpotifyCares Third party app revoked my Spotify access. How do I view and remove authorized apps on my profile?,11305,
11305,SpotifyCares,False,Tue Nov 07 16:50:00 +0000 2017,"@user_spot_653_461 Hey! Try disconnecting and reconnecting Facebook under spotify.com/account > Apps, or reset your password using your email. -Liam",,11304
11306,user_spot_654_636,True,Tue Nov 07 16:45:00 +0000 2017,@SpotifyCares Two-factor authentication (2FA) SMS OTP code is not arriving on my mobile phone number ending in 8823.,11307,
11307,SpotifyCares,False,Tue Nov 07 17:05:00 +0000 2017,@user_spot_654_636 Hello! DM us your registered email and phone number and we'll help verify your 2FA authentication settings. -Carlos,,11306
11308,user_spot_655_865,True,Tue Nov 07 16:54:00 +0000 2017,@SpotifyCares Can I transfer my playlist ownership and followers to another Spotify user account?,11309,
11309,SpotifyCares,False,Tue Nov 07 17:02:00 +0000 2017,@user_spot_655_865 Hello! DM us your registered email and phone number and we'll help verify your 2FA authentication settings. -Maya,,11308
11310,user_spot_656_438,True,Tue Nov 07 17:10:00 +0000 2017,@SpotifyCares I didn't receive the verification email to confirm my new email change request.,11311,
11311,SpotifyCares,False,Tue Nov 07 17:26:00 +0000 2017,"@user_spot_656_438 Hi! Check your spam/junk folder, or add no-reply@spotify.com to your email whitelist. DM us your username if still missing! -Emma",,11310
11312,user_spot_657_906,True,Tue Nov 07 17:23:00 +0000 2017,"@SpotifyCares Cannot sign in using Facebook login button, getting 'OAuth error 401 invalid credentials'.",11313,
11313,SpotifyCares,False,Tue Nov 07 17:37:00 +0000 2017,@user_spot_657_906 Hello! Temporary lockouts reset automatically after 30 minutes. You can also reset your password at spotify.com/password-reset. -Liam,,11312
11314,user_spot_658_355,True,Tue Nov 07 17:37:00 +0000 2017,@SpotifyCares Can I merge two Spotify accounts (sam_music and alex_premium) into one without losing my playlists?,11315,
11315,SpotifyCares,False,Tue Nov 07 17:43:00 +0000 2017,@user_spot_658_355 Hi there! Deleted accounts can be restored within 7 days. Send us a private DM with your account details immediately! -Carlos,,11314
11316,user_spot_659_732,True,Tue Nov 07 17:55:00 +0000 2017,@SpotifyCares Spotify says my account was disabled due to suspicious activity. How do I verify my identity?,11317,
11317,SpotifyCares,False,Tue Nov 07 17:59:00 +0000 2017,"@user_spot_659_732 Hey! We recommend going to spotify.com/account and clicking 'Sign out everywhere', then resetting your password immediately. -Emma",,11316
11318,user_spot_660_521,True,Tue Nov 07 18:05:00 +0000 2017,@SpotifyCares Two-factor authentication (2FA) SMS OTP code is not arriving on my mobile phone number ending in 1109.,11319,
11319,SpotifyCares,False,Tue Nov 07 18:21:00 +0000 2017,@user_spot_660_521 Hello! Temporary lockouts reset automatically after 30 minutes. You can also reset your password at spotify.com/password-reset. -Daniel,,11318
11320,user_spot_661_473,True,Tue Nov 07 18:17:00 +0000 2017,@SpotifyCares Getting 'Firewall may be blocking Spotify' error code ERR_CONN_BLOCKED when trying to log in on work laptop.,11321,
11321,SpotifyCares,False,Tue Nov 07 18:39:00 +0000 2017,"@user_spot_661_473 Hi! Check your spam/junk folder, or add no-reply@spotify.com to your email whitelist. DM us your username if still missing! -Maya",,11320
11322,user_spot_662_893,True,Tue Nov 07 18:33:00 +0000 2017,@SpotifyCares How do I sign out of all devices remotely if I left my account logged in at a public computer?,11323,
11323,SpotifyCares,False,Tue Nov 07 18:44:00 +0000 2017,@user_spot_662_893 Hi! Send us a DM with your account's email and invoice details right away so we can secure your profile: https://spoti.fi/dm -Daniel,,11322
11324,user_spot_663_892,True,Tue Nov 07 18:51:00 +0000 2017,@SpotifyCares Someone in another country accessed my account and changed my playlist names. I think I got hacked!,11325,
11325,SpotifyCares,False,Tue Nov 07 19:02:00 +0000 2017,@user_spot_663_892 Hi there! Deleted accounts can be restored within 7 days. Send us a private DM with your account details immediately! -Elena,,11324
11326,user_spot_664_878,True,Tue Nov 07 18:58:00 +0000 2017,@SpotifyCares Can't log into my account. Password reset email is not arriving in my inbox or spam folder for Gmail.,11327,
11327,SpotifyCares,False,Tue Nov 07 19:22:00 +0000 2017,"@user_spot_664_878 Hey! We recommend going to spotify.com/account and clicking 'Sign out everywhere', then resetting your password immediately. -Carlos",,11326
11328,user_spot_665_602,True,Tue Nov 07 19:17:00 +0000 2017,@SpotifyCares Spotify says my account was disabled due to suspicious activity. How do I verify my identity?,11329,
11329,SpotifyCares,False,Tue Nov 07 19:27:00 +0000 2017,@user_spot_665_602 Hi there! Deleted accounts can be restored within 7 days. Send us a private DM with your account details immediately! -Carlos,,11328
11330,user_spot_666_340,True,Tue Nov 07 19:29:00 +0000 2017,@SpotifyCares Spotify says my account was disabled due to suspicious activity. How do I verify my identity?,11331,
11331,SpotifyCares,False,Tue Nov 07 19:45:00 +0000 2017,@user_spot_666_340 Hello! DM us your registered email and phone number and we'll help verify your 2FA authentication settings. -Kevin,,11330
11332,user_spot_667_591,True,Tue Nov 07 19:46:00 +0000 2017,@SpotifyCares Can I merge two Spotify accounts (sam_music and emily_sound) into one without losing my playlists?,11333,
11333,SpotifyCares,False,Tue Nov 07 19:53:00 +0000 2017,@user_spot_667_591 Hey! You can change your email anytime directly under your Account overview at spotify.com/account. -Liam,,11332
11334,user_spot_668_460,True,Tue Nov 07 19:52:00 +0000 2017,"@SpotifyCares Received a security alert about a login from Nigeria on my account. I live in Toronto, Canada.",11335,
11335,SpotifyCares,False,Tue Nov 07 20:14:00 +0000 2017,@user_spot_668_460 Hello! Temporary lockouts reset automatically after 30 minutes. You can also reset your password at spotify.com/password-reset. -Chloe,,11334
11336,user_spot_669_918,True,Tue Nov 07 20:07:00 +0000 2017,@SpotifyCares Account locked after entering wrong password 3 times. How long does the temporary security lockout last?,11337,
11337,SpotifyCares,False,Tue Nov 07 20:27:00 +0000 2017,@user_spot_669_918 Hey! You can change your email anytime directly under your Account overview at spotify.com/account. -Kevin,,11336
11338,user_spot_670_868,True,Tue Nov 07 20:27:00 +0000 2017,@SpotifyCares Can I transfer my playlist ownership and followers to another Spotify user account?,11339,
11339,SpotifyCares,False,Tue Nov 07 20:38:00 +0000 2017,@user_spot_670_868 Hi there! Deleted accounts can be restored within 7 days. Send us a private DM with your account details immediately! -Sarah,,11338
11340,user_spot_671_296,True,Tue Nov 07 20:37:00 +0000 2017,@SpotifyCares Spotify says my account was disabled due to suspicious activity. How do I verify my identity?,11341,
11341,SpotifyCares,False,Tue Nov 07 21:02:00 +0000 2017,"@user_spot_671_296 Hey! Try disconnecting and reconnecting Facebook under spotify.com/account > Apps, or reset your password using your email. -Sarah",,11340
11342,user_spot_672_522,True,Tue Nov 07 20:53:00 +0000 2017,@SpotifyCares Someone in another country accessed my account and changed my playlist names. I think I got hacked!,11343,
11343,SpotifyCares,False,Tue Nov 07 21:01:00 +0000 2017,@user_spot_672_522 Hi there! Deleted accounts can be restored within 7 days. Send us a private DM with your account details immediately! -Alex,,11342
11344,user_spot_673_467,True,Tue Nov 07 21:08:00 +0000 2017,@SpotifyCares Can't log into my account. Password reset email is not arriving in my inbox or spam folder for Gmail.,11345,
11345,SpotifyCares,False,Tue Nov 07 21:29:00 +0000 2017,"@user_spot_673_467 Hey! We recommend going to spotify.com/account and clicking 'Sign out everywhere', then resetting your password immediately. -Sarah",,11344
11346,user_spot_674_912,True,Tue Nov 07 21:20:00 +0000 2017,@SpotifyCares How do I sign out of all devices remotely if I left my account logged in at a public computer?,11347,
11347,SpotifyCares,False,Tue Nov 07 21:25:00 +0000 2017,@user_spot_674_912 Hello! Temporary lockouts reset automatically after 30 minutes. You can also reset your password at spotify.com/password-reset. -Alex,,11346
11348,user_spot_675_997,True,Tue Nov 07 21:33:00 +0000 2017,@SpotifyCares Can't log into my account. Password reset email is not arriving in my inbox or spam folder for Outlook.com.,11349,
11349,SpotifyCares,False,Tue Nov 07 21:48:00 +0000 2017,@user_spot_675_997 Hi! Send us a DM with your account's email and invoice details right away so we can secure your profile: https://spoti.fi/dm -Ryan,,11348
11350,user_spot_676_275,True,Tue Nov 07 21:46:00 +0000 2017,@SpotifyCares Spotify says 'Storage is full' error even though my SD card has 32GB of free space.,11351,
11351,SpotifyCares,False,Tue Nov 07 22:01:00 +0000 2017,@user_spot_676_275 Hey! Send us a DM with your device model and app version if offline sync continues to fail: https://spoti.fi/dm -Elena,,11350
11352,user_spot_677_303,True,Tue Nov 07 22:08:00 +0000 2017,@SpotifyCares Reordering tracks inside a custom playlist doesn't sync across desktop and mobile apps.,11353,
11353,SpotifyCares,False,Tue Nov 07 22:17:00 +0000 2017,@user_spot_677_303 Hi! Make sure both devices are connected to the exact same WiFi network and Local Files are enabled in Settings. -Elena,,11352
11354,user_spot_678_232,True,Tue Nov 07 22:13:00 +0000 2017,@SpotifyCares Playlist download toggle gets stuck spinning at 'Waiting to download... (0 of 2500 songs)'.,11355,
11355,SpotifyCares,False,Tue Nov 07 22:33:00 +0000 2017,"@user_spot_678_232 Hi! Check Settings > Storage > Storage location, and select your SD Card. Ensure app permissions allow storage access. -Carlos",,11354
11356,user_spot_679_744,True,Tue Nov 07 22:30:00 +0000 2017,@SpotifyCares How do I change download storage location to my external micro SD card on Pixel 7 Pro?,11357,
11357,SpotifyCares,False,Tue Nov 07 22:37:00 +0000 2017,@user_spot_679_744 Hey! Go to Settings > Storage > Clear Cache. This clears cached data without removing your downloaded music tracks. -Carlos,,11356
11358,user_spot_680_618,True,Tue Nov 07 22:47:00 +0000 2017,@SpotifyCares Playlist download toggle gets stuck spinning at 'Waiting to download... (0 of 200 songs)'.,11359,
11359,SpotifyCares,False,Tue Nov 07 22:58:00 +0000 2017,"@user_spot_680_618 Hi! Check Settings > Storage > Storage location, and select your SD Card. Ensure app permissions allow storage access. -Liam",,11358
11360,user_spot_681_628,True,Tue Nov 07 22:59:00 +0000 2017,@SpotifyCares Downloaded songs are greyed out and unplayable in offline mode on airplane flight.,11361,
11361,SpotifyCares,False,Tue Nov 07 23:16:00 +0000 2017,@user_spot_681_628 Hey! Go to Settings > Storage > Clear Cache. This clears cached data without removing your downloaded music tracks. -Maya,,11360
11362,user_spot_682_123,True,Tue Nov 07 23:12:00 +0000 2017,@SpotifyCares Spotify says 'Storage is full' error even though my SD card has 256GB of free space.,11363,
11363,SpotifyCares,False,Tue Nov 07 23:33:00 +0000 2017,@user_spot_682_123 Hey! Send us a DM with your device model and app version if offline sync continues to fail: https://spoti.fi/dm -Sarah,,11362
11364,user_spot_683_709,True,Tue Nov 07 23:30:00 +0000 2017,@SpotifyCares Downloaded local MP3 files on desktop are not syncing over WiFi to my iPhone 13 Spotify library.,11365,
11365,SpotifyCares,False,Tue Nov 07 23:52:00 +0000 2017,@user_spot_683_709 Hello! You can recover deleted playlists anytime by visiting spotify.com/account/recover-playlists! -Zoe,,11364
11366,user_spot_684_996,True,Tue Nov 07 23:46:00 +0000 2017,@SpotifyCares Reordering tracks inside a custom playlist doesn't sync across desktop and mobile apps.,11367,
11367,SpotifyCares,False,Wed Nov 08 00:11:00 +0000 2017,"@user_spot_684_996 Hello! Try toggling 'Download over cellular' in Settings > Audio Quality, or restart your WiFi connection. -Sarah",,11366
11368,user_spot_685_911,True,Tue Nov 07 23:51:00 +0000 2017,@SpotifyCares How do I change download storage location to my external micro SD card on iPhone 13?,11369,
11369,SpotifyCares,False,Wed Nov 08 00:12:00 +0000 2017,"@user_spot_685_911 Hi! Premium allows downloading up to 10,000 tracks per device on up to 5 different devices! -Daniel",,11368
11370,user_spot_686_387,True,Wed Nov 08 00:11:00 +0000 2017,@SpotifyCares What is the maximum download limit of songs allowed per device on Spotify Premium?,11371,
11371,SpotifyCares,False,Wed Nov 08 00:30:00 +0000 2017,@user_spot_686_387 Hi! Make sure both devices are connected to the exact same WiFi network and Local Files are enabled in Settings. -Alex,,11370
11372,user_spot_687_161,True,Wed Nov 08 00:27:00 +0000 2017,@SpotifyCares I accidentally deleted my favorite playlist with 800 songs! Can I recover it?,11373,
11373,SpotifyCares,False,Wed Nov 08 00:50:00 +0000 2017,@user_spot_687_161 Hey! Send us a DM with your device model and app version if offline sync continues to fail: https://spoti.fi/dm -Daniel,,11372
11374,user_spot_688_297,True,Wed Nov 08 00:33:00 +0000 2017,@SpotifyCares Why do my downloaded podcasts automatically delete themselves after listening to them?,11375,
11375,SpotifyCares,False,Wed Nov 08 00:52:00 +0000 2017,"@user_spot_688_297 Hi! Premium allows downloading up to 10,000 tracks per device on up to 5 different devices! -Elena",,11374
11376,user_spot_689_593,True,Wed Nov 08 00:50:00 +0000 2017,@SpotifyCares Smart Shuffle keeps adding unwanted recommended songs into my downloaded offline playlist.,11377,
11377,SpotifyCares,False,Wed Nov 08 00:59:00 +0000 2017,@user_spot_689_593 Hey! Go to Settings > Storage > Clear Cache. This clears cached data without removing your downloaded music tracks. -Chloe,,11376
11378,user_spot_690_564,True,Wed Nov 08 01:03:00 +0000 2017,@SpotifyCares Playlist download toggle gets stuck spinning at 'Waiting to download... (0 of 500 songs)'.,11379,
11379,SpotifyCares,False,Wed Nov 08 01:07:00 +0000 2017,"@user_spot_690_564 Hi! Premium allows downloading up to 10,000 tracks per device on up to 5 different devices! -Kevin",,11378
11380,user_spot_691_932,True,Wed Nov 08 01:19:00 +0000 2017,@SpotifyCares Songs downloaded on Premium won't play offline unless I reconnect to internet once every 5 days.,11381,
11381,SpotifyCares,False,Wed Nov 08 01:42:00 +0000 2017,@user_spot_691_932 Hi! Make sure both devices are connected to the exact same WiFi network and Local Files are enabled in Settings. -Sarah,,11380
11382,user_spot_692_556,True,Wed Nov 08 01:30:00 +0000 2017,@SpotifyCares Spotify says 'Storage is full' error even though my SD card has 256GB of free space.,11383,
11383,SpotifyCares,False,Wed Nov 08 01:50:00 +0000 2017,@user_spot_692_556 Hey! Send us a DM with your device model and app version if offline sync continues to fail: https://spoti.fi/dm -Alex,,11382
11384,user_spot_693_616,True,Wed Nov 08 01:49:00 +0000 2017,@SpotifyCares Downloaded local MP3 files on desktop are not syncing over WiFi to my iPhone 13 Spotify library.,11385,
11385,SpotifyCares,False,Wed Nov 08 02:12:00 +0000 2017,@user_spot_693_616 Hi! Make sure both devices are connected to the exact same WiFi network and Local Files are enabled in Settings. -Sarah,,11384
11386,user_spot_694_595,True,Wed Nov 08 01:58:00 +0000 2017,@SpotifyCares Playlist download toggle gets stuck spinning at 'Waiting to download... (0 of 100 songs)'.,11387,
11387,SpotifyCares,False,Wed Nov 08 02:04:00 +0000 2017,@user_spot_694_595 Hey! Send us a DM with your device model and app version if offline sync continues to fail: https://spoti.fi/dm -Daniel,,11386
11388,user_spot_695_125,True,Wed Nov 08 02:17:00 +0000 2017,@SpotifyCares How do I change download storage location to my external micro SD card on Pixel 7 Pro?,11389,
11389,SpotifyCares,False,Wed Nov 08 02:29:00 +0000 2017,"@user_spot_695_125 Hi! Premium allows downloading up to 10,000 tracks per device on up to 5 different devices! -Carlos",,11388
11390,user_spot_696_312,True,Wed Nov 08 02:28:00 +0000 2017,@SpotifyCares Downloaded local MP3 files on desktop are not syncing over WiFi to my OnePlus 11 Spotify library.,11391,
11391,SpotifyCares,False,Wed Nov 08 02:53:00 +0000 2017,"@user_spot_696_312 Hi! Check Settings > Storage > Storage location, and select your SD Card. Ensure app permissions allow storage access. -Daniel",,11390
11392,user_spot_697_510,True,Wed Nov 08 02:45:00 +0000 2017,@SpotifyCares Reordering tracks inside a custom playlist doesn't sync across desktop and mobile apps.,11393,
11393,SpotifyCares,False,Wed Nov 08 03:10:00 +0000 2017,"@user_spot_697_510 Hello! Try toggling 'Download over cellular' in Settings > Audio Quality, or restart your WiFi connection. -Ryan",,11392
11394,user_spot_698_382,True,Wed Nov 08 02:52:00 +0000 2017,@SpotifyCares I accidentally deleted my favorite playlist with 300 songs! Can I recover it?,11395,
11395,SpotifyCares,False,Wed Nov 08 02:57:00 +0000 2017,@user_spot_698_382 Hello! You can recover deleted playlists anytime by visiting spotify.com/account/recover-playlists! -Ryan,,11394
11396,user_spot_699_174,True,Wed Nov 08 03:13:00 +0000 2017,@SpotifyCares Downloaded local MP3 files on desktop are not syncing over WiFi to my OnePlus 11 Spotify library.,11397,
11397,SpotifyCares,False,Wed Nov 08 03:35:00 +0000 2017,@user_spot_699_174 Hey! Send us a DM with your device model and app version if offline sync continues to fail: https://spoti.fi/dm -Emma,,11396
11398,user_spot_700_678,True,Wed Nov 08 03:29:00 +0000 2017,@SpotifyCares Spotify says 'Storage is full' error even though my SD card has 128GB of free space.,11399,
11399,SpotifyCares,False,Wed Nov 08 03:34:00 +0000 2017,"@user_spot_700_678 Hi! Premium allows downloading up to 10,000 tracks per device on up to 5 different devices! -Chloe",,11398
11400,user_spot_701_430,True,Wed Nov 08 03:37:00 +0000 2017,@SpotifyCares My offline playlists keep disappearing on iOS 16 every time I restart the app! Any fix?,11401,
11401,SpotifyCares,False,Wed Nov 08 04:02:00 +0000 2017,@user_spot_701_430 Hey! Remember to go online with Spotify at least once every 30 days to keep your offline downloads active. -Alex,,11400
11402,user_spot_702_744,True,Wed Nov 08 03:58:00 +0000 2017,@SpotifyCares Playlist folder structure disappeared and all playlists are now unorganized in one huge list.,11403,
11403,SpotifyCares,False,Wed Nov 08 04:09:00 +0000 2017,"@user_spot_702_744 Hi! Check Settings > Storage > Storage location, and select your SD Card. Ensure app permissions allow storage access. -Chloe",,11402
11404,user_spot_703_584,True,Wed Nov 08 04:05:00 +0000 2017,@SpotifyCares I accidentally deleted my favorite playlist with 2000 songs! Can I recover it?,11405,
11405,SpotifyCares,False,Wed Nov 08 04:15:00 +0000 2017,@user_spot_703_584 Hello! You can recover deleted playlists anytime by visiting spotify.com/account/recover-playlists! -Chloe,,11404
11406,user_spot_704_806,True,Wed Nov 08 04:16:00 +0000 2017,@SpotifyCares Smart Shuffle keeps adding unwanted recommended songs into my downloaded offline playlist.,11407,
11407,SpotifyCares,False,Wed Nov 08 04:40:00 +0000 2017,"@user_spot_704_806 Hi! Check Settings > Storage > Storage location, and select your SD Card. Ensure app permissions allow storage access. -Alex",,11406
11408,user_spot_705_396,True,Wed Nov 08 04:34:00 +0000 2017,@SpotifyCares Downloaded songs are greyed out and unplayable in offline mode on airplane flight.,11409,
11409,SpotifyCares,False,Wed Nov 08 04:51:00 +0000 2017,@user_spot_705_396 Hey! Send us a DM with your device model and app version if offline sync continues to fail: https://spoti.fi/dm -Maya,,11408
11410,user_spot_706_108,True,Wed Nov 08 04:53:00 +0000 2017,@SpotifyCares Songs downloaded on Premium won't play offline unless I reconnect to internet once every 14 days.,11411,
11411,SpotifyCares,False,Wed Nov 08 05:02:00 +0000 2017,"@user_spot_706_108 Hi! Premium allows downloading up to 10,000 tracks per device on up to 5 different devices! -Sarah",,11410
11412,user_spot_707_789,True,Wed Nov 08 05:08:00 +0000 2017,@SpotifyCares How do I change download storage location to my external micro SD card on iPhone 13?,11413,
11413,SpotifyCares,False,Wed Nov 08 05:21:00 +0000 2017,"@user_spot_707_789 Hello! Try toggling 'Download over cellular' in Settings > Audio Quality, or restart your WiFi connection. -Elena",,11412
11414,user_spot_708_684,True,Wed Nov 08 05:19:00 +0000 2017,@SpotifyCares Reordering tracks inside a custom playlist doesn't sync across desktop and mobile apps.,11415,
11415,SpotifyCares,False,Wed Nov 08 05:28:00 +0000 2017,@user_spot_708_684 Hello! You can recover deleted playlists anytime by visiting spotify.com/account/recover-playlists! -Alex,,11414
11416,user_spot_709_915,True,Wed Nov 08 05:36:00 +0000 2017,@SpotifyCares Downloaded local MP3 files on desktop are not syncing over WiFi to my iPhone 13 Spotify library.,11417,
11417,SpotifyCares,False,Wed Nov 08 06:01:00 +0000 2017,@user_spot_709_915 Hello! You can recover deleted playlists anytime by visiting spotify.com/account/recover-playlists! -Ryan,,11416
11418,user_spot_710_742,True,Wed Nov 08 05:42:00 +0000 2017,@SpotifyCares Spotify says 'Storage is full' error even though my SD card has 256GB of free space.,11419,
11419,SpotifyCares,False,Wed Nov 08 05:53:00 +0000 2017,@user_spot_710_742 Hi! Make sure both devices are connected to the exact same WiFi network and Local Files are enabled in Settings. -Carlos,,11418
11420,user_spot_711_344,True,Wed Nov 08 05:58:00 +0000 2017,@SpotifyCares Reordering tracks inside a custom playlist doesn't sync across desktop and mobile apps.,11421,
11421,SpotifyCares,False,Wed Nov 08 06:08:00 +0000 2017,"@user_spot_711_344 Hi! Check Settings > Storage > Storage location, and select your SD Card. Ensure app permissions allow storage access. -Kevin",,11420
11422,user_spot_712_251,True,Wed Nov 08 06:18:00 +0000 2017,@SpotifyCares Album artwork for downloaded offline tracks is missing and shows blank grey square icons.,11423,
11423,SpotifyCares,False,Wed Nov 08 06:23:00 +0000 2017,@user_spot_712_251 Hey! Send us a DM with your device model and app version if offline sync continues to fail: https://spoti.fi/dm -Emma,,11422
11424,user_spot_713_756,True,Wed Nov 08 06:22:00 +0000 2017,@SpotifyCares Spotify says 'Storage is full' error even though my SD card has 32GB of free space.,11425,
11425,SpotifyCares,False,Wed Nov 08 06:35:00 +0000 2017,"@user_spot_713_756 Hello! Try toggling 'Download over cellular' in Settings > Audio Quality, or restart your WiFi connection. -Maya",,11424
11426,user_spot_714_552,True,Wed Nov 08 06:38:00 +0000 2017,@SpotifyCares Songs downloaded on Premium won't play offline unless I reconnect to internet once every 30 days.,11427,
11427,SpotifyCares,False,Wed Nov 08 06:56:00 +0000 2017,@user_spot_714_552 Hey! Remember to go online with Spotify at least once every 30 days to keep your offline downloads active. -Alex,,11426
11428,user_spot_715_745,True,Wed Nov 08 07:00:00 +0000 2017,@SpotifyCares Songs downloaded on Premium won't play offline unless I reconnect to internet once every 30 days.,11429,
11429,SpotifyCares,False,Wed Nov 08 07:06:00 +0000 2017,@user_spot_715_745 Hey! Send us a DM with your device model and app version if offline sync continues to fail: https://spoti.fi/dm -Maya,,11428
11430,user_spot_716_412,True,Wed Nov 08 07:11:00 +0000 2017,@SpotifyCares How do I change download storage location to my external micro SD card on Samsung Galaxy S22?,11431,
11431,SpotifyCares,False,Wed Nov 08 07:31:00 +0000 2017,@user_spot_716_412 Hey! Go to Settings > Storage > Clear Cache. This clears cached data without removing your downloaded music tracks. -Maya,,11430
11432,user_spot_717_455,True,Wed Nov 08 07:20:00 +0000 2017,@SpotifyCares Why do my downloaded podcasts automatically delete themselves after listening to them?,11433,
11433,SpotifyCares,False,Wed Nov 08 07:31:00 +0000 2017,"@user_spot_717_455 Hello! Try toggling 'Download over cellular' in Settings > Audio Quality, or restart your WiFi connection. -Ryan",,11432
11434,user_spot_718_918,True,Wed Nov 08 07:33:00 +0000 2017,@SpotifyCares Reordering tracks inside a custom playlist doesn't sync across desktop and mobile apps.,11435,
11435,SpotifyCares,False,Wed Nov 08 07:57:00 +0000 2017,"@user_spot_718_918 Hi! Check Settings > Storage > Storage location, and select your SD Card. Ensure app permissions allow storage access. -Emma",,11434
11436,user_spot_719_736,True,Wed Nov 08 07:55:00 +0000 2017,@SpotifyCares What is the maximum download limit of songs allowed per device on Spotify Premium?,11437,
11437,SpotifyCares,False,Wed Nov 08 08:15:00 +0000 2017,"@user_spot_719_736 Hi! Premium allows downloading up to 10,000 tracks per device on up to 5 different devices! -Ryan",,11436
11438,user_spot_720_928,True,Wed Nov 08 08:09:00 +0000 2017,@SpotifyCares Spotify says 'Storage is full' error even though my SD card has 256GB of free space.,11439,
11439,SpotifyCares,False,Wed Nov 08 08:33:00 +0000 2017,@user_spot_720_928 Hey! Send us a DM with your device model and app version if offline sync continues to fail: https://spoti.fi/dm -Daniel,,11438
11440,user_spot_721_970,True,Wed Nov 08 08:21:00 +0000 2017,@SpotifyCares Downloaded local MP3 files on desktop are not syncing over WiFi to my Pixel 7 Pro Spotify library.,11441,
11441,SpotifyCares,False,Wed Nov 08 08:44:00 +0000 2017,"@user_spot_721_970 Hi! Premium allows downloading up to 10,000 tracks per device on up to 5 different devices! -Carlos",,11440
11442,user_spot_722_116,True,Wed Nov 08 08:35:00 +0000 2017,@SpotifyCares Downloaded local MP3 files on desktop are not syncing over WiFi to my OnePlus 11 Spotify library.,11443,
11443,SpotifyCares,False,Wed Nov 08 08:48:00 +0000 2017,@user_spot_722_116 Hello! You can recover deleted playlists anytime by visiting spotify.com/account/recover-playlists! -Daniel,,11442
11444,user_spot_723_392,True,Wed Nov 08 08:43:00 +0000 2017,@SpotifyCares Smart Shuffle keeps adding unwanted recommended songs into my downloaded offline playlist.,11445,
11445,SpotifyCares,False,Wed Nov 08 09:03:00 +0000 2017,"@user_spot_723_392 Hi! Check Settings > Storage > Storage location, and select your SD Card. Ensure app permissions allow storage access. -Ryan",,11444
11446,user_spot_724_998,True,Wed Nov 08 08:58:00 +0000 2017,@SpotifyCares Downloaded songs are greyed out and unplayable in offline mode on airplane flight.,11447,
11447,SpotifyCares,False,Wed Nov 08 09:08:00 +0000 2017,"@user_spot_724_998 Hello! Try toggling 'Download over cellular' in Settings > Audio Quality, or restart your WiFi connection. -Emma",,11446
11448,user_spot_725_909,True,Wed Nov 08 09:13:00 +0000 2017,@SpotifyCares Album artwork for downloaded offline tracks is missing and shows blank grey square icons.,11449,
11449,SpotifyCares,False,Wed Nov 08 09:23:00 +0000 2017,@user_spot_725_909 Hello! You can recover deleted playlists anytime by visiting spotify.com/account/recover-playlists! -Daniel,,11448
11450,user_spot_726_694,True,Wed Nov 08 09:27:00 +0000 2017,@SpotifyCares What is the maximum download limit of songs allowed per device on Spotify Premium?,11451,
11451,SpotifyCares,False,Wed Nov 08 09:44:00 +0000 2017,@user_spot_726_694 Hello! You can recover deleted playlists anytime by visiting spotify.com/account/recover-playlists! -Carlos,,11450
11452,user_spot_727_485,True,Wed Nov 08 09:42:00 +0000 2017,@SpotifyCares I accidentally deleted my favorite playlist with 300 songs! Can I recover it?,11453,
11453,SpotifyCares,False,Wed Nov 08 09:46:00 +0000 2017,@user_spot_727_485 Hello! You can recover deleted playlists anytime by visiting spotify.com/account/recover-playlists! -Alex,,11452
11454,user_spot_728_370,True,Wed Nov 08 10:00:00 +0000 2017,@SpotifyCares Downloaded local MP3 files on desktop are not syncing over WiFi to my iPhone 14 Pro Spotify library.,11455,
11455,SpotifyCares,False,Wed Nov 08 10:21:00 +0000 2017,"@user_spot_728_370 Hello! Try toggling 'Download over cellular' in Settings > Audio Quality, or restart your WiFi connection. -Kevin",,11454
11456,user_spot_729_876,True,Wed Nov 08 10:16:00 +0000 2017,@SpotifyCares Reordering tracks inside a custom playlist doesn't sync across desktop and mobile apps.,11457,
11457,SpotifyCares,False,Wed Nov 08 10:30:00 +0000 2017,"@user_spot_729_876 Hi! Check Settings > Storage > Storage location, and select your SD Card. Ensure app permissions allow storage access. -Alex",,11456
11458,user_spot_730_860,True,Wed Nov 08 10:27:00 +0000 2017,@SpotifyCares Spotify says 'Storage is full' error even though my SD card has 32GB of free space.,11459,
11459,SpotifyCares,False,Wed Nov 08 10:34:00 +0000 2017,@user_spot_730_860 Hey! Remember to go online with Spotify at least once every 30 days to keep your offline downloads active. -Emma,,11458
11460,user_spot_731_597,True,Wed Nov 08 10:42:00 +0000 2017,@SpotifyCares Smart Shuffle keeps adding unwanted recommended songs into my downloaded offline playlist.,11461,
11461,SpotifyCares,False,Wed Nov 08 10:55:00 +0000 2017,@user_spot_731_597 Hi! Make sure both devices are connected to the exact same WiFi network and Local Files are enabled in Settings. -Zoe,,11460
11462,user_spot_732_112,True,Wed Nov 08 10:54:00 +0000 2017,@SpotifyCares Playlist folder structure disappeared and all playlists are now unorganized in one huge list.,11463,
11463,SpotifyCares,False,Wed Nov 08 11:04:00 +0000 2017,@user_spot_732_112 Hey! Send us a DM with your device model and app version if offline sync continues to fail: https://spoti.fi/dm -Maya,,11462
11464,user_spot_733_780,True,Wed Nov 08 11:03:00 +0000 2017,@SpotifyCares Offline songs taking up 15GB of storage even after deleting downloaded albums from library.,11465,
11465,SpotifyCares,False,Wed Nov 08 11:10:00 +0000 2017,@user_spot_733_780 Hello! You can recover deleted playlists anytime by visiting spotify.com/account/recover-playlists! -Ryan,,11464
11466,user_spot_734_950,True,Wed Nov 08 11:17:00 +0000 2017,@SpotifyCares My offline playlists keep disappearing on Android 12 every time I restart the app! Any fix?,11467,
11467,SpotifyCares,False,Wed Nov 08 11:39:00 +0000 2017,"@user_spot_734_950 Hello! Try toggling 'Download over cellular' in Settings > Audio Quality, or restart your WiFi connection. -Chloe",,11466
11468,user_spot_735_820,True,Wed Nov 08 11:36:00 +0000 2017,@SpotifyCares Songs downloaded on Premium won't play offline unless I reconnect to internet once every 14 days.,11469,
11469,SpotifyCares,False,Wed Nov 08 11:43:00 +0000 2017,@user_spot_735_820 Hi! Make sure both devices are connected to the exact same WiFi network and Local Files are enabled in Settings. -Alex,,11468
11470,user_spot_736_893,True,Wed Nov 08 11:49:00 +0000 2017,@SpotifyCares Why do my downloaded podcasts automatically delete themselves after listening to them?,11471,
11471,SpotifyCares,False,Wed Nov 08 12:14:00 +0000 2017,@user_spot_736_893 Hi! Make sure both devices are connected to the exact same WiFi network and Local Files are enabled in Settings. -Kevin,,11470
11472,user_spot_737_425,True,Wed Nov 08 12:02:00 +0000 2017,@SpotifyCares Playlist download toggle gets stuck spinning at 'Waiting to download... (0 of 500 songs)'.,11473,
11473,SpotifyCares,False,Wed Nov 08 12:18:00 +0000 2017,@user_spot_737_425 Hello! You can recover deleted playlists anytime by visiting spotify.com/account/recover-playlists! -Carlos,,11472
11474,user_spot_738_113,True,Wed Nov 08 12:12:00 +0000 2017,@SpotifyCares Why do my downloaded podcasts automatically delete themselves after listening to them?,11475,
11475,SpotifyCares,False,Wed Nov 08 12:16:00 +0000 2017,@user_spot_738_113 Hey! Send us a DM with your device model and app version if offline sync continues to fail: https://spoti.fi/dm -Elena,,11474
11476,user_spot_739_400,True,Wed Nov 08 12:28:00 +0000 2017,@SpotifyCares My offline playlists keep disappearing on Android 12 every time I restart the app! Any fix?,11477,
11477,SpotifyCares,False,Wed Nov 08 12:53:00 +0000 2017,@user_spot_739_400 Hey! Remember to go online with Spotify at least once every 30 days to keep your offline downloads active. -Zoe,,11476
11478,user_spot_740_494,True,Wed Nov 08 12:46:00 +0000 2017,@SpotifyCares Reordering tracks inside a custom playlist doesn't sync across desktop and mobile apps.,11479,
11479,SpotifyCares,False,Wed Nov 08 12:57:00 +0000 2017,@user_spot_740_494 Hey! Go to Settings > Storage > Clear Cache. This clears cached data without removing your downloaded music tracks. -Alex,,11478
11480,user_spot_741_992,True,Wed Nov 08 13:04:00 +0000 2017,@SpotifyCares Playlist folder structure disappeared and all playlists are now unorganized in one huge list.,11481,
11481,SpotifyCares,False,Wed Nov 08 13:13:00 +0000 2017,"@user_spot_741_992 Hello! Try toggling 'Download over cellular' in Settings > Audio Quality, or restart your WiFi connection. -Zoe",,11480
11482,user_spot_742_137,True,Wed Nov 08 13:18:00 +0000 2017,@SpotifyCares What is the maximum download limit of songs allowed per device on Spotify Premium?,11483,
11483,SpotifyCares,False,Wed Nov 08 13:33:00 +0000 2017,@user_spot_742_137 Hey! Send us a DM with your device model and app version if offline sync continues to fail: https://spoti.fi/dm -Chloe,,11482
11484,user_spot_743_856,True,Wed Nov 08 13:24:00 +0000 2017,@SpotifyCares Downloaded songs are greyed out and unplayable in offline mode on airplane flight.,11485,
11485,SpotifyCares,False,Wed Nov 08 13:42:00 +0000 2017,@user_spot_743_856 Hello! You can recover deleted playlists anytime by visiting spotify.com/account/recover-playlists! -Ryan,,11484
11486,user_spot_744_963,True,Wed Nov 08 13:44:00 +0000 2017,@SpotifyCares My offline playlists keep disappearing on iOS 15 every time I restart the app! Any fix?,11487,
11487,SpotifyCares,False,Wed Nov 08 14:07:00 +0000 2017,@user_spot_744_963 Hello! You can recover deleted playlists anytime by visiting spotify.com/account/recover-playlists! -Sarah,,11486
11488,user_spot_745_120,True,Wed Nov 08 13:59:00 +0000 2017,@SpotifyCares How do I change download storage location to my external micro SD card on iPhone 14 Pro?,11489,
11489,SpotifyCares,False,Wed Nov 08 14:08:00 +0000 2017,@user_spot_745_120 Hi! Make sure both devices are connected to the exact same WiFi network and Local Files are enabled in Settings. -Maya,,11488
11490,user_spot_746_957,True,Wed Nov 08 14:09:00 +0000 2017,@SpotifyCares Why do my downloaded podcasts automatically delete themselves after listening to them?,11491,
11491,SpotifyCares,False,Wed Nov 08 14:22:00 +0000 2017,@user_spot_746_957 Hi! Make sure both devices are connected to the exact same WiFi network and Local Files are enabled in Settings. -Emma,,11490
11492,user_spot_747_177,True,Wed Nov 08 14:24:00 +0000 2017,@SpotifyCares My offline playlists keep disappearing on Android 13 every time I restart the app! Any fix?,11493,
11493,SpotifyCares,False,Wed Nov 08 14:39:00 +0000 2017,@user_spot_747_177 Hey! Go to Settings > Storage > Clear Cache. This clears cached data without removing your downloaded music tracks. -Alex,,11492
11494,user_spot_748_871,True,Wed Nov 08 14:41:00 +0000 2017,@SpotifyCares Downloaded songs are greyed out and unplayable in offline mode on airplane flight.,11495,
11495,SpotifyCares,False,Wed Nov 08 14:50:00 +0000 2017,"@user_spot_748_871 Hello! Try toggling 'Download over cellular' in Settings > Audio Quality, or restart your WiFi connection. -Liam",,11494
11496,user_spot_749_502,True,Wed Nov 08 14:51:00 +0000 2017,@SpotifyCares How do I change download storage location to my external micro SD card on iPhone 14 Pro?,11497,
11497,SpotifyCares,False,Wed Nov 08 15:03:00 +0000 2017,@user_spot_749_502 Hey! Remember to go online with Spotify at least once every 30 days to keep your offline downloads active. -Ryan,,11496
11498,user_spot_750_227,True,Wed Nov 08 15:07:00 +0000 2017,@SpotifyCares Playlist download toggle gets stuck spinning at 'Waiting to download... (0 of 1000 songs)'.,11499,
11499,SpotifyCares,False,Wed Nov 08 15:19:00 +0000 2017,@user_spot_750_227 Hey! Go to Settings > Storage > Clear Cache. This clears cached data without removing your downloaded music tracks. -Chloe,,11498
11500,user_spot_751_694,True,Wed Nov 08 15:17:00 +0000 2017,@SpotifyCares Why do my downloaded podcasts automatically delete themselves after listening to them?,11501,
11501,SpotifyCares,False,Wed Nov 08 15:32:00 +0000 2017,@user_spot_751_694 Hey! Remember to go online with Spotify at least once every 30 days to keep your offline downloads active. -Maya,,11500
11502,user_spot_752_925,True,Wed Nov 08 15:36:00 +0000 2017,@SpotifyCares My offline playlists keep disappearing on Android 14 every time I restart the app! Any fix?,11503,
11503,SpotifyCares,False,Wed Nov 08 15:54:00 +0000 2017,@user_spot_752_925 Hello! You can recover deleted playlists anytime by visiting spotify.com/account/recover-playlists! -Zoe,,11502
11504,user_spot_753_929,True,Wed Nov 08 15:43:00 +0000 2017,@SpotifyCares Spotify says 'Storage is full' error even though my SD card has 256GB of free space.,11505,
11505,SpotifyCares,False,Wed Nov 08 16:08:00 +0000 2017,"@user_spot_753_929 Hi! Premium allows downloading up to 10,000 tracks per device on up to 5 different devices! -Liam",,11504
11506,user_spot_754_691,True,Wed Nov 08 16:06:00 +0000 2017,@SpotifyCares I accidentally deleted my favorite playlist with 2000 songs! Can I recover it?,11507,
11507,SpotifyCares,False,Wed Nov 08 16:28:00 +0000 2017,@user_spot_754_691 Hi! Make sure both devices are connected to the exact same WiFi network and Local Files are enabled in Settings. -Liam,,11506
11508,user_spot_755_887,True,Wed Nov 08 16:19:00 +0000 2017,@SpotifyCares My offline playlists keep disappearing on Android 12 every time I restart the app! Any fix?,11509,
11509,SpotifyCares,False,Wed Nov 08 16:38:00 +0000 2017,@user_spot_755_887 Hello! You can recover deleted playlists anytime by visiting spotify.com/account/recover-playlists! -Chloe,,11508
11510,user_spot_756_817,True,Wed Nov 08 16:24:00 +0000 2017,@SpotifyCares How do I change download storage location to my external micro SD card on iPhone 13?,11511,
11511,SpotifyCares,False,Wed Nov 08 16:36:00 +0000 2017,@user_spot_756_817 Hello! You can recover deleted playlists anytime by visiting spotify.com/account/recover-playlists! -Maya,,11510
11512,user_spot_757_505,True,Wed Nov 08 16:48:00 +0000 2017,@SpotifyCares Downloaded songs are greyed out and unplayable in offline mode on airplane flight.,11513,
11513,SpotifyCares,False,Wed Nov 08 16:59:00 +0000 2017,"@user_spot_757_505 Hello! Try toggling 'Download over cellular' in Settings > Audio Quality, or restart your WiFi connection. -Sarah",,11512
11514,user_spot_758_767,True,Wed Nov 08 16:53:00 +0000 2017,@SpotifyCares Reordering tracks inside a custom playlist doesn't sync across desktop and mobile apps.,11515,
11515,SpotifyCares,False,Wed Nov 08 17:10:00 +0000 2017,"@user_spot_758_767 Hi! Check Settings > Storage > Storage location, and select your SD Card. Ensure app permissions allow storage access. -Ryan",,11514
11516,user_spot_759_396,True,Wed Nov 08 17:07:00 +0000 2017,@SpotifyCares Reordering tracks inside a custom playlist doesn't sync across desktop and mobile apps.,11517,
11517,SpotifyCares,False,Wed Nov 08 17:15:00 +0000 2017,@user_spot_759_396 Hey! Go to Settings > Storage > Clear Cache. This clears cached data without removing your downloaded music tracks. -Liam,,11516
11518,user_spot_760_383,True,Wed Nov 08 17:30:00 +0000 2017,@SpotifyCares Album artwork for downloaded offline tracks is missing and shows blank grey square icons.,11519,
11519,SpotifyCares,False,Wed Nov 08 17:46:00 +0000 2017,"@user_spot_760_383 Hi! Premium allows downloading up to 10,000 tracks per device on up to 5 different devices! -Daniel",,11518
11520,user_spot_761_321,True,Wed Nov 08 17:38:00 +0000 2017,@SpotifyCares My offline playlists keep disappearing on iOS 15 every time I restart the app! Any fix?,11521,
11521,SpotifyCares,False,Wed Nov 08 17:42:00 +0000 2017,@user_spot_761_321 Hi! Make sure both devices are connected to the exact same WiFi network and Local Files are enabled in Settings. -Maya,,11520
11522,user_spot_762_982,True,Wed Nov 08 17:57:00 +0000 2017,@SpotifyCares Offline songs taking up 60GB of storage even after deleting downloaded albums from library.,11523,
11523,SpotifyCares,False,Wed Nov 08 18:05:00 +0000 2017,@user_spot_762_982 Hey! Remember to go online with Spotify at least once every 30 days to keep your offline downloads active. -Carlos,,11522
11524,user_spot_763_523,True,Wed Nov 08 18:03:00 +0000 2017,@SpotifyCares Downloaded songs are greyed out and unplayable in offline mode on airplane flight.,11525,
11525,SpotifyCares,False,Wed Nov 08 18:13:00 +0000 2017,"@user_spot_763_523 Hi! Premium allows downloading up to 10,000 tracks per device on up to 5 different devices! -Alex",,11524
11526,user_spot_764_336,True,Wed Nov 08 18:20:00 +0000 2017,@SpotifyCares Songs downloaded on Premium won't play offline unless I reconnect to internet once every 30 days.,11527,
11527,SpotifyCares,False,Wed Nov 08 18:27:00 +0000 2017,@user_spot_764_336 Hi! Make sure both devices are connected to the exact same WiFi network and Local Files are enabled in Settings. -Emma,,11526
11528,user_spot_765_598,True,Wed Nov 08 18:34:00 +0000 2017,@SpotifyCares Playlist folder structure disappeared and all playlists are now unorganized in one huge list.,11529,
11529,SpotifyCares,False,Wed Nov 08 18:53:00 +0000 2017,"@user_spot_765_598 Hi! Premium allows downloading up to 10,000 tracks per device on up to 5 different devices! -Ryan",,11528
11530,user_spot_766_202,True,Wed Nov 08 18:48:00 +0000 2017,@SpotifyCares I accidentally deleted my favorite playlist with 800 songs! Can I recover it?,11531,
11531,SpotifyCares,False,Wed Nov 08 19:08:00 +0000 2017,"@user_spot_766_202 Hello! Try toggling 'Download over cellular' in Settings > Audio Quality, or restart your WiFi connection. -Sarah",,11530
11532,user_spot_767_524,True,Wed Nov 08 18:59:00 +0000 2017,@SpotifyCares What is the maximum download limit of songs allowed per device on Spotify Premium?,11533,
11533,SpotifyCares,False,Wed Nov 08 19:10:00 +0000 2017,@user_spot_767_524 Hello! You can recover deleted playlists anytime by visiting spotify.com/account/recover-playlists! -Elena,,11532
11534,user_spot_768_286,True,Wed Nov 08 19:17:00 +0000 2017,@SpotifyCares Why do my downloaded podcasts automatically delete themselves after listening to them?,11535,
11535,SpotifyCares,False,Wed Nov 08 19:23:00 +0000 2017,@user_spot_768_286 Hi! Make sure both devices are connected to the exact same WiFi network and Local Files are enabled in Settings. -Daniel,,11534
11536,user_spot_769_574,True,Wed Nov 08 19:31:00 +0000 2017,@SpotifyCares Offline songs taking up 40GB of storage even after deleting downloaded albums from library.,11537,
11537,SpotifyCares,False,Wed Nov 08 19:56:00 +0000 2017,@user_spot_769_574 Hey! Send us a DM with your device model and app version if offline sync continues to fail: https://spoti.fi/dm -Daniel,,11536
11538,user_spot_770_151,True,Wed Nov 08 19:43:00 +0000 2017,@SpotifyCares I accidentally deleted my favorite playlist with 300 songs! Can I recover it?,11539,
11539,SpotifyCares,False,Wed Nov 08 19:51:00 +0000 2017,@user_spot_770_151 Hey! Send us a DM with your device model and app version if offline sync continues to fail: https://spoti.fi/dm -Elena,,11538
11540,user_spot_771_719,True,Wed Nov 08 19:59:00 +0000 2017,@SpotifyCares Offline songs taking up 60GB of storage even after deleting downloaded albums from library.,11541,
11541,SpotifyCares,False,Wed Nov 08 20:15:00 +0000 2017,"@user_spot_771_719 Hi! Premium allows downloading up to 10,000 tracks per device on up to 5 different devices! -Ryan",,11540
11542,user_spot_772_810,True,Wed Nov 08 20:17:00 +0000 2017,@SpotifyCares Spotify says 'Storage is full' error even though my SD card has 128GB of free space.,11543,
11543,SpotifyCares,False,Wed Nov 08 20:40:00 +0000 2017,@user_spot_772_810 Hello! You can recover deleted playlists anytime by visiting spotify.com/account/recover-playlists! -Alex,,11542
11544,user_spot_773_325,True,Wed Nov 08 20:27:00 +0000 2017,@SpotifyCares Downloaded local MP3 files on desktop are not syncing over WiFi to my iPad Air Spotify library.,11545,
11545,SpotifyCares,False,Wed Nov 08 20:42:00 +0000 2017,"@user_spot_773_325 Hi! Check Settings > Storage > Storage location, and select your SD Card. Ensure app permissions allow storage access. -Alex",,11544
11546,user_spot_774_800,True,Wed Nov 08 20:36:00 +0000 2017,@SpotifyCares Spotify says 'Storage is full' error even though my SD card has 64GB of free space.,11547,
11547,SpotifyCares,False,Wed Nov 08 20:56:00 +0000 2017,"@user_spot_774_800 Hello! Try toggling 'Download over cellular' in Settings > Audio Quality, or restart your WiFi connection. -Elena",,11546
11548,user_spot_775_614,True,Wed Nov 08 20:51:00 +0000 2017,@SpotifyCares Playlist folder structure disappeared and all playlists are now unorganized in one huge list.,11549,
11549,SpotifyCares,False,Wed Nov 08 21:14:00 +0000 2017,@user_spot_775_614 Hey! Remember to go online with Spotify at least once every 30 days to keep your offline downloads active. -Alex,,11548
11550,user_spot_776_309,True,Wed Nov 08 21:13:00 +0000 2017,@SpotifyCares Spotify says 'Storage is full' error even though my SD card has 32GB of free space.,11551,
11551,SpotifyCares,False,Wed Nov 08 21:31:00 +0000 2017,"@user_spot_776_309 Hi! Check Settings > Storage > Storage location, and select your SD Card. Ensure app permissions allow storage access. -Emma",,11550
11552,user_spot_777_141,True,Wed Nov 08 21:28:00 +0000 2017,@SpotifyCares Songs downloaded on Premium won't play offline unless I reconnect to internet once every 30 days.,11553,
11553,SpotifyCares,False,Wed Nov 08 21:32:00 +0000 2017,@user_spot_777_141 Hi! Make sure both devices are connected to the exact same WiFi network and Local Files are enabled in Settings. -Zoe,,11552
11554,user_spot_778_637,True,Wed Nov 08 21:39:00 +0000 2017,@SpotifyCares Spotify says 'Storage is full' error even though my SD card has 32GB of free space.,11555,
11555,SpotifyCares,False,Wed Nov 08 22:00:00 +0000 2017,@user_spot_778_637 Hey! Remember to go online with Spotify at least once every 30 days to keep your offline downloads active. -Carlos,,11554
11556,user_spot_779_495,True,Wed Nov 08 21:49:00 +0000 2017,@SpotifyCares I accidentally deleted my favorite playlist with 500 songs! Can I recover it?,11557,
11557,SpotifyCares,False,Wed Nov 08 21:53:00 +0000 2017,@user_spot_779_495 Hi! Make sure both devices are connected to the exact same WiFi network and Local Files are enabled in Settings. -Liam,,11556
11558,user_spot_780_898,True,Wed Nov 08 22:02:00 +0000 2017,@SpotifyCares Offline songs taking up 40GB of storage even after deleting downloaded albums from library.,11559,
11559,SpotifyCares,False,Wed Nov 08 22:23:00 +0000 2017,@user_spot_780_898 Hey! Go to Settings > Storage > Clear Cache. This clears cached data without removing your downloaded music tracks. -Sarah,,11558
11560,user_spot_781_458,True,Wed Nov 08 22:23:00 +0000 2017,@SpotifyCares My offline playlists keep disappearing on iOS 15 every time I restart the app! Any fix?,11561,
11561,SpotifyCares,False,Wed Nov 08 22:38:00 +0000 2017,@user_spot_781_458 Hi! Make sure both devices are connected to the exact same WiFi network and Local Files are enabled in Settings. -Emma,,11560
11562,user_spot_782_787,True,Wed Nov 08 22:29:00 +0000 2017,@SpotifyCares I accidentally deleted my favorite playlist with 1200 songs! Can I recover it?,11563,
11563,SpotifyCares,False,Wed Nov 08 22:46:00 +0000 2017,"@user_spot_782_787 Hi! Premium allows downloading up to 10,000 tracks per device on up to 5 different devices! -Kevin",,11562
11564,user_spot_783_889,True,Wed Nov 08 22:50:00 +0000 2017,@SpotifyCares Album artwork for downloaded offline tracks is missing and shows blank grey square icons.,11565,
11565,SpotifyCares,False,Wed Nov 08 22:57:00 +0000 2017,"@user_spot_783_889 Hi! Check Settings > Storage > Storage location, and select your SD Card. Ensure app permissions allow storage access. -Emma",,11564
11566,user_spot_784_118,True,Wed Nov 08 22:59:00 +0000 2017,@SpotifyCares I accidentally deleted my favorite playlist with 1200 songs! Can I recover it?,11567,
11567,SpotifyCares,False,Wed Nov 08 23:23:00 +0000 2017,@user_spot_784_118 Hey! Remember to go online with Spotify at least once every 30 days to keep your offline downloads active. -Maya,,11566
11568,user_spot_785_196,True,Wed Nov 08 23:16:00 +0000 2017,@SpotifyCares Playlist folder structure disappeared and all playlists are now unorganized in one huge list.,11569,
11569,SpotifyCares,False,Wed Nov 08 23:21:00 +0000 2017,@user_spot_785_196 Hey! Go to Settings > Storage > Clear Cache. This clears cached data without removing your downloaded music tracks. -Chloe,,11568
11570,user_spot_786_786,True,Wed Nov 08 23:30:00 +0000 2017,@SpotifyCares Spotify says 'Storage is full' error even though my SD card has 64GB of free space.,11571,
11571,SpotifyCares,False,Wed Nov 08 23:34:00 +0000 2017,@user_spot_786_786 Hey! Go to Settings > Storage > Clear Cache. This clears cached data without removing your downloaded music tracks. -Chloe,,11570
11572,user_spot_787_113,True,Wed Nov 08 23:45:00 +0000 2017,@SpotifyCares Smart Shuffle keeps adding unwanted recommended songs into my downloaded offline playlist.,11573,
11573,SpotifyCares,False,Wed Nov 08 23:54:00 +0000 2017,@user_spot_787_113 Hey! Send us a DM with your device model and app version if offline sync continues to fail: https://spoti.fi/dm -Elena,,11572
11574,user_spot_788_987,True,Wed Nov 08 23:58:00 +0000 2017,@SpotifyCares I accidentally deleted my favorite playlist with 800 songs! Can I recover it?,11575,
11575,SpotifyCares,False,Thu Nov 09 00:15:00 +0000 2017,"@user_spot_788_987 Hi! Check Settings > Storage > Storage location, and select your SD Card. Ensure app permissions allow storage access. -Alex",,11574
11576,user_spot_789_212,True,Thu Nov 09 00:11:00 +0000 2017,@SpotifyCares Playlist folder structure disappeared and all playlists are now unorganized in one huge list.,11577,
11577,SpotifyCares,False,Thu Nov 09 00:23:00 +0000 2017,@user_spot_789_212 Hey! Go to Settings > Storage > Clear Cache. This clears cached data without removing your downloaded music tracks. -Sarah,,11576
11578,user_spot_790_695,True,Thu Nov 09 00:27:00 +0000 2017,@SpotifyCares Album artwork for downloaded offline tracks is missing and shows blank grey square icons.,11579,
11579,SpotifyCares,False,Thu Nov 09 00:51:00 +0000 2017,"@user_spot_790_695 Hi! Premium allows downloading up to 10,000 tracks per device on up to 5 different devices! -Zoe",,11578
11580,user_spot_791_625,True,Thu Nov 09 00:39:00 +0000 2017,@SpotifyCares Downloaded songs are greyed out and unplayable in offline mode on airplane flight.,11581,
11581,SpotifyCares,False,Thu Nov 09 01:03:00 +0000 2017,@user_spot_791_625 Hello! You can recover deleted playlists anytime by visiting spotify.com/account/recover-playlists! -Liam,,11580
11582,user_spot_792_753,True,Thu Nov 09 00:58:00 +0000 2017,@SpotifyCares I accidentally deleted my favorite playlist with 500 songs! Can I recover it?,11583,
11583,SpotifyCares,False,Thu Nov 09 01:13:00 +0000 2017,"@user_spot_792_753 Hello! Try toggling 'Download over cellular' in Settings > Audio Quality, or restart your WiFi connection. -Emma",,11582
11584,user_spot_793_270,True,Thu Nov 09 01:04:00 +0000 2017,@SpotifyCares Songs downloaded on Premium won't play offline unless I reconnect to internet once every 30 days.,11585,
11585,SpotifyCares,False,Thu Nov 09 01:20:00 +0000 2017,@user_spot_793_270 Hey! Remember to go online with Spotify at least once every 30 days to keep your offline downloads active. -Daniel,,11584
11586,user_spot_794_470,True,Thu Nov 09 01:18:00 +0000 2017,@SpotifyCares Downloaded songs are greyed out and unplayable in offline mode on airplane flight.,11587,
11587,SpotifyCares,False,Thu Nov 09 01:30:00 +0000 2017,"@user_spot_794_470 Hi! Premium allows downloading up to 10,000 tracks per device on up to 5 different devices! -Maya",,11586
11588,user_spot_795_588,True,Thu Nov 09 01:31:00 +0000 2017,@SpotifyCares My offline playlists keep disappearing on Android 13 every time I restart the app! Any fix?,11589,
11589,SpotifyCares,False,Thu Nov 09 01:45:00 +0000 2017,"@user_spot_795_588 Hi! Premium allows downloading up to 10,000 tracks per device on up to 5 different devices! -Sarah",,11588
11590,user_spot_796_228,True,Thu Nov 09 01:51:00 +0000 2017,@SpotifyCares Why do my downloaded podcasts automatically delete themselves after listening to them?,11591,
11591,SpotifyCares,False,Thu Nov 09 02:01:00 +0000 2017,"@user_spot_796_228 Hi! Check Settings > Storage > Storage location, and select your SD Card. Ensure app permissions allow storage access. -Ryan",,11590
11592,user_spot_797_759,True,Thu Nov 09 02:04:00 +0000 2017,@SpotifyCares Playlist folder structure disappeared and all playlists are now unorganized in one huge list.,11593,
11593,SpotifyCares,False,Thu Nov 09 02:17:00 +0000 2017,"@user_spot_797_759 Hi! Premium allows downloading up to 10,000 tracks per device on up to 5 different devices! -Carlos",,11592
11594,user_spot_798_712,True,Thu Nov 09 02:22:00 +0000 2017,@SpotifyCares How do I change download storage location to my external micro SD card on OnePlus 11?,11595,
11595,SpotifyCares,False,Thu Nov 09 02:27:00 +0000 2017,"@user_spot_798_712 Hi! Check Settings > Storage > Storage location, and select your SD Card. Ensure app permissions allow storage access. -Kevin",,11594
11596,user_spot_799_435,True,Thu Nov 09 02:35:00 +0000 2017,@SpotifyCares Songs downloaded on Premium won't play offline unless I reconnect to internet once every 14 days.,11597,
11597,SpotifyCares,False,Thu Nov 09 02:51:00 +0000 2017,@user_spot_799_435 Hey! Send us a DM with your device model and app version if offline sync continues to fail: https://spoti.fi/dm -Kevin,,11596
11598,user_spot_800_941,True,Thu Nov 09 02:41:00 +0000 2017,@SpotifyCares Playlist folder structure disappeared and all playlists are now unorganized in one huge list.,11599,
11599,SpotifyCares,False,Thu Nov 09 02:59:00 +0000 2017,@user_spot_800_941 Hey! Send us a DM with your device model and app version if offline sync continues to fail: https://spoti.fi/dm -Ryan,,11598
11600,user_spot_801_367,True,Thu Nov 09 02:55:00 +0000 2017,@SpotifyCares Spotify says 'Storage is full' error even though my SD card has 32GB of free space.,11601,
11601,SpotifyCares,False,Thu Nov 09 03:10:00 +0000 2017,@user_spot_801_367 Hi! Make sure both devices are connected to the exact same WiFi network and Local Files are enabled in Settings. -Chloe,,11600
11602,user_spot_802_481,True,Thu Nov 09 03:18:00 +0000 2017,@SpotifyCares Songs downloaded on Premium won't play offline unless I reconnect to internet once every 14 days.,11603,
11603,SpotifyCares,False,Thu Nov 09 03:23:00 +0000 2017,@user_spot_802_481 Hey! Send us a DM with your device model and app version if offline sync continues to fail: https://spoti.fi/dm -Maya,,11602
11604,user_spot_803_481,True,Thu Nov 09 03:23:00 +0000 2017,@SpotifyCares How do I change download storage location to my external micro SD card on iPad Air?,11605,
11605,SpotifyCares,False,Thu Nov 09 03:46:00 +0000 2017,@user_spot_803_481 Hey! Go to Settings > Storage > Clear Cache. This clears cached data without removing your downloaded music tracks. -Sarah,,11604
11606,user_spot_804_925,True,Thu Nov 09 03:38:00 +0000 2017,@SpotifyCares Playlist download toggle gets stuck spinning at 'Waiting to download... (0 of 200 songs)'.,11607,
11607,SpotifyCares,False,Thu Nov 09 03:59:00 +0000 2017,"@user_spot_804_925 Hi! Check Settings > Storage > Storage location, and select your SD Card. Ensure app permissions allow storage access. -Carlos",,11606
11608,user_spot_805_108,True,Thu Nov 09 03:53:00 +0000 2017,@SpotifyCares What is the maximum download limit of songs allowed per device on Spotify Premium?,11609,
11609,SpotifyCares,False,Thu Nov 09 04:12:00 +0000 2017,@user_spot_805_108 Hey! Send us a DM with your device model and app version if offline sync continues to fail: https://spoti.fi/dm -Chloe,,11608
11610,user_spot_806_812,True,Thu Nov 09 04:09:00 +0000 2017,@SpotifyCares Reordering tracks inside a custom playlist doesn't sync across desktop and mobile apps.,11611,
11611,SpotifyCares,False,Thu Nov 09 04:13:00 +0000 2017,"@user_spot_806_812 Hi! Premium allows downloading up to 10,000 tracks per device on up to 5 different devices! -Emma",,11610
11612,user_spot_807_902,True,Thu Nov 09 04:22:00 +0000 2017,@SpotifyCares Spotify says 'Storage is full' error even though my SD card has 128GB of free space.,11613,
11613,SpotifyCares,False,Thu Nov 09 04:39:00 +0000 2017,"@user_spot_807_902 Hi! Check Settings > Storage > Storage location, and select your SD Card. Ensure app permissions allow storage access. -Liam",,11612
11614,user_spot_808_797,True,Thu Nov 09 04:42:00 +0000 2017,@SpotifyCares Offline songs taking up 40GB of storage even after deleting downloaded albums from library.,11615,
11615,SpotifyCares,False,Thu Nov 09 04:57:00 +0000 2017,@user_spot_808_797 Hey! Go to Settings > Storage > Clear Cache. This clears cached data without removing your downloaded music tracks. -Alex,,11614
11616,user_spot_809_780,True,Thu Nov 09 04:54:00 +0000 2017,@SpotifyCares Downloaded songs are greyed out and unplayable in offline mode on airplane flight.,11617,
11617,SpotifyCares,False,Thu Nov 09 05:05:00 +0000 2017,"@user_spot_809_780 Hi! Check Settings > Storage > Storage location, and select your SD Card. Ensure app permissions allow storage access. -Sarah",,11616
11618,user_spot_810_977,True,Thu Nov 09 05:02:00 +0000 2017,@SpotifyCares How do I change download storage location to my external micro SD card on iPhone 13?,11619,
11619,SpotifyCares,False,Thu Nov 09 05:17:00 +0000 2017,"@user_spot_810_977 Hi! Check Settings > Storage > Storage location, and select your SD Card. Ensure app permissions allow storage access. -Liam",,11618
11620,user_spot_811_588,True,Thu Nov 09 05:21:00 +0000 2017,"@SpotifyCares Family plan invite link says 'Address verification failed, must live at the same address'.",11621,
11621,SpotifyCares,False,Thu Nov 09 05:28:00 +0000 2017,@user_spot_811_588 Hey! All Family plan members must reside at the same physical residential address as the plan manager. -Chloe,,11620
11622,user_spot_812_740,True,Thu Nov 09 05:30:00 +0000 2017,@SpotifyCares How do I remove an inactive member from our Spotify Family subscription group?,11623,
11623,SpotifyCares,False,Thu Nov 09 05:49:00 +0000 2017,@user_spot_812_740 Hi! Student verification is managed via SheerID. Check document submission guidelines here: https://spoti.fi/student -Kevin,,11622
11624,user_spot_813_582,True,Thu Nov 09 05:44:00 +0000 2017,@SpotifyCares Invitation link for Family plan says 'This invitation link has expired or reached limit'.,11625,
11625,SpotifyCares,False,Thu Nov 09 05:58:00 +0000 2017,"@user_spot_813_582 Hello! All your saved music, playlists, and listening history remain intact when switching plans! -Ryan",,11624
11626,user_spot_814_369,True,Thu Nov 09 05:56:00 +0000 2017,@SpotifyCares Does the Student plan include free access to Hulu and Showtime subscriptions in Australia?,11627,
11627,SpotifyCares,False,Thu Nov 09 06:07:00 +0000 2017,@user_spot_814_369 Hello! You can renew your student discount up to 3 times (4 years total). Re-verify at spotify.com/student! -Daniel,,11626
11628,user_spot_815_800,True,Thu Nov 09 06:11:00 +0000 2017,"@SpotifyCares Family plan invite link says 'Address verification failed, must live at the same address'.",11629,
11629,SpotifyCares,False,Thu Nov 09 06:29:00 +0000 2017,@user_spot_815_800 Hey! All Family plan members must reside at the same physical residential address as the plan manager. -Alex,,11628
11630,user_spot_816_388,True,Thu Nov 09 06:25:00 +0000 2017,@SpotifyCares Does the Student plan include free access to Hulu and Showtime subscriptions in Germany?,11631,
11631,SpotifyCares,False,Thu Nov 09 06:39:00 +0000 2017,"@user_spot_816_388 Hi! Log into spotify.com/account, select 'Manage members' under Duo/Family, and copy the new invite link to share. -Elena",,11630
11632,user_spot_817_811,True,Thu Nov 09 06:38:00 +0000 2017,@SpotifyCares Spotify Kids app parental controls PIN code was forgotten. How do I reset parent PIN?,11633,
11633,SpotifyCares,False,Thu Nov 09 06:44:00 +0000 2017,"@user_spot_817_811 Hi! Log into spotify.com/account, select 'Manage members' under Duo/Family, and copy the new invite link to share. -Carlos",,11632
11634,user_spot_818_185,True,Thu Nov 09 06:53:00 +0000 2017,@SpotifyCares SheerID says my student document was rejected because my name on document doesn't match account name.,11635,
11635,SpotifyCares,False,Thu Nov 09 07:14:00 +0000 2017,@user_spot_818_185 Hey! Send us a DM with your account username so we can assist with Family/Student verification: https://spoti.fi/dm -Chloe,,11634
11636,user_spot_819_895,True,Thu Nov 09 07:13:00 +0000 2017,@SpotifyCares How many times can a college student renew the 50% off Student Premium discount?,11637,
11637,SpotifyCares,False,Thu Nov 09 07:20:00 +0000 2017,@user_spot_819_895 Hi! Student verification is managed via SheerID. Check document submission guidelines here: https://spoti.fi/student -Chloe,,11636
11638,user_spot_820_246,True,Thu Nov 09 07:24:00 +0000 2017,@SpotifyCares Family plan member moved to a new apartment in the same city. Do they get kicked off the plan?,11639,
11639,SpotifyCares,False,Thu Nov 09 07:30:00 +0000 2017,@user_spot_820_246 Hey! All Family plan members must reside at the same physical residential address as the plan manager. -Liam,,11638
11640,user_spot_821_567,True,Thu Nov 09 07:40:00 +0000 2017,@SpotifyCares Invitation link for Family plan says 'This invitation link has expired or reached limit'.,11641,
11641,SpotifyCares,False,Thu Nov 09 07:47:00 +0000 2017,@user_spot_821_567 Hey! All Family plan members must reside at the same physical residential address as the plan manager. -Emma,,11640
11642,user_spot_822_787,True,Thu Nov 09 07:50:00 +0000 2017,@SpotifyCares Can family members on a plan see each other's private listening activity or liked songs?,11643,
11643,SpotifyCares,False,Thu Nov 09 08:04:00 +0000 2017,@user_spot_822_787 Hi! The plan manager can generate a fresh invitation link from their Account overview at spotify.com/account. -Alex,,11642
11644,user_spot_823_733,True,Thu Nov 09 08:04:00 +0000 2017,@SpotifyCares Family plan member moved to a new apartment in the same city. Do they get kicked off the plan?,11645,
11645,SpotifyCares,False,Thu Nov 09 08:13:00 +0000 2017,@user_spot_823_733 Hi! The plan manager can generate a fresh invitation link from their Account overview at spotify.com/account. -Carlos,,11644
11646,user_spot_824_725,True,Thu Nov 09 08:16:00 +0000 2017,@SpotifyCares Can I upgrade from an Individual plan to Family plan without losing my playlist history and saved tracks?,11647,
11647,SpotifyCares,False,Thu Nov 09 08:40:00 +0000 2017,"@user_spot_824_725 Hey! As the plan owner, go to spotify.com/account > Family > Manage, click on the member, and select 'Remove'. -Chloe",,11646
11648,user_spot_825_962,True,Thu Nov 09 08:35:00 +0000 2017,@SpotifyCares High school student asking if high school IDs qualify for Spotify Student discount program.,11649,
11649,SpotifyCares,False,Thu Nov 09 08:40:00 +0000 2017,"@user_spot_825_962 Hello! All your saved music, playlists, and listening history remain intact when switching plans! -Emma",,11648
11650,user_spot_826_576,True,Thu Nov 09 08:53:00 +0000 2017,"@SpotifyCares Family plan invite link says 'Address verification failed, must live at the same address'.",11651,
11651,SpotifyCares,False,Thu Nov 09 09:03:00 +0000 2017,"@user_spot_826_576 Hi! Log into spotify.com/account, select 'Manage members' under Duo/Family, and copy the new invite link to share. -Kevin",,11650
11652,user_spot_827_400,True,Thu Nov 09 09:04:00 +0000 2017,@SpotifyCares Having trouble renewing my Student Discount verification with SheerID. Says university email sarah@ucla.edu invalid.,11653,
11653,SpotifyCares,False,Thu Nov 09 09:15:00 +0000 2017,@user_spot_827_400 Hello! You can renew your student discount up to 3 times (4 years total). Re-verify at spotify.com/student! -Sarah,,11652
11654,user_spot_828_523,True,Thu Nov 09 09:20:00 +0000 2017,@SpotifyCares Family plan member moved to a new apartment in the same city. Do they get kicked off the plan?,11655,
11655,SpotifyCares,False,Thu Nov 09 09:24:00 +0000 2017,@user_spot_828_523 Hey! All Family plan members must reside at the same physical residential address as the plan manager. -Maya,,11654
11656,user_spot_829_615,True,Thu Nov 09 09:26:00 +0000 2017,@SpotifyCares Can I upgrade from an Individual plan to Family plan without losing my playlist history and saved tracks?,11657,
11657,SpotifyCares,False,Thu Nov 09 09:43:00 +0000 2017,"@user_spot_829_615 Hi! Log into spotify.com/account, select 'Manage members' under Duo/Family, and copy the new invite link to share. -Emma",,11656
11658,user_spot_830_755,True,Thu Nov 09 09:49:00 +0000 2017,@SpotifyCares Can family members on a plan see each other's private listening activity or liked songs?,11659,
11659,SpotifyCares,False,Thu Nov 09 10:11:00 +0000 2017,@user_spot_830_755 Hey! All Family plan members must reside at the same physical residential address as the plan manager. -Emma,,11658
11660,user_spot_831_764,True,Thu Nov 09 10:03:00 +0000 2017,@SpotifyCares Spotify Kids app parental controls PIN code was forgotten. How do I reset parent PIN?,11661,
11661,SpotifyCares,False,Thu Nov 09 10:22:00 +0000 2017,"@user_spot_831_764 Hey! As the plan owner, go to spotify.com/account > Family > Manage, click on the member, and select 'Remove'. -Emma",,11660
11662,user_spot_832_543,True,Thu Nov 09 10:18:00 +0000 2017,@SpotifyCares Invitation link for Family plan says 'This invitation link has expired or reached limit'.,11663,
11663,SpotifyCares,False,Thu Nov 09 10:22:00 +0000 2017,@user_spot_832_543 Hi! The plan manager can generate a fresh invitation link from their Account overview at spotify.com/account. -Carlos,,11662
11664,user_spot_833_508,True,Thu Nov 09 10:22:00 +0000 2017,"@SpotifyCares Family plan invite link says 'Address verification failed, must live at the same address'.",11665,
11665,SpotifyCares,False,Thu Nov 09 10:27:00 +0000 2017,"@user_spot_833_508 Hello! All your saved music, playlists, and listening history remain intact when switching plans! -Ryan",,11664
11666,user_spot_834_506,True,Thu Nov 09 10:41:00 +0000 2017,@SpotifyCares How many times can a college student renew the 50% off Student Premium discount?,11667,
11667,SpotifyCares,False,Thu Nov 09 10:57:00 +0000 2017,@user_spot_834_506 Hey! All Family plan members must reside at the same physical residential address as the plan manager. -Daniel,,11666
11668,user_spot_835_958,True,Thu Nov 09 10:58:00 +0000 2017,@SpotifyCares Does the Student plan include free access to Hulu and Showtime subscriptions in the US?,11669,
11669,SpotifyCares,False,Thu Nov 09 11:19:00 +0000 2017,@user_spot_835_958 Hey! All Family plan members must reside at the same physical residential address as the plan manager. -Elena,,11668
11670,user_spot_836_905,True,Thu Nov 09 11:12:00 +0000 2017,@SpotifyCares How many times can a college student renew the 50% off Student Premium discount?,11671,
11671,SpotifyCares,False,Thu Nov 09 11:22:00 +0000 2017,@user_spot_836_905 Hey! Send us a DM with your account username so we can assist with Family/Student verification: https://spoti.fi/dm -Alex,,11670
11672,user_spot_837_393,True,Thu Nov 09 11:21:00 +0000 2017,@SpotifyCares SheerID says my student document was rejected because my name on document doesn't match account name.,11673,
11673,SpotifyCares,False,Thu Nov 09 11:33:00 +0000 2017,"@user_spot_837_393 Hey! As the plan owner, go to spotify.com/account > Family > Manage, click on the member, and select 'Remove'. -Maya",,11672
11674,user_spot_838_838,True,Thu Nov 09 11:32:00 +0000 2017,@SpotifyCares How do I remove an inactive member from our Spotify Family subscription group?,11675,
11675,SpotifyCares,False,Thu Nov 09 11:56:00 +0000 2017,@user_spot_838_838 Hi! Student verification is managed via SheerID. Check document submission guidelines here: https://spoti.fi/student -Ryan,,11674
11676,user_spot_839_682,True,Thu Nov 09 11:48:00 +0000 2017,@SpotifyCares Invitation link for Family plan says 'This invitation link has expired or reached limit'.,11677,
11677,SpotifyCares,False,Thu Nov 09 12:08:00 +0000 2017,@user_spot_839_682 Hello! You can renew your student discount up to 3 times (4 years total). Re-verify at spotify.com/student! -Elena,,11676
11678,user_spot_840_786,True,Thu Nov 09 12:07:00 +0000 2017,@SpotifyCares My student discount expired yesterday. Can I re-verify my student status for another year?,11679,
11679,SpotifyCares,False,Thu Nov 09 12:12:00 +0000 2017,@user_spot_840_786 Hi! The plan manager can generate a fresh invitation link from their Account overview at spotify.com/account. -Kevin,,11678
11680,user_spot_841_769,True,Thu Nov 09 12:23:00 +0000 2017,@SpotifyCares Family plan member moved to a new apartment in the same city. Do they get kicked off the plan?,11681,
11681,SpotifyCares,False,Thu Nov 09 12:35:00 +0000 2017,@user_spot_841_769 Hi! Student verification is managed via SheerID. Check document submission guidelines here: https://spoti.fi/student -Liam,,11680
11682,user_spot_842_539,True,Thu Nov 09 12:29:00 +0000 2017,@SpotifyCares Family plan member moved to a new apartment in the same city. Do they get kicked off the plan?,11683,
11683,SpotifyCares,False,Thu Nov 09 12:52:00 +0000 2017,@user_spot_842_539 Hey! All Family plan members must reside at the same physical residential address as the plan manager. -Daniel,,11682
11684,user_spot_843_596,True,Thu Nov 09 12:52:00 +0000 2017,@SpotifyCares Invitation link for Family plan says 'This invitation link has expired or reached limit'.,11685,
11685,SpotifyCares,False,Thu Nov 09 12:56:00 +0000 2017,@user_spot_843_596 Hi! The plan manager can generate a fresh invitation link from their Account overview at spotify.com/account. -Elena,,11684
11686,user_spot_844_553,True,Thu Nov 09 12:56:00 +0000 2017,@SpotifyCares High school student asking if high school IDs qualify for Spotify Student discount program.,11687,
11687,SpotifyCares,False,Thu Nov 09 13:18:00 +0000 2017,@user_spot_844_553 Hi! The plan manager can generate a fresh invitation link from their Account overview at spotify.com/account. -Daniel,,11686
11688,user_spot_845_493,True,Thu Nov 09 13:17:00 +0000 2017,@SpotifyCares Can I have Spotify Duo if my partner and I live in different postal zip codes?,11689,
11689,SpotifyCares,False,Thu Nov 09 13:25:00 +0000 2017,@user_spot_845_493 Hi! The plan manager can generate a fresh invitation link from their Account overview at spotify.com/account. -Maya,,11688
11690,user_spot_846_412,True,Thu Nov 09 13:28:00 +0000 2017,@SpotifyCares How many times can a college student renew the 50% off Student Premium discount?,11691,
11691,SpotifyCares,False,Thu Nov 09 13:51:00 +0000 2017,@user_spot_846_412 Hey! All Family plan members must reside at the same physical residential address as the plan manager. -Elena,,11690
11692,user_spot_847_794,True,Thu Nov 09 13:38:00 +0000 2017,@SpotifyCares How do I remove an inactive member from our Spotify Family subscription group?,11693,
11693,SpotifyCares,False,Thu Nov 09 13:50:00 +0000 2017,@user_spot_847_794 Hi! Student verification is managed via SheerID. Check document submission guidelines here: https://spoti.fi/student -Liam,,11692
11694,user_spot_848_413,True,Thu Nov 09 14:02:00 +0000 2017,@SpotifyCares Does the Student plan include free access to Hulu and Showtime subscriptions in Germany?,11695,
11695,SpotifyCares,False,Thu Nov 09 14:11:00 +0000 2017,@user_spot_848_413 Hey! Send us a DM with your account username so we can assist with Family/Student verification: https://spoti.fi/dm -Zoe,,11694
11696,user_spot_849_856,True,Thu Nov 09 14:09:00 +0000 2017,@SpotifyCares Invitation link for Family plan says 'This invitation link has expired or reached limit'.,11697,
11697,SpotifyCares,False,Thu Nov 09 14:31:00 +0000 2017,@user_spot_849_856 Hello! You can renew your student discount up to 3 times (4 years total). Re-verify at spotify.com/student! -Sarah,,11696
11698,user_spot_850_239,True,Thu Nov 09 14:26:00 +0000 2017,@SpotifyCares Can I upgrade from an Individual plan to Family plan without losing my playlist history and saved tracks?,11699,
11699,SpotifyCares,False,Thu Nov 09 14:34:00 +0000 2017,@user_spot_850_239 Hey! Send us a DM with your account username so we can assist with Family/Student verification: https://spoti.fi/dm -Ryan,,11698
11700,user_spot_851_440,True,Thu Nov 09 14:35:00 +0000 2017,@SpotifyCares Family plan member moved to a new apartment in the same city. Do they get kicked off the plan?,11701,
11701,SpotifyCares,False,Thu Nov 09 14:44:00 +0000 2017,"@user_spot_851_440 Hi! Log into spotify.com/account, select 'Manage members' under Duo/Family, and copy the new invite link to share. -Liam",,11700
11702,user_spot_852_351,True,Thu Nov 09 14:54:00 +0000 2017,@SpotifyCares SheerID says my student document was rejected because my name on document doesn't match account name.,11703,
11703,SpotifyCares,False,Thu Nov 09 15:18:00 +0000 2017,"@user_spot_852_351 Hello! All your saved music, playlists, and listening history remain intact when switching plans! -Carlos",,11702
11704,user_spot_853_974,True,Thu Nov 09 15:08:00 +0000 2017,@SpotifyCares How do I invite members to my Spotify Duo plan for my partner and me?,11705,
11705,SpotifyCares,False,Thu Nov 09 15:18:00 +0000 2017,@user_spot_853_974 Hi! Student verification is managed via SheerID. Check document submission guidelines here: https://spoti.fi/student -Chloe,,11704
11706,user_spot_854_415,True,Thu Nov 09 15:18:00 +0000 2017,@SpotifyCares High school student asking if high school IDs qualify for Spotify Student discount program.,11707,
11707,SpotifyCares,False,Thu Nov 09 15:29:00 +0000 2017,"@user_spot_854_415 Hi! Log into spotify.com/account, select 'Manage members' under Duo/Family, and copy the new invite link to share. -Carlos",,11706
11708,user_spot_855_176,True,Thu Nov 09 15:34:00 +0000 2017,@SpotifyCares High school student asking if high school IDs qualify for Spotify Student discount program.,11709,
11709,SpotifyCares,False,Thu Nov 09 15:50:00 +0000 2017,@user_spot_855_176 Hello! You can renew your student discount up to 3 times (4 years total). Re-verify at spotify.com/student! -Carlos,,11708
11710,user_spot_856_985,True,Thu Nov 09 15:53:00 +0000 2017,@SpotifyCares Does the Student plan include free access to Hulu and Showtime subscriptions in the US?,11711,
11711,SpotifyCares,False,Thu Nov 09 16:01:00 +0000 2017,@user_spot_856_985 Hi! The plan manager can generate a fresh invitation link from their Account overview at spotify.com/account. -Carlos,,11710
11712,user_spot_857_361,True,Thu Nov 09 16:08:00 +0000 2017,@SpotifyCares How do I remove an inactive member from our Spotify Family subscription group?,11713,
11713,SpotifyCares,False,Thu Nov 09 16:23:00 +0000 2017,@user_spot_857_361 Hi! Student verification is managed via SheerID. Check document submission guidelines here: https://spoti.fi/student -Zoe,,11712
11714,user_spot_858_535,True,Thu Nov 09 16:20:00 +0000 2017,@SpotifyCares High school student asking if high school IDs qualify for Spotify Student discount program.,11715,
11715,SpotifyCares,False,Thu Nov 09 16:44:00 +0000 2017,"@user_spot_858_535 Hello! All your saved music, playlists, and listening history remain intact when switching plans! -Emma",,11714
11716,user_spot_859_522,True,Thu Nov 09 16:36:00 +0000 2017,@SpotifyCares Can family members on a plan see each other's private listening activity or liked songs?,11717,
11717,SpotifyCares,False,Thu Nov 09 16:42:00 +0000 2017,@user_spot_859_522 Hey! Send us a DM with your account username so we can assist with Family/Student verification: https://spoti.fi/dm -Maya,,11716
11718,user_spot_860_137,True,Thu Nov 09 16:45:00 +0000 2017,@SpotifyCares Having trouble renewing my Student Discount verification with SheerID. Says university email alex@utexas.edu invalid.,11719,
11719,SpotifyCares,False,Thu Nov 09 17:06:00 +0000 2017,@user_spot_860_137 Hi! Student verification is managed via SheerID. Check document submission guidelines here: https://spoti.fi/student -Zoe,,11718
11720,user_spot_861_442,True,Thu Nov 09 16:55:00 +0000 2017,@SpotifyCares How do I remove an inactive member from our Spotify Family subscription group?,11721,
11721,SpotifyCares,False,Thu Nov 09 17:07:00 +0000 2017,@user_spot_861_442 Hello! You can renew your student discount up to 3 times (4 years total). Re-verify at spotify.com/student! -Ryan,,11720
11722,user_spot_862_400,True,Thu Nov 09 17:12:00 +0000 2017,@SpotifyCares How do I invite members to my Spotify Duo plan for my partner and me?,11723,
11723,SpotifyCares,False,Thu Nov 09 17:27:00 +0000 2017,@user_spot_862_400 Hello! You can renew your student discount up to 3 times (4 years total). Re-verify at spotify.com/student! -Chloe,,11722
11724,user_spot_863_339,True,Thu Nov 09 17:26:00 +0000 2017,@SpotifyCares Can I have Spotify Duo if my partner and I live in different postal zip codes?,11725,
11725,SpotifyCares,False,Thu Nov 09 17:36:00 +0000 2017,"@user_spot_863_339 Hey! As the plan owner, go to spotify.com/account > Family > Manage, click on the member, and select 'Remove'. -Ryan",,11724
11726,user_spot_864_274,True,Thu Nov 09 17:36:00 +0000 2017,@SpotifyCares Having trouble renewing my Student Discount verification with SheerID. Says university email sarah@ucla.edu invalid.,11727,
11727,SpotifyCares,False,Thu Nov 09 17:54:00 +0000 2017,@user_spot_864_274 Hey! Send us a DM with your account username so we can assist with Family/Student verification: https://spoti.fi/dm -Daniel,,11726
11728,user_spot_865_511,True,Thu Nov 09 17:52:00 +0000 2017,@SpotifyCares How do I invite members to my Spotify Duo plan for my partner and me?,11729,
11729,SpotifyCares,False,Thu Nov 09 18:13:00 +0000 2017,"@user_spot_865_511 Hey! As the plan owner, go to spotify.com/account > Family > Manage, click on the member, and select 'Remove'. -Liam",,11728
11730,user_spot_866_586,True,Thu Nov 09 18:14:00 +0000 2017,@SpotifyCares Can family members on a plan see each other's private listening activity or liked songs?,11731,
11731,SpotifyCares,False,Thu Nov 09 18:22:00 +0000 2017,@user_spot_866_586 Hello! You can renew your student discount up to 3 times (4 years total). Re-verify at spotify.com/student! -Elena,,11730
11732,user_spot_867_592,True,Thu Nov 09 18:26:00 +0000 2017,@SpotifyCares Can I have Spotify Duo if my partner and I live in different postal zip codes?,11733,
11733,SpotifyCares,False,Thu Nov 09 18:32:00 +0000 2017,@user_spot_867_592 Hello! You can renew your student discount up to 3 times (4 years total). Re-verify at spotify.com/student! -Daniel,,11732
11734,user_spot_868_383,True,Thu Nov 09 18:33:00 +0000 2017,@SpotifyCares My student discount expired yesterday. Can I re-verify my student status for another year?,11735,
11735,SpotifyCares,False,Thu Nov 09 18:41:00 +0000 2017,"@user_spot_868_383 Hi! Log into spotify.com/account, select 'Manage members' under Duo/Family, and copy the new invite link to share. -Sarah",,11734
11736,user_spot_869_954,True,Thu Nov 09 18:51:00 +0000 2017,@SpotifyCares Can family members on a plan see each other's private listening activity or liked songs?,11737,
11737,SpotifyCares,False,Thu Nov 09 19:08:00 +0000 2017,@user_spot_869_954 Hi! Student verification is managed via SheerID. Check document submission guidelines here: https://spoti.fi/student -Elena,,11736
11738,user_spot_870_103,True,Thu Nov 09 19:03:00 +0000 2017,@SpotifyCares Family plan member moved to a new apartment in the same city. Do they get kicked off the plan?,11739,
11739,SpotifyCares,False,Thu Nov 09 19:21:00 +0000 2017,@user_spot_870_103 Hey! All Family plan members must reside at the same physical residential address as the plan manager. -Elena,,11738
11740,user_spot_871_473,True,Thu Nov 09 19:19:00 +0000 2017,@SpotifyCares How many times can a college student renew the 50% off Student Premium discount?,11741,
11741,SpotifyCares,False,Thu Nov 09 19:38:00 +0000 2017,@user_spot_871_473 Hi! The plan manager can generate a fresh invitation link from their Account overview at spotify.com/account. -Emma,,11740
11742,user_spot_872_562,True,Thu Nov 09 19:33:00 +0000 2017,@SpotifyCares How do I remove an inactive member from our Spotify Family subscription group?,11743,
11743,SpotifyCares,False,Thu Nov 09 19:51:00 +0000 2017,@user_spot_872_562 Hi! The plan manager can generate a fresh invitation link from their Account overview at spotify.com/account. -Zoe,,11742
11744,user_spot_873_715,True,Thu Nov 09 19:52:00 +0000 2017,@SpotifyCares Can I upgrade from an Individual plan to Family plan without losing my playlist history and saved tracks?,11745,
11745,SpotifyCares,False,Thu Nov 09 20:05:00 +0000 2017,"@user_spot_873_715 Hello! All your saved music, playlists, and listening history remain intact when switching plans! -Carlos",,11744
11746,user_spot_874_181,True,Thu Nov 09 20:05:00 +0000 2017,@SpotifyCares How do I remove an inactive member from our Spotify Family subscription group?,11747,
11747,SpotifyCares,False,Thu Nov 09 20:22:00 +0000 2017,"@user_spot_874_181 Hi! Log into spotify.com/account, select 'Manage members' under Duo/Family, and copy the new invite link to share. -Chloe",,11746
11748,user_spot_875_154,True,Thu Nov 09 20:17:00 +0000 2017,@SpotifyCares Spotify Kids app parental controls PIN code was forgotten. How do I reset parent PIN?,11749,
11749,SpotifyCares,False,Thu Nov 09 20:25:00 +0000 2017,"@user_spot_875_154 Hello! All your saved music, playlists, and listening history remain intact when switching plans! -Chloe",,11748
11750,user_spot_876_562,True,Thu Nov 09 20:33:00 +0000 2017,@SpotifyCares Can I upgrade from an Individual plan to Family plan without losing my playlist history and saved tracks?,11751,
11751,SpotifyCares,False,Thu Nov 09 20:52:00 +0000 2017,"@user_spot_876_562 Hey! As the plan owner, go to spotify.com/account > Family > Manage, click on the member, and select 'Remove'. -Daniel",,11750
11752,user_spot_877_211,True,Thu Nov 09 20:48:00 +0000 2017,@SpotifyCares How many times can a college student renew the 50% off Student Premium discount?,11753,
11753,SpotifyCares,False,Thu Nov 09 21:06:00 +0000 2017,"@user_spot_877_211 Hey! As the plan owner, go to spotify.com/account > Family > Manage, click on the member, and select 'Remove'. -Alex",,11752
11754,user_spot_878_559,True,Thu Nov 09 21:01:00 +0000 2017,@SpotifyCares Invitation link for Family plan says 'This invitation link has expired or reached limit'.,11755,
11755,SpotifyCares,False,Thu Nov 09 21:11:00 +0000 2017,@user_spot_878_559 Hello! You can renew your student discount up to 3 times (4 years total). Re-verify at spotify.com/student! -Chloe,,11754
11756,user_spot_879_277,True,Thu Nov 09 21:12:00 +0000 2017,@SpotifyCares Family plan member moved to a new apartment in the same city. Do they get kicked off the plan?,11757,
11757,SpotifyCares,False,Thu Nov 09 21:24:00 +0000 2017,"@user_spot_879_277 Hi! Log into spotify.com/account, select 'Manage members' under Duo/Family, and copy the new invite link to share. -Ryan",,11756
11758,user_spot_880_123,True,Thu Nov 09 21:30:00 +0000 2017,@SpotifyCares How do I remove an inactive member from our Spotify Family subscription group?,11759,
11759,SpotifyCares,False,Thu Nov 09 21:54:00 +0000 2017,@user_spot_880_123 Hi! Student verification is managed via SheerID. Check document submission guidelines here: https://spoti.fi/student -Zoe,,11758
11760,user_spot_881_245,True,Thu Nov 09 21:34:00 +0000 2017,@SpotifyCares SheerID says my student document was rejected because my name on document doesn't match account name.,11761,
11761,SpotifyCares,False,Thu Nov 09 21:48:00 +0000 2017,@user_spot_881_245 Hi! The plan manager can generate a fresh invitation link from their Account overview at spotify.com/account. -Daniel,,11760
11762,user_spot_882_871,True,Thu Nov 09 21:52:00 +0000 2017,@SpotifyCares SheerID says my student document was rejected because my name on document doesn't match account name.,11763,
11763,SpotifyCares,False,Thu Nov 09 22:06:00 +0000 2017,"@user_spot_882_871 Hello! All your saved music, playlists, and listening history remain intact when switching plans! -Chloe",,11762
11764,user_spot_883_595,True,Thu Nov 09 22:03:00 +0000 2017,@SpotifyCares High school student asking if high school IDs qualify for Spotify Student discount program.,11765,
11765,SpotifyCares,False,Thu Nov 09 22:24:00 +0000 2017,@user_spot_883_595 Hi! The plan manager can generate a fresh invitation link from their Account overview at spotify.com/account. -Zoe,,11764
11766,user_spot_884_402,True,Thu Nov 09 22:17:00 +0000 2017,@SpotifyCares SheerID says my student document was rejected because my name on document doesn't match account name.,11767,
11767,SpotifyCares,False,Thu Nov 09 22:33:00 +0000 2017,@user_spot_884_402 Hi! Student verification is managed via SheerID. Check document submission guidelines here: https://spoti.fi/student -Chloe,,11766
11768,user_spot_885_576,True,Thu Nov 09 22:40:00 +0000 2017,@SpotifyCares Can I have Spotify Duo if my partner and I live in different postal zip codes?,11769,
11769,SpotifyCares,False,Thu Nov 09 23:05:00 +0000 2017,@user_spot_885_576 Hi! The plan manager can generate a fresh invitation link from their Account overview at spotify.com/account. -Liam,,11768
11770,user_spot_886_931,True,Thu Nov 09 22:53:00 +0000 2017,@SpotifyCares Invitation link for Family plan says 'This invitation link has expired or reached limit'.,11771,
11771,SpotifyCares,False,Thu Nov 09 23:10:00 +0000 2017,"@user_spot_886_931 Hello! All your saved music, playlists, and listening history remain intact when switching plans! -Maya",,11770
11772,user_spot_887_678,True,Thu Nov 09 23:06:00 +0000 2017,@SpotifyCares Family plan member moved to a new apartment in the same city. Do they get kicked off the plan?,11773,
11773,SpotifyCares,False,Thu Nov 09 23:13:00 +0000 2017,"@user_spot_887_678 Hey! As the plan owner, go to spotify.com/account > Family > Manage, click on the member, and select 'Remove'. -Carlos",,11772
11774,user_spot_888_495,True,Thu Nov 09 23:12:00 +0000 2017,@SpotifyCares High school student asking if high school IDs qualify for Spotify Student discount program.,11775,
11775,SpotifyCares,False,Thu Nov 09 23:23:00 +0000 2017,@user_spot_888_495 Hey! Send us a DM with your account username so we can assist with Family/Student verification: https://spoti.fi/dm -Ryan,,11774
11776,user_spot_889_154,True,Thu Nov 09 23:36:00 +0000 2017,@SpotifyCares How many times can a college student renew the 50% off Student Premium discount?,11777,
11777,SpotifyCares,False,Thu Nov 09 23:46:00 +0000 2017,@user_spot_889_154 Hello! You can renew your student discount up to 3 times (4 years total). Re-verify at spotify.com/student! -Daniel,,11776
11778,user_spot_890_788,True,Thu Nov 09 23:42:00 +0000 2017,@SpotifyCares Having trouble renewing my Student Discount verification with SheerID. Says university email student@stanford.edu invalid.,11779,
11779,SpotifyCares,False,Fri Nov 10 00:03:00 +0000 2017,@user_spot_890_788 Hi! Student verification is managed via SheerID. Check document submission guidelines here: https://spoti.fi/student -Daniel,,11778
11780,user_spot_891_772,True,Thu Nov 09 23:56:00 +0000 2017,@SpotifyCares How many times can a college student renew the 50% off Student Premium discount?,11781,
11781,SpotifyCares,False,Fri Nov 10 00:20:00 +0000 2017,@user_spot_891_772 Hi! Student verification is managed via SheerID. Check document submission guidelines here: https://spoti.fi/student -Elena,,11780
11782,user_spot_892_534,True,Fri Nov 10 00:13:00 +0000 2017,@SpotifyCares Can family members on a plan see each other's private listening activity or liked songs?,11783,
11783,SpotifyCares,False,Fri Nov 10 00:26:00 +0000 2017,"@user_spot_892_534 Hey! As the plan owner, go to spotify.com/account > Family > Manage, click on the member, and select 'Remove'. -Chloe",,11782
11784,user_spot_893_296,True,Fri Nov 10 00:22:00 +0000 2017,@SpotifyCares Invitation link for Family plan says 'This invitation link has expired or reached limit'.,11785,
11785,SpotifyCares,False,Fri Nov 10 00:43:00 +0000 2017,@user_spot_893_296 Hey! All Family plan members must reside at the same physical residential address as the plan manager. -Ryan,,11784
11786,user_spot_894_264,True,Fri Nov 10 00:46:00 +0000 2017,@SpotifyCares Does the Student plan include free access to Hulu and Showtime subscriptions in the UK?,11787,
11787,SpotifyCares,False,Fri Nov 10 01:10:00 +0000 2017,@user_spot_894_264 Hello! You can renew your student discount up to 3 times (4 years total). Re-verify at spotify.com/student! -Ryan,,11786
11788,user_spot_895_723,True,Fri Nov 10 00:51:00 +0000 2017,@SpotifyCares My student discount expired yesterday. Can I re-verify my student status for another year?,11789,
11789,SpotifyCares,False,Fri Nov 10 00:56:00 +0000 2017,@user_spot_895_723 Hi! Student verification is managed via SheerID. Check document submission guidelines here: https://spoti.fi/student -Emma,,11788
11790,user_spot_896_654,True,Fri Nov 10 01:05:00 +0000 2017,@SpotifyCares Does the Student plan include free access to Hulu and Showtime subscriptions in Germany?,11791,
11791,SpotifyCares,False,Fri Nov 10 01:11:00 +0000 2017,@user_spot_896_654 Hello! You can renew your student discount up to 3 times (4 years total). Re-verify at spotify.com/student! -Liam,,11790
11792,user_spot_897_846,True,Fri Nov 10 01:18:00 +0000 2017,@SpotifyCares Can family members on a plan see each other's private listening activity or liked songs?,11793,
11793,SpotifyCares,False,Fri Nov 10 01:22:00 +0000 2017,@user_spot_897_846 Hey! All Family plan members must reside at the same physical residential address as the plan manager. -Zoe,,11792
11794,user_spot_898_373,True,Fri Nov 10 01:42:00 +0000 2017,"@SpotifyCares Family plan invite link says 'Address verification failed, must live at the same address'.",11795,
11795,SpotifyCares,False,Fri Nov 10 02:00:00 +0000 2017,"@user_spot_898_373 Hello! All your saved music, playlists, and listening history remain intact when switching plans! -Maya",,11794
11796,user_spot_899_367,True,Fri Nov 10 01:52:00 +0000 2017,@SpotifyCares How do I remove an inactive member from our Spotify Family subscription group?,11797,
11797,SpotifyCares,False,Fri Nov 10 02:16:00 +0000 2017,@user_spot_899_367 Hey! All Family plan members must reside at the same physical residential address as the plan manager. -Emma,,11796
11798,user_spot_900_783,True,Fri Nov 10 02:09:00 +0000 2017,@SpotifyCares How do I remove an inactive member from our Spotify Family subscription group?,11799,
11799,SpotifyCares,False,Fri Nov 10 02:27:00 +0000 2017,"@user_spot_900_783 Hello! All your saved music, playlists, and listening history remain intact when switching plans! -Zoe",,11798
11800,user_spot_901_908,True,Fri Nov 10 02:23:00 +0000 2017,@SpotifyCares High school student asking if high school IDs qualify for Spotify Student discount program.,11801,
11801,SpotifyCares,False,Fri Nov 10 02:40:00 +0000 2017,@user_spot_901_908 Hey! Send us a DM with your account username so we can assist with Family/Student verification: https://spoti.fi/dm -Sarah,,11800
11802,user_spot_902_696,True,Fri Nov 10 02:30:00 +0000 2017,@SpotifyCares SheerID says my student document was rejected because my name on document doesn't match account name.,11803,
11803,SpotifyCares,False,Fri Nov 10 02:40:00 +0000 2017,"@user_spot_902_696 Hello! All your saved music, playlists, and listening history remain intact when switching plans! -Emma",,11802
11804,user_spot_903_175,True,Fri Nov 10 02:48:00 +0000 2017,@SpotifyCares My student discount expired yesterday. Can I re-verify my student status for another year?,11805,
11805,SpotifyCares,False,Fri Nov 10 03:12:00 +0000 2017,"@user_spot_903_175 Hello! All your saved music, playlists, and listening history remain intact when switching plans! -Liam",,11804
11806,user_spot_904_269,True,Fri Nov 10 02:59:00 +0000 2017,@SpotifyCares My student discount expired yesterday. Can I re-verify my student status for another year?,11807,
11807,SpotifyCares,False,Fri Nov 10 03:11:00 +0000 2017,@user_spot_904_269 Hey! Send us a DM with your account username so we can assist with Family/Student verification: https://spoti.fi/dm -Ryan,,11806
11808,user_spot_905_926,True,Fri Nov 10 03:15:00 +0000 2017,@SpotifyCares Having trouble renewing my Student Discount verification with SheerID. Says university email alex@utexas.edu invalid.,11809,
11809,SpotifyCares,False,Fri Nov 10 03:19:00 +0000 2017,@user_spot_905_926 Hey! Send us a DM with your account username so we can assist with Family/Student verification: https://spoti.fi/dm -Chloe,,11808
11810,user_spot_906_976,True,Fri Nov 10 03:25:00 +0000 2017,@SpotifyCares Can I upgrade from an Individual plan to Family plan without losing my playlist history and saved tracks?,11811,
11811,SpotifyCares,False,Fri Nov 10 03:37:00 +0000 2017,@user_spot_906_976 Hi! The plan manager can generate a fresh invitation link from their Account overview at spotify.com/account. -Ryan,,11810
11812,user_spot_907_392,True,Fri Nov 10 03:38:00 +0000 2017,@SpotifyCares Having trouble renewing my Student Discount verification with SheerID. Says university email jdoe@nyu.edu invalid.,11813,
11813,SpotifyCares,False,Fri Nov 10 03:59:00 +0000 2017,@user_spot_907_392 Hello! You can renew your student discount up to 3 times (4 years total). Re-verify at spotify.com/student! -Daniel,,11812
11814,user_spot_908_270,True,Fri Nov 10 04:01:00 +0000 2017,@SpotifyCares Family plan member moved to a new apartment in the same city. Do they get kicked off the plan?,11815,
11815,SpotifyCares,False,Fri Nov 10 04:10:00 +0000 2017,@user_spot_908_270 Hey! Send us a DM with your account username so we can assist with Family/Student verification: https://spoti.fi/dm -Daniel,,11814
11816,user_spot_909_301,True,Fri Nov 10 04:11:00 +0000 2017,@SpotifyCares My student discount expired yesterday. Can I re-verify my student status for another year?,11817,
11817,SpotifyCares,False,Fri Nov 10 04:32:00 +0000 2017,@user_spot_909_301 Hello! You can renew your student discount up to 3 times (4 years total). Re-verify at spotify.com/student! -Emma,,11816
11818,user_spot_910_475,True,Fri Nov 10 04:30:00 +0000 2017,@SpotifyCares High school student asking if high school IDs qualify for Spotify Student discount program.,11819,
11819,SpotifyCares,False,Fri Nov 10 04:46:00 +0000 2017,"@user_spot_910_475 Hi! Log into spotify.com/account, select 'Manage members' under Duo/Family, and copy the new invite link to share. -Elena",,11818
11820,user_spot_911_540,True,Fri Nov 10 04:39:00 +0000 2017,@SpotifyCares High school student asking if high school IDs qualify for Spotify Student discount program.,11821,
11821,SpotifyCares,False,Fri Nov 10 04:51:00 +0000 2017,"@user_spot_911_540 Hello! All your saved music, playlists, and listening history remain intact when switching plans! -Carlos",,11820
11822,user_spot_912_854,True,Fri Nov 10 04:48:00 +0000 2017,@SpotifyCares High school student asking if high school IDs qualify for Spotify Student discount program.,11823,
11823,SpotifyCares,False,Fri Nov 10 05:06:00 +0000 2017,"@user_spot_912_854 Hi! Log into spotify.com/account, select 'Manage members' under Duo/Family, and copy the new invite link to share. -Ryan",,11822
11824,user_spot_913_311,True,Fri Nov 10 05:03:00 +0000 2017,@SpotifyCares Can family members on a plan see each other's private listening activity or liked songs?,11825,
11825,SpotifyCares,False,Fri Nov 10 05:07:00 +0000 2017,@user_spot_913_311 Hey! All Family plan members must reside at the same physical residential address as the plan manager. -Ryan,,11824
11826,user_spot_914_362,True,Fri Nov 10 05:19:00 +0000 2017,@SpotifyCares Family plan member moved to a new apartment in the same city. Do they get kicked off the plan?,11827,
11827,SpotifyCares,False,Fri Nov 10 05:34:00 +0000 2017,"@user_spot_914_362 Hello! All your saved music, playlists, and listening history remain intact when switching plans! -Sarah",,11826
11828,user_spot_915_957,True,Fri Nov 10 05:34:00 +0000 2017,@SpotifyCares Does the Student plan include free access to Hulu and Showtime subscriptions in Australia?,11829,
11829,SpotifyCares,False,Fri Nov 10 05:39:00 +0000 2017,"@user_spot_915_957 Hi! Log into spotify.com/account, select 'Manage members' under Duo/Family, and copy the new invite link to share. -Elena",,11828
11830,user_spot_916_732,True,Fri Nov 10 05:52:00 +0000 2017,@SpotifyCares Having trouble renewing my Student Discount verification with SheerID. Says university email alex@utexas.edu invalid.,11831,
11831,SpotifyCares,False,Fri Nov 10 06:03:00 +0000 2017,@user_spot_916_732 Hey! All Family plan members must reside at the same physical residential address as the plan manager. -Chloe,,11830
11832,user_spot_917_127,True,Fri Nov 10 06:07:00 +0000 2017,@SpotifyCares SheerID says my student document was rejected because my name on document doesn't match account name.,11833,
11833,SpotifyCares,False,Fri Nov 10 06:16:00 +0000 2017,@user_spot_917_127 Hi! The plan manager can generate a fresh invitation link from their Account overview at spotify.com/account. -Zoe,,11832
11834,user_spot_918_149,True,Fri Nov 10 06:17:00 +0000 2017,@SpotifyCares SheerID says my student document was rejected because my name on document doesn't match account name.,11835,
11835,SpotifyCares,False,Fri Nov 10 06:21:00 +0000 2017,@user_spot_918_149 Hey! Send us a DM with your account username so we can assist with Family/Student verification: https://spoti.fi/dm -Daniel,,11834
11836,user_spot_919_160,True,Fri Nov 10 06:29:00 +0000 2017,@SpotifyCares How many times can a college student renew the 50% off Student Premium discount?,11837,
11837,SpotifyCares,False,Fri Nov 10 06:46:00 +0000 2017,@user_spot_919_160 Hello! You can renew your student discount up to 3 times (4 years total). Re-verify at spotify.com/student! -Zoe,,11836
11838,user_spot_920_186,True,Fri Nov 10 06:49:00 +0000 2017,@SpotifyCares Spotify Kids app parental controls PIN code was forgotten. How do I reset parent PIN?,11839,
11839,SpotifyCares,False,Fri Nov 10 06:53:00 +0000 2017,"@user_spot_920_186 Hey! As the plan owner, go to spotify.com/account > Family > Manage, click on the member, and select 'Remove'. -Daniel",,11838
11840,user_spot_921_164,True,Fri Nov 10 07:02:00 +0000 2017,@SpotifyCares Spotify Kids app parental controls PIN code was forgotten. How do I reset parent PIN?,11841,
11841,SpotifyCares,False,Fri Nov 10 07:07:00 +0000 2017,@user_spot_921_164 Hi! The plan manager can generate a fresh invitation link from their Account overview at spotify.com/account. -Zoe,,11840
11842,user_spot_922_214,True,Fri Nov 10 07:14:00 +0000 2017,@SpotifyCares My student discount expired yesterday. Can I re-verify my student status for another year?,11843,
11843,SpotifyCares,False,Fri Nov 10 07:33:00 +0000 2017,"@user_spot_922_214 Hi! Log into spotify.com/account, select 'Manage members' under Duo/Family, and copy the new invite link to share. -Alex",,11842
11844,user_spot_923_803,True,Fri Nov 10 07:30:00 +0000 2017,@SpotifyCares Invitation link for Family plan says 'This invitation link has expired or reached limit'.,11845,
11845,SpotifyCares,False,Fri Nov 10 07:41:00 +0000 2017,@user_spot_923_803 Hi! Student verification is managed via SheerID. Check document submission guidelines here: https://spoti.fi/student -Alex,,11844
11846,user_spot_924_464,True,Fri Nov 10 07:46:00 +0000 2017,@SpotifyCares High school student asking if high school IDs qualify for Spotify Student discount program.,11847,
11847,SpotifyCares,False,Fri Nov 10 07:51:00 +0000 2017,@user_spot_924_464 Hey! All Family plan members must reside at the same physical residential address as the plan manager. -Zoe,,11846
11848,user_spot_925_470,True,Fri Nov 10 07:57:00 +0000 2017,@SpotifyCares SheerID says my student document was rejected because my name on document doesn't match account name.,11849,
11849,SpotifyCares,False,Fri Nov 10 08:16:00 +0000 2017,@user_spot_925_470 Hi! Student verification is managed via SheerID. Check document submission guidelines here: https://spoti.fi/student -Ryan,,11848
11850,user_spot_926_890,True,Fri Nov 10 08:10:00 +0000 2017,@SpotifyCares How do I invite members to my Spotify Duo plan for my partner and me?,11851,
11851,SpotifyCares,False,Fri Nov 10 08:24:00 +0000 2017,@user_spot_926_890 Hi! Student verification is managed via SheerID. Check document submission guidelines here: https://spoti.fi/student -Ryan,,11850
11852,user_spot_927_971,True,Fri Nov 10 08:23:00 +0000 2017,@SpotifyCares My student discount expired yesterday. Can I re-verify my student status for another year?,11853,
11853,SpotifyCares,False,Fri Nov 10 08:43:00 +0000 2017,"@user_spot_927_971 Hi! Log into spotify.com/account, select 'Manage members' under Duo/Family, and copy the new invite link to share. -Sarah",,11852
11854,user_spot_928_959,True,Fri Nov 10 08:38:00 +0000 2017,@SpotifyCares How do I invite members to my Spotify Duo plan for my partner and me?,11855,
11855,SpotifyCares,False,Fri Nov 10 08:47:00 +0000 2017,"@user_spot_928_959 Hey! As the plan owner, go to spotify.com/account > Family > Manage, click on the member, and select 'Remove'. -Sarah",,11854
11856,user_spot_929_374,True,Fri Nov 10 08:54:00 +0000 2017,"@SpotifyCares Family plan invite link says 'Address verification failed, must live at the same address'.",11857,
11857,SpotifyCares,False,Fri Nov 10 09:19:00 +0000 2017,@user_spot_929_374 Hey! Send us a DM with your account username so we can assist with Family/Student verification: https://spoti.fi/dm -Ryan,,11856
11858,user_spot_930_912,True,Fri Nov 10 09:06:00 +0000 2017,@SpotifyCares Does the Student plan include free access to Hulu and Showtime subscriptions in Germany?,11859,
11859,SpotifyCares,False,Fri Nov 10 09:19:00 +0000 2017,"@user_spot_930_912 Hello! All your saved music, playlists, and listening history remain intact when switching plans! -Sarah",,11858
11860,user_spot_931_995,True,Fri Nov 10 09:21:00 +0000 2017,@SpotifyCares Can I upgrade from an Individual plan to Family plan without losing my playlist history and saved tracks?,11861,
11861,SpotifyCares,False,Fri Nov 10 09:44:00 +0000 2017,"@user_spot_931_995 Hi! Log into spotify.com/account, select 'Manage members' under Duo/Family, and copy the new invite link to share. -Daniel",,11860
11862,user_spot_932_196,True,Fri Nov 10 09:30:00 +0000 2017,@SpotifyCares Can family members on a plan see each other's private listening activity or liked songs?,11863,
11863,SpotifyCares,False,Fri Nov 10 09:34:00 +0000 2017,"@user_spot_932_196 Hi! Log into spotify.com/account, select 'Manage members' under Duo/Family, and copy the new invite link to share. -Sarah",,11862
11864,user_spot_933_853,True,Fri Nov 10 09:43:00 +0000 2017,@SpotifyCares How do I invite members to my Spotify Duo plan for my partner and me?,11865,
11865,SpotifyCares,False,Fri Nov 10 10:06:00 +0000 2017,@user_spot_933_853 Hello! You can renew your student discount up to 3 times (4 years total). Re-verify at spotify.com/student! -Zoe,,11864
11866,user_spot_934_306,True,Fri Nov 10 10:06:00 +0000 2017,@SpotifyCares Invitation link for Family plan says 'This invitation link has expired or reached limit'.,11867,
11867,SpotifyCares,False,Fri Nov 10 10:10:00 +0000 2017,@user_spot_934_306 Hi! Student verification is managed via SheerID. Check document submission guidelines here: https://spoti.fi/student -Emma,,11866
11868,user_spot_935_174,True,Fri Nov 10 10:18:00 +0000 2017,@SpotifyCares Can I upgrade from an Individual plan to Family plan without losing my playlist history and saved tracks?,11869,
11869,SpotifyCares,False,Fri Nov 10 10:32:00 +0000 2017,"@user_spot_935_174 Hi! Log into spotify.com/account, select 'Manage members' under Duo/Family, and copy the new invite link to share. -Alex",,11868
11870,user_spot_936_827,True,Fri Nov 10 10:30:00 +0000 2017,@SpotifyCares SheerID says my student document was rejected because my name on document doesn't match account name.,11871,
11871,SpotifyCares,False,Fri Nov 10 10:36:00 +0000 2017,@user_spot_936_827 Hi! The plan manager can generate a fresh invitation link from their Account overview at spotify.com/account. -Maya,,11870
11872,user_spot_937_198,True,Fri Nov 10 10:42:00 +0000 2017,@SpotifyCares Spotify Kids app parental controls PIN code was forgotten. How do I reset parent PIN?,11873,
11873,SpotifyCares,False,Fri Nov 10 11:02:00 +0000 2017,@user_spot_937_198 Hi! Student verification is managed via SheerID. Check document submission guidelines here: https://spoti.fi/student -Sarah,,11872
11874,user_spot_938_921,True,Fri Nov 10 11:00:00 +0000 2017,@SpotifyCares How do I invite members to my Spotify Duo plan for my partner and me?,11875,
11875,SpotifyCares,False,Fri Nov 10 11:04:00 +0000 2017,@user_spot_938_921 Hello! You can renew your student discount up to 3 times (4 years total). Re-verify at spotify.com/student! -Alex,,11874
11876,user_spot_939_352,True,Fri Nov 10 11:16:00 +0000 2017,@SpotifyCares How many times can a college student renew the 50% off Student Premium discount?,11877,
11877,SpotifyCares,False,Fri Nov 10 11:30:00 +0000 2017,@user_spot_939_352 Hey! Send us a DM with your account username so we can assist with Family/Student verification: https://spoti.fi/dm -Liam,,11876
11878,user_spot_940_218,True,Fri Nov 10 11:21:00 +0000 2017,@SpotifyCares My student discount expired yesterday. Can I re-verify my student status for another year?,11879,
11879,SpotifyCares,False,Fri Nov 10 11:31:00 +0000 2017,@user_spot_940_218 Hello! You can renew your student discount up to 3 times (4 years total). Re-verify at spotify.com/student! -Carlos,,11878
11880,user_spot_941_678,True,Fri Nov 10 11:40:00 +0000 2017,"@SpotifyCares Family plan invite link says 'Address verification failed, must live at the same address'.",11881,
11881,SpotifyCares,False,Fri Nov 10 12:00:00 +0000 2017,"@user_spot_941_678 Hey! As the plan owner, go to spotify.com/account > Family > Manage, click on the member, and select 'Remove'. -Maya",,11880
11882,user_spot_942_478,True,Fri Nov 10 11:55:00 +0000 2017,@SpotifyCares Having trouble renewing my Student Discount verification with SheerID. Says university email sarah@ucla.edu invalid.,11883,
11883,SpotifyCares,False,Fri Nov 10 12:16:00 +0000 2017,@user_spot_942_478 Hi! Student verification is managed via SheerID. Check document submission guidelines here: https://spoti.fi/student -Sarah,,11882
11884,user_spot_943_382,True,Fri Nov 10 12:06:00 +0000 2017,@SpotifyCares Can I have Spotify Duo if my partner and I live in different postal zip codes?,11885,
11885,SpotifyCares,False,Fri Nov 10 12:17:00 +0000 2017,@user_spot_943_382 Hey! Send us a DM with your account username so we can assist with Family/Student verification: https://spoti.fi/dm -Alex,,11884
11886,user_spot_944_567,True,Fri Nov 10 12:26:00 +0000 2017,@SpotifyCares Spotify Kids app parental controls PIN code was forgotten. How do I reset parent PIN?,11887,
11887,SpotifyCares,False,Fri Nov 10 12:30:00 +0000 2017,"@user_spot_944_567 Hi! Log into spotify.com/account, select 'Manage members' under Duo/Family, and copy the new invite link to share. -Zoe",,11886
11888,user_spot_945_376,True,Fri Nov 10 12:33:00 +0000 2017,@SpotifyCares How many times can a college student renew the 50% off Student Premium discount?,11889,
11889,SpotifyCares,False,Fri Nov 10 12:51:00 +0000 2017,@user_spot_945_376 Hey! Send us a DM with your account username so we can assist with Family/Student verification: https://spoti.fi/dm -Elena,,11888
11890,user_spot_946_838,True,Fri Nov 10 12:49:00 +0000 2017,@SpotifyCares Please add a native Sleep Timer feature to the Windows 11 desktop application.,11891,
11891,SpotifyCares,False,Fri Nov 10 13:10:00 +0000 2017,"@user_spot_946_838 Hello! Go to the artist's profile, tap the three dots (···) and select 'Don't play this artist' to block them. -Ryan",,11890
11892,user_spot_947_393,True,Fri Nov 10 13:01:00 +0000 2017,@SpotifyCares The Equalizer setting on macOS Ventura desktop app disappeared after the latest update.,11893,
11893,SpotifyCares,False,Fri Nov 10 13:07:00 +0000 2017,@user_spot_947_393 Hey! Thanks for the feedback! We've passed this request along to our desktop development team. -Carlos,,11892
11894,user_spot_948_921,True,Fri Nov 10 13:12:00 +0000 2017,@SpotifyCares Please add an option to exclude certain playlists from my Taste Profile and Spotify Wrapped!,11895,
11895,SpotifyCares,False,Fri Nov 10 13:28:00 +0000 2017,@user_spot_948_921 Hey! Great suggestion. You can submit and vote on feature ideas directly on our Spotify Community Idea Board: https://spoti.fi/ideas -Kevin,,11894
11896,user_spot_949_576,True,Fri Nov 10 13:26:00 +0000 2017,@SpotifyCares Liked Songs playlist count shows 1200 tracks but only 2000 load when scrolling to the bottom.,11897,
11897,SpotifyCares,False,Fri Nov 10 13:35:00 +0000 2017,@user_spot_949_576 Hi! We're always testing UI improvements. Make sure your app is updated to the latest version on the Play Store! -Chloe,,11896
11898,user_spot_950_233,True,Fri Nov 10 13:49:00 +0000 2017,@SpotifyCares How do I change my public username or display name on my Spotify artist/user profile?,11899,
11899,SpotifyCares,False,Fri Nov 10 13:57:00 +0000 2017,@user_spot_950_233 Hello! You can update your display name anytime from your profile page in the mobile or desktop app settings. -Alex,,11898
11900,user_spot_951_443,True,Fri Nov 10 13:57:00 +0000 2017,@SpotifyCares Feature suggestion: Allow sorting playlists by BPM / tempo for workout and running mixes.,11901,
11901,SpotifyCares,False,Fri Nov 10 14:02:00 +0000 2017,@user_spot_951_443 Hi! You can exclude any playlist from your Taste Profile by tapping the three dots on the playlist and selecting 'Exclude'. -Daniel,,11900
11902,user_spot_952_795,True,Fri Nov 10 14:15:00 +0000 2017,@SpotifyCares Feature request: Please allow uploading custom playlist cover art images directly from mobile phone!,11903,
11903,SpotifyCares,False,Fri Nov 10 14:24:00 +0000 2017,@user_spot_952_795 Hey! Great suggestion. You can submit and vote on feature ideas directly on our Spotify Community Idea Board: https://spoti.fi/ideas -Carlos,,11902
11904,user_spot_953_553,True,Fri Nov 10 14:26:00 +0000 2017,@SpotifyCares Please add an option to exclude certain playlists from my Taste Profile and Spotify Wrapped!,11905,
11905,SpotifyCares,False,Fri Nov 10 14:41:00 +0000 2017,@user_spot_953_553 Hi! Lyrics availability depends on licensing from Musixmatch and rightsholders. We're constantly adding new lyrics! -Zoe,,11904
11906,user_spot_954_694,True,Fri Nov 10 14:46:00 +0000 2017,@SpotifyCares Why are real-time karaoke lyrics not appearing on the web player and TV app for some tracks?,11907,
11907,SpotifyCares,False,Fri Nov 10 15:06:00 +0000 2017,@user_spot_954_694 Hi! Lyrics availability depends on licensing from Musixmatch and rightsholders. We're constantly adding new lyrics! -Daniel,,11906
11908,user_spot_955_201,True,Fri Nov 10 14:52:00 +0000 2017,@SpotifyCares When is Spotify HiFi 24-bit lossless streaming audio going to be released?,11909,
11909,SpotifyCares,False,Fri Nov 10 15:17:00 +0000 2017,@user_spot_955_201 Hi! Lyrics availability depends on licensing from Musixmatch and rightsholders. We're constantly adding new lyrics! -Alex,,11908
11910,user_spot_956_877,True,Fri Nov 10 15:09:00 +0000 2017,@SpotifyCares Please add a native Sleep Timer feature to the Windows 10 desktop application.,11911,
11911,SpotifyCares,False,Fri Nov 10 15:21:00 +0000 2017,"@user_spot_956_877 Hello! Go to the artist's profile, tap the three dots (···) and select 'Don't play this artist' to block them. -Maya",,11910
11912,user_spot_957_305,True,Fri Nov 10 15:21:00 +0000 2017,@SpotifyCares Can you add collaborative playlist listening sessions with friends over Discord or FaceTime?,11913,
11913,SpotifyCares,False,Fri Nov 10 15:41:00 +0000 2017,@user_spot_957_305 Hi! Lyrics availability depends on licensing from Musixmatch and rightsholders. We're constantly adding new lyrics! -Sarah,,11912
11914,user_spot_958_874,True,Fri Nov 10 15:33:00 +0000 2017,@SpotifyCares Would love if we could pin our top 5 favorite albums and playlists to the top of our user profile.,11915,
11915,SpotifyCares,False,Fri Nov 10 15:57:00 +0000 2017,@user_spot_958_874 Hi! Lyrics availability depends on licensing from Musixmatch and rightsholders. We're constantly adding new lyrics! -Zoe,,11914
11916,user_spot_959_518,True,Fri Nov 10 15:56:00 +0000 2017,@SpotifyCares Would love if we could pin our top 8 favorite albums and playlists to the top of our user profile.,11917,
11917,SpotifyCares,False,Fri Nov 10 16:01:00 +0000 2017,@user_spot_959_518 Hey! Send us a DM if your Daily Mix or Discover Weekly playlists are stuck so we can refresh your cache! -Maya,,11916
11918,user_spot_960_375,True,Fri Nov 10 16:05:00 +0000 2017,@SpotifyCares Please add a feature to swipe right to add songs to queue on Android like iOS has!,11919,
11919,SpotifyCares,False,Fri Nov 10 16:10:00 +0000 2017,@user_spot_960_375 Hi! You can exclude any playlist from your Taste Profile by tapping the three dots on the playlist and selecting 'Exclude'. -Zoe,,11918
11920,user_spot_961_862,True,Fri Nov 10 16:24:00 +0000 2017,@SpotifyCares Would love if we could pin our top 3 favorite albums and playlists to the top of our user profile.,11921,
11921,SpotifyCares,False,Fri Nov 10 16:43:00 +0000 2017,@user_spot_961_862 Hi! You can exclude any playlist from your Taste Profile by tapping the three dots on the playlist and selecting 'Exclude'. -Alex,,11920
11922,user_spot_962_699,True,Fri Nov 10 16:33:00 +0000 2017,@SpotifyCares Liked Songs playlist count shows 2500 tracks but only 800 load when scrolling to the bottom.,11923,
11923,SpotifyCares,False,Fri Nov 10 16:38:00 +0000 2017,@user_spot_962_699 Hey! Send us a DM if your Daily Mix or Discover Weekly playlists are stuck so we can refresh your cache! -Alex,,11922
11924,user_spot_963_220,True,Fri Nov 10 16:48:00 +0000 2017,@SpotifyCares Why are real-time karaoke lyrics not appearing on the web player and TV app for some tracks?,11925,
11925,SpotifyCares,False,Fri Nov 10 16:53:00 +0000 2017,@user_spot_963_220 Hi! Lyrics availability depends on licensing from Musixmatch and rightsholders. We're constantly adding new lyrics! -Carlos,,11924
11926,user_spot_964_243,True,Fri Nov 10 17:06:00 +0000 2017,@SpotifyCares Would love if we could pin our top 3 favorite albums and playlists to the top of our user profile.,11927,
11927,SpotifyCares,False,Fri Nov 10 17:21:00 +0000 2017,@user_spot_964_243 Hey! Thanks for the feedback! We've passed this request along to our desktop development team. -Ryan,,11926
11928,user_spot_965_754,True,Fri Nov 10 17:11:00 +0000 2017,@SpotifyCares Can you add collaborative playlist listening sessions with friends over Discord or FaceTime?,11929,
11929,SpotifyCares,False,Fri Nov 10 17:15:00 +0000 2017,@user_spot_965_754 Hi! You can exclude any playlist from your Taste Profile by tapping the three dots on the playlist and selecting 'Exclude'. -Zoe,,11928
11930,user_spot_966_767,True,Fri Nov 10 17:31:00 +0000 2017,@SpotifyCares Would love if we could pin our top 8 favorite albums and playlists to the top of our user profile.,11931,
11931,SpotifyCares,False,Fri Nov 10 17:49:00 +0000 2017,@user_spot_966_767 Hey! Send us a DM if your Daily Mix or Discover Weekly playlists are stuck so we can refresh your cache! -Elena,,11930
11932,user_spot_967_737,True,Fri Nov 10 17:47:00 +0000 2017,@SpotifyCares When is Spotify HiFi 24-bit lossless streaming audio going to be released?,11933,
11933,SpotifyCares,False,Fri Nov 10 17:56:00 +0000 2017,@user_spot_967_737 Hey! Great suggestion. You can submit and vote on feature ideas directly on our Spotify Community Idea Board: https://spoti.fi/ideas -Kevin,,11932
11934,user_spot_968_608,True,Fri Nov 10 17:59:00 +0000 2017,@SpotifyCares Why are real-time karaoke lyrics not appearing on the web player and TV app for some tracks?,11935,
11935,SpotifyCares,False,Fri Nov 10 18:03:00 +0000 2017,"@user_spot_968_608 Hello! Go to the artist's profile, tap the three dots (···) and select 'Don't play this artist' to block them. -Ryan",,11934
11936,user_spot_969_100,True,Fri Nov 10 18:16:00 +0000 2017,@SpotifyCares When is Spotify HiFi 24-bit lossless streaming audio going to be released?,11937,
11937,SpotifyCares,False,Fri Nov 10 18:40:00 +0000 2017,@user_spot_969_100 Hi! Lyrics availability depends on licensing from Musixmatch and rightsholders. We're constantly adding new lyrics! -Emma,,11936
11938,user_spot_970_236,True,Fri Nov 10 18:28:00 +0000 2017,@SpotifyCares How can I block a specific artist from playing on my Discover Weekly and Release Radar?,11939,
11939,SpotifyCares,False,Fri Nov 10 18:47:00 +0000 2017,@user_spot_970_236 Hey! Great suggestion. You can submit and vote on feature ideas directly on our Spotify Community Idea Board: https://spoti.fi/ideas -Alex,,11938
11940,user_spot_971_833,True,Fri Nov 10 18:38:00 +0000 2017,@SpotifyCares Liked Songs playlist count shows 4000 tracks but only 1500 load when scrolling to the bottom.,11941,
11941,SpotifyCares,False,Fri Nov 10 18:47:00 +0000 2017,@user_spot_971_833 Hi! You can exclude any playlist from your Taste Profile by tapping the three dots on the playlist and selecting 'Exclude'. -Carlos,,11940
11942,user_spot_972_263,True,Fri Nov 10 18:55:00 +0000 2017,@SpotifyCares Feature request: Please allow uploading custom playlist cover art images directly from mobile phone!,11943,
11943,SpotifyCares,False,Fri Nov 10 19:13:00 +0000 2017,@user_spot_972_263 Hey! Thanks for the feedback! We've passed this request along to our desktop development team. -Kevin,,11942
11944,user_spot_973_653,True,Fri Nov 10 19:09:00 +0000 2017,@SpotifyCares My Daily Mix playlists haven't refreshed for over a week. Same songs on repeat.,11945,
11945,SpotifyCares,False,Fri Nov 10 19:29:00 +0000 2017,@user_spot_973_653 Hey! Great suggestion. You can submit and vote on feature ideas directly on our Spotify Community Idea Board: https://spoti.fi/ideas -Elena,,11944
11946,user_spot_974_700,True,Fri Nov 10 19:21:00 +0000 2017,@SpotifyCares Can you add collaborative playlist listening sessions with friends over Discord or FaceTime?,11947,
11947,SpotifyCares,False,Fri Nov 10 19:40:00 +0000 2017,@user_spot_974_700 Hey! Great suggestion. You can submit and vote on feature ideas directly on our Spotify Community Idea Board: https://spoti.fi/ideas -Liam,,11946
11948,user_spot_975_528,True,Fri Nov 10 19:38:00 +0000 2017,@SpotifyCares Why are real-time karaoke lyrics not appearing on the web player and TV app for some tracks?,11949,
11949,SpotifyCares,False,Fri Nov 10 19:53:00 +0000 2017,@user_spot_975_528 Hey! Great suggestion. You can submit and vote on feature ideas directly on our Spotify Community Idea Board: https://spoti.fi/ideas -Zoe,,11948
11950,user_spot_976_838,True,Fri Nov 10 19:53:00 +0000 2017,@SpotifyCares Please add a native Sleep Timer feature to the macOS Ventura desktop application.,11951,
11951,SpotifyCares,False,Fri Nov 10 20:05:00 +0000 2017,@user_spot_976_838 Hello! You can update your display name anytime from your profile page in the mobile or desktop app settings. -Ryan,,11950
11952,user_spot_977_587,True,Fri Nov 10 20:06:00 +0000 2017,@SpotifyCares My Daily Mix playlists haven't refreshed for over a week. Same songs on repeat.,11953,
11953,SpotifyCares,False,Fri Nov 10 20:19:00 +0000 2017,@user_spot_977_587 Hey! Send us a DM if your Daily Mix or Discover Weekly playlists are stuck so we can refresh your cache! -Sarah,,11952
11954,user_spot_978_265,True,Fri Nov 10 20:15:00 +0000 2017,@SpotifyCares How can I block a specific artist from playing on my Discover Weekly and Release Radar?,11955,
11955,SpotifyCares,False,Fri Nov 10 20:38:00 +0000 2017,@user_spot_978_265 Hi! Lyrics availability depends on licensing from Musixmatch and rightsholders. We're constantly adding new lyrics! -Maya,,11954
11956,user_spot_979_793,True,Fri Nov 10 20:33:00 +0000 2017,@SpotifyCares Feature suggestion: Allow sorting playlists by BPM / tempo for workout and running mixes.,11957,
11957,SpotifyCares,False,Fri Nov 10 20:40:00 +0000 2017,@user_spot_979_793 Hey! Send us a DM if your Daily Mix or Discover Weekly playlists are stuck so we can refresh your cache! -Zoe,,11956
11958,user_spot_980_615,True,Fri Nov 10 20:50:00 +0000 2017,@SpotifyCares Please add an option to exclude certain playlists from my Taste Profile and Spotify Wrapped!,11959,
11959,SpotifyCares,False,Fri Nov 10 20:59:00 +0000 2017,@user_spot_980_615 Hey! Send us a DM if your Daily Mix or Discover Weekly playlists are stuck so we can refresh your cache! -Zoe,,11958
11960,user_spot_981_320,True,Fri Nov 10 21:00:00 +0000 2017,@SpotifyCares Can you add collaborative playlist listening sessions with friends over Discord or FaceTime?,11961,
11961,SpotifyCares,False,Fri Nov 10 21:17:00 +0000 2017,"@user_spot_981_320 Hello! Go to the artist's profile, tap the three dots (···) and select 'Don't play this artist' to block them. -Carlos",,11960
11962,user_spot_982_458,True,Fri Nov 10 21:10:00 +0000 2017,@SpotifyCares Please add an option to exclude certain playlists from my Taste Profile and Spotify Wrapped!,11963,
11963,SpotifyCares,False,Fri Nov 10 21:18:00 +0000 2017,@user_spot_982_458 Hi! You can exclude any playlist from your Taste Profile by tapping the three dots on the playlist and selecting 'Exclude'. -Ryan,,11962
11964,user_spot_983_711,True,Fri Nov 10 21:28:00 +0000 2017,@SpotifyCares How do I change my public username or display name on my Spotify artist/user profile?,11965,
11965,SpotifyCares,False,Fri Nov 10 21:40:00 +0000 2017,"@user_spot_983_711 Hello! Go to the artist's profile, tap the three dots (···) and select 'Don't play this artist' to block them. -Emma",,11964
11966,user_spot_984_835,True,Fri Nov 10 21:41:00 +0000 2017,@SpotifyCares How can I block a specific artist from playing on my Discover Weekly and Release Radar?,11967,
11967,SpotifyCares,False,Fri Nov 10 21:56:00 +0000 2017,@user_spot_984_835 Hi! You can exclude any playlist from your Taste Profile by tapping the three dots on the playlist and selecting 'Exclude'. -Kevin,,11966
11968,user_spot_985_966,True,Fri Nov 10 21:59:00 +0000 2017,@SpotifyCares The Equalizer setting on Windows 11 desktop app disappeared after the latest update.,11969,
11969,SpotifyCares,False,Fri Nov 10 22:10:00 +0000 2017,@user_spot_985_966 Hi! We're always testing UI improvements. Make sure your app is updated to the latest version on the Play Store! -Sarah,,11968
11970,user_spot_986_537,True,Fri Nov 10 22:11:00 +0000 2017,@SpotifyCares Liked Songs playlist count shows 4000 tracks but only 800 load when scrolling to the bottom.,11971,
11971,SpotifyCares,False,Fri Nov 10 22:25:00 +0000 2017,"@user_spot_986_537 Hello! Go to the artist's profile, tap the three dots (···) and select 'Don't play this artist' to block them. -Maya",,11970
11972,user_spot_987_101,True,Fri Nov 10 22:27:00 +0000 2017,@SpotifyCares The Equalizer setting on Windows 10 desktop app disappeared after the latest update.,11973,
11973,SpotifyCares,False,Fri Nov 10 22:45:00 +0000 2017,@user_spot_987_101 Hey! Great suggestion. You can submit and vote on feature ideas directly on our Spotify Community Idea Board: https://spoti.fi/ideas -Carlos,,11972
11974,user_spot_988_388,True,Fri Nov 10 22:41:00 +0000 2017,@SpotifyCares Feature request: Please allow uploading custom playlist cover art images directly from mobile phone!,11975,
11975,SpotifyCares,False,Fri Nov 10 22:54:00 +0000 2017,@user_spot_988_388 Hi! Lyrics availability depends on licensing from Musixmatch and rightsholders. We're constantly adding new lyrics! -Sarah,,11974
11976,user_spot_989_357,True,Fri Nov 10 22:56:00 +0000 2017,@SpotifyCares Why are real-time karaoke lyrics not appearing on the web player and TV app for some tracks?,11977,
11977,SpotifyCares,False,Fri Nov 10 23:04:00 +0000 2017,@user_spot_989_357 Hi! Lyrics availability depends on licensing from Musixmatch and rightsholders. We're constantly adding new lyrics! -Alex,,11976
11978,user_spot_990_875,True,Fri Nov 10 23:06:00 +0000 2017,@SpotifyCares Would love if we could pin our top 8 favorite albums and playlists to the top of our user profile.,11979,
11979,SpotifyCares,False,Fri Nov 10 23:15:00 +0000 2017,@user_spot_990_875 Hi! We're always testing UI improvements. Make sure your app is updated to the latest version on the Play Store! -Chloe,,11978
11980,user_spot_991_981,True,Fri Nov 10 23:18:00 +0000 2017,@SpotifyCares How do I change my public username or display name on my Spotify artist/user profile?,11981,
11981,SpotifyCares,False,Fri Nov 10 23:41:00 +0000 2017,@user_spot_991_981 Hello! You can update your display name anytime from your profile page in the mobile or desktop app settings. -Chloe,,11980
11982,user_spot_992_928,True,Fri Nov 10 23:38:00 +0000 2017,@SpotifyCares Please add an option to exclude certain playlists from my Taste Profile and Spotify Wrapped!,11983,
11983,SpotifyCares,False,Fri Nov 10 23:56:00 +0000 2017,@user_spot_992_928 Hey! Thanks for the feedback! We've passed this request along to our desktop development team. -Maya,,11982
11984,user_spot_993_692,True,Fri Nov 10 23:46:00 +0000 2017,@SpotifyCares Liked Songs playlist count shows 1200 tracks but only 800 load when scrolling to the bottom.,11985,
11985,SpotifyCares,False,Fri Nov 10 23:59:00 +0000 2017,@user_spot_993_692 Hello! You can update your display name anytime from your profile page in the mobile or desktop app settings. -Ryan,,11984
11986,user_spot_994_490,True,Fri Nov 10 23:57:00 +0000 2017,@SpotifyCares Please add a feature to swipe right to add songs to queue on Android like iOS has!,11987,
11987,SpotifyCares,False,Sat Nov 11 00:10:00 +0000 2017,@user_spot_994_490 Hey! Great suggestion. You can submit and vote on feature ideas directly on our Spotify Community Idea Board: https://spoti.fi/ideas -Elena,,11986
11988,user_spot_995_639,True,Sat Nov 11 00:15:00 +0000 2017,@SpotifyCares Please add a feature to swipe right to add songs to queue on Android like iOS has!,11989,
11989,SpotifyCares,False,Sat Nov 11 00:27:00 +0000 2017,@user_spot_995_639 Hi! We're always testing UI improvements. Make sure your app is updated to the latest version on the Play Store! -Chloe,,11988
11990,user_spot_996_300,True,Sat Nov 11 00:30:00 +0000 2017,@SpotifyCares When is Spotify HiFi 24-bit lossless streaming audio going to be released?,11991,
11991,SpotifyCares,False,Sat Nov 11 00:38:00 +0000 2017,@user_spot_996_300 Hi! We're always testing UI improvements. Make sure your app is updated to the latest version on the Play Store! -Kevin,,11990
11992,user_spot_997_811,True,Sat Nov 11 00:45:00 +0000 2017,@SpotifyCares Feature suggestion: Allow sorting playlists by BPM / tempo for workout and running mixes.,11993,
11993,SpotifyCares,False,Sat Nov 11 01:04:00 +0000 2017,@user_spot_997_811 Hey! Thanks for the feedback! We've passed this request along to our desktop development team. -Ryan,,11992
11994,user_spot_998_478,True,Sat Nov 11 00:53:00 +0000 2017,@SpotifyCares When is Spotify HiFi 24-bit lossless streaming audio going to be released?,11995,
11995,SpotifyCares,False,Sat Nov 11 01:14:00 +0000 2017,@user_spot_998_478 Hi! Lyrics availability depends on licensing from Musixmatch and rightsholders. We're constantly adding new lyrics! -Ryan,,11994
11996,user_spot_999_461,True,Sat Nov 11 01:13:00 +0000 2017,@SpotifyCares When is Spotify HiFi 24-bit lossless streaming audio going to be released?,11997,
11997,SpotifyCares,False,Sat Nov 11 01:33:00 +0000 2017,"@user_spot_999_461 Hello! Go to the artist's profile, tap the three dots (···) and select 'Don't play this artist' to block them. -Elena",,11996
11998,user_spot_1000_168,True,Sat Nov 11 01:28:00 +0000 2017,@SpotifyCares Can we get a dark mode / light mode toggle switch on the Spotify web and desktop player?,11999,
11999,SpotifyCares,False,Sat Nov 11 01:53:00 +0000 2017,@user_spot_1000_168 Hello! You can update your display name anytime from your profile page in the mobile or desktop app settings. -Carlos,,11998
12000,user_spot_1001_630,True,Sat Nov 11 01:43:00 +0000 2017,@SpotifyCares Liked Songs playlist count shows 1200 tracks but only 2000 load when scrolling to the bottom.,12001,
12001,SpotifyCares,False,Sat Nov 11 01:54:00 +0000 2017,"@user_spot_1001_630 Hello! Go to the artist's profile, tap the three dots (···) and select 'Don't play this artist' to block them. -Ryan",,12000
12002,user_spot_1002_195,True,Sat Nov 11 01:51:00 +0000 2017,@SpotifyCares How can I block a specific artist from playing on my Discover Weekly and Release Radar?,12003,
12003,SpotifyCares,False,Sat Nov 11 02:04:00 +0000 2017,@user_spot_1002_195 Hi! Lyrics availability depends on licensing from Musixmatch and rightsholders. We're constantly adding new lyrics! -Kevin,,12002
12004,user_spot_1003_528,True,Sat Nov 11 02:11:00 +0000 2017,@SpotifyCares Why are real-time karaoke lyrics not appearing on the web player and TV app for some tracks?,12005,
12005,SpotifyCares,False,Sat Nov 11 02:33:00 +0000 2017,@user_spot_1003_528 Hi! We're always testing UI improvements. Make sure your app is updated to the latest version on the Play Store! -Elena,,12004
12006,user_spot_1004_890,True,Sat Nov 11 02:17:00 +0000 2017,@SpotifyCares Feature suggestion: Allow sorting playlists by BPM / tempo for workout and running mixes.,12007,
12007,SpotifyCares,False,Sat Nov 11 02:37:00 +0000 2017,@user_spot_1004_890 Hello! You can update your display name anytime from your profile page in the mobile or desktop app settings. -Elena,,12006
12008,user_spot_1005_703,True,Sat Nov 11 02:32:00 +0000 2017,@SpotifyCares How can I block a specific artist from playing on my Discover Weekly and Release Radar?,12009,
12009,SpotifyCares,False,Sat Nov 11 02:43:00 +0000 2017,@user_spot_1005_703 Hey! Great suggestion. You can submit and vote on feature ideas directly on our Spotify Community Idea Board: https://spoti.fi/ideas -Daniel,,12008
12010,user_spot_1006_652,True,Sat Nov 11 02:48:00 +0000 2017,@SpotifyCares Liked Songs playlist count shows 2500 tracks but only 5000 load when scrolling to the bottom.,12011,
12011,SpotifyCares,False,Sat Nov 11 03:12:00 +0000 2017,@user_spot_1006_652 Hi! You can exclude any playlist from your Taste Profile by tapping the three dots on the playlist and selecting 'Exclude'. -Carlos,,12010
12012,user_spot_1007_917,True,Sat Nov 11 03:05:00 +0000 2017,@SpotifyCares Liked Songs playlist count shows 7500 tracks but only 2000 load when scrolling to the bottom.,12013,
12013,SpotifyCares,False,Sat Nov 11 03:16:00 +0000 2017,"@user_spot_1007_917 Hello! Go to the artist's profile, tap the three dots (···) and select 'Don't play this artist' to block them. -Maya",,12012
12014,user_spot_1008_505,True,Sat Nov 11 03:18:00 +0000 2017,@SpotifyCares Please add a feature to swipe right to add songs to queue on Android like iOS has!,12015,
12015,SpotifyCares,False,Sat Nov 11 03:27:00 +0000 2017,@user_spot_1008_505 Hi! Lyrics availability depends on licensing from Musixmatch and rightsholders. We're constantly adding new lyrics! -Zoe,,12014
12016,user_spot_1009_816,True,Sat Nov 11 03:26:00 +0000 2017,@SpotifyCares Can you add collaborative playlist listening sessions with friends over Discord or FaceTime?,12017,
12017,SpotifyCares,False,Sat Nov 11 03:37:00 +0000 2017,@user_spot_1009_816 Hi! Lyrics availability depends on licensing from Musixmatch and rightsholders. We're constantly adding new lyrics! -Carlos,,12016
12018,user_spot_1010_232,True,Sat Nov 11 03:42:00 +0000 2017,@SpotifyCares How do I change my public username or display name on my Spotify artist/user profile?,12019,
12019,SpotifyCares,False,Sat Nov 11 03:51:00 +0000 2017,@user_spot_1010_232 Hey! Send us a DM if your Daily Mix or Discover Weekly playlists are stuck so we can refresh your cache! -Maya,,12018
12020,user_spot_1011_589,True,Sat Nov 11 04:03:00 +0000 2017,@SpotifyCares When is Spotify HiFi 24-bit lossless streaming audio going to be released?,12021,
12021,SpotifyCares,False,Sat Nov 11 04:14:00 +0000 2017,@user_spot_1011_589 Hey! Send us a DM if your Daily Mix or Discover Weekly playlists are stuck so we can refresh your cache! -Zoe,,12020
12022,user_spot_1012_396,True,Sat Nov 11 04:10:00 +0000 2017,@SpotifyCares Liked Songs playlist count shows 7500 tracks but only 800 load when scrolling to the bottom.,12023,
12023,SpotifyCares,False,Sat Nov 11 04:33:00 +0000 2017,@user_spot_1012_396 Hi! We're always testing UI improvements. Make sure your app is updated to the latest version on the Play Store! -Maya,,12022
12024,user_spot_1013_669,True,Sat Nov 11 04:29:00 +0000 2017,@SpotifyCares Feature suggestion: Allow sorting playlists by BPM / tempo for workout and running mixes.,12025,
12025,SpotifyCares,False,Sat Nov 11 04:48:00 +0000 2017,@user_spot_1013_669 Hi! You can exclude any playlist from your Taste Profile by tapping the three dots on the playlist and selecting 'Exclude'. -Liam,,12024
12026,user_spot_1014_615,True,Sat Nov 11 04:43:00 +0000 2017,@SpotifyCares Please add a feature to swipe right to add songs to queue on Android like iOS has!,12027,
12027,SpotifyCares,False,Sat Nov 11 04:54:00 +0000 2017,@user_spot_1014_615 Hello! You can update your display name anytime from your profile page in the mobile or desktop app settings. -Liam,,12026
12028,user_spot_1015_466,True,Sat Nov 11 04:53:00 +0000 2017,@SpotifyCares When is Spotify HiFi 24-bit lossless streaming audio going to be released?,12029,
12029,SpotifyCares,False,Sat Nov 11 05:14:00 +0000 2017,@user_spot_1015_466 Hey! Send us a DM if your Daily Mix or Discover Weekly playlists are stuck so we can refresh your cache! -Liam,,12028
12030,user_spot_1016_457,True,Sat Nov 11 05:14:00 +0000 2017,@SpotifyCares Would love if we could pin our top 8 favorite albums and playlists to the top of our user profile.,12031,
12031,SpotifyCares,False,Sat Nov 11 05:39:00 +0000 2017,@user_spot_1016_457 Hey! Great suggestion. You can submit and vote on feature ideas directly on our Spotify Community Idea Board: https://spoti.fi/ideas -Carlos,,12030
12032,user_spot_1017_985,True,Sat Nov 11 05:18:00 +0000 2017,@SpotifyCares Please add an option to exclude certain playlists from my Taste Profile and Spotify Wrapped!,12033,
12033,SpotifyCares,False,Sat Nov 11 05:39:00 +0000 2017,@user_spot_1017_985 Hello! You can update your display name anytime from your profile page in the mobile or desktop app settings. -Daniel,,12032
12034,user_spot_1018_469,True,Sat Nov 11 05:32:00 +0000 2017,@SpotifyCares Feature suggestion: Allow sorting playlists by BPM / tempo for workout and running mixes.,12035,
12035,SpotifyCares,False,Sat Nov 11 05:39:00 +0000 2017,@user_spot_1018_469 Hi! We're always testing UI improvements. Make sure your app is updated to the latest version on the Play Store! -Sarah,,12034
12036,user_spot_1019_291,True,Sat Nov 11 05:50:00 +0000 2017,@SpotifyCares How can I block a specific artist from playing on my Discover Weekly and Release Radar?,12037,
12037,SpotifyCares,False,Sat Nov 11 06:15:00 +0000 2017,@user_spot_1019_291 Hi! We're always testing UI improvements. Make sure your app is updated to the latest version on the Play Store! -Liam,,12036
12038,user_spot_1020_150,True,Sat Nov 11 06:05:00 +0000 2017,@SpotifyCares Liked Songs playlist count shows 1200 tracks but only 2000 load when scrolling to the bottom.,12039,
12039,SpotifyCares,False,Sat Nov 11 06:26:00 +0000 2017,@user_spot_1020_150 Hi! We're always testing UI improvements. Make sure your app is updated to the latest version on the Play Store! -Carlos,,12038
12040,user_spot_1021_783,True,Sat Nov 11 06:19:00 +0000 2017,@SpotifyCares How do I change my public username or display name on my Spotify artist/user profile?,12041,
12041,SpotifyCares,False,Sat Nov 11 06:30:00 +0000 2017,@user_spot_1021_783 Hi! You can exclude any playlist from your Taste Profile by tapping the three dots on the playlist and selecting 'Exclude'. -Emma,,12040
12042,user_spot_1022_541,True,Sat Nov 11 06:29:00 +0000 2017,@SpotifyCares Please add an option to exclude certain playlists from my Taste Profile and Spotify Wrapped!,12043,
12043,SpotifyCares,False,Sat Nov 11 06:36:00 +0000 2017,@user_spot_1022_541 Hello! You can update your display name anytime from your profile page in the mobile or desktop app settings. -Emma,,12042
12044,user_spot_1023_549,True,Sat Nov 11 06:49:00 +0000 2017,@SpotifyCares Can you add collaborative playlist listening sessions with friends over Discord or FaceTime?,12045,
12045,SpotifyCares,False,Sat Nov 11 07:11:00 +0000 2017,@user_spot_1023_549 Hey! Great suggestion. You can submit and vote on feature ideas directly on our Spotify Community Idea Board: https://spoti.fi/ideas -Emma,,12044
12046,user_spot_1024_211,True,Sat Nov 11 07:02:00 +0000 2017,@SpotifyCares How do I change my public username or display name on my Spotify artist/user profile?,12047,
12047,SpotifyCares,False,Sat Nov 11 07:27:00 +0000 2017,@user_spot_1024_211 Hey! Great suggestion. You can submit and vote on feature ideas directly on our Spotify Community Idea Board: https://spoti.fi/ideas -Ryan,,12046
12048,user_spot_1025_947,True,Sat Nov 11 07:18:00 +0000 2017,@SpotifyCares Please add a native Sleep Timer feature to the Windows 10 desktop application.,12049,
12049,SpotifyCares,False,Sat Nov 11 07:31:00 +0000 2017,@user_spot_1025_947 Hi! Lyrics availability depends on licensing from Musixmatch and rightsholders. We're constantly adding new lyrics! -Daniel,,12048
12050,user_spot_1026_495,True,Sat Nov 11 07:24:00 +0000 2017,@SpotifyCares The Equalizer setting on Windows 11 desktop app disappeared after the latest update.,12051,
12051,SpotifyCares,False,Sat Nov 11 07:38:00 +0000 2017,"@user_spot_1026_495 Hello! Go to the artist's profile, tap the three dots (···) and select 'Don't play this artist' to block them. -Ryan",,12050
12052,user_spot_1027_475,True,Sat Nov 11 07:44:00 +0000 2017,@SpotifyCares How do I change my public username or display name on my Spotify artist/user profile?,12053,
12053,SpotifyCares,False,Sat Nov 11 07:57:00 +0000 2017,@user_spot_1027_475 Hey! Great suggestion. You can submit and vote on feature ideas directly on our Spotify Community Idea Board: https://spoti.fi/ideas -Daniel,,12052
12054,user_spot_1028_292,True,Sat Nov 11 07:58:00 +0000 2017,@SpotifyCares My Daily Mix playlists haven't refreshed for over a week. Same songs on repeat.,12055,
12055,SpotifyCares,False,Sat Nov 11 08:17:00 +0000 2017,@user_spot_1028_292 Hey! Great suggestion. You can submit and vote on feature ideas directly on our Spotify Community Idea Board: https://spoti.fi/ideas -Kevin,,12054
12056,user_spot_1029_905,True,Sat Nov 11 08:12:00 +0000 2017,@SpotifyCares Would love if we could pin our top 3 favorite albums and playlists to the top of our user profile.,12057,
12057,SpotifyCares,False,Sat Nov 11 08:33:00 +0000 2017,@user_spot_1029_905 Hello! You can update your display name anytime from your profile page in the mobile or desktop app settings. -Carlos,,12056
12058,user_spot_1030_137,True,Sat Nov 11 08:24:00 +0000 2017,@SpotifyCares My Daily Mix playlists haven't refreshed for over a week. Same songs on repeat.,12059,
12059,SpotifyCares,False,Sat Nov 11 08:38:00 +0000 2017,"@user_spot_1030_137 Hello! Go to the artist's profile, tap the three dots (···) and select 'Don't play this artist' to block them. -Ryan",,12058
12060,user_spot_1031_896,True,Sat Nov 11 08:36:00 +0000 2017,@SpotifyCares Why are real-time karaoke lyrics not appearing on the web player and TV app for some tracks?,12061,
12061,SpotifyCares,False,Sat Nov 11 09:00:00 +0000 2017,@user_spot_1031_896 Hello! You can update your display name anytime from your profile page in the mobile or desktop app settings. -Ryan,,12060
12062,user_spot_1032_441,True,Sat Nov 11 08:51:00 +0000 2017,@SpotifyCares Would love if we could pin our top 5 favorite albums and playlists to the top of our user profile.,12063,
12063,SpotifyCares,False,Sat Nov 11 09:01:00 +0000 2017,@user_spot_1032_441 Hey! Great suggestion. You can submit and vote on feature ideas directly on our Spotify Community Idea Board: https://spoti.fi/ideas -Maya,,12062
12064,user_spot_1033_293,True,Sat Nov 11 09:07:00 +0000 2017,@SpotifyCares How can I block a specific artist from playing on my Discover Weekly and Release Radar?,12065,
12065,SpotifyCares,False,Sat Nov 11 09:27:00 +0000 2017,@user_spot_1033_293 Hey! Send us a DM if your Daily Mix or Discover Weekly playlists are stuck so we can refresh your cache! -Zoe,,12064
12066,user_spot_1034_410,True,Sat Nov 11 09:23:00 +0000 2017,@SpotifyCares Please add a native Sleep Timer feature to the Windows 10 desktop application.,12067,
12067,SpotifyCares,False,Sat Nov 11 09:31:00 +0000 2017,@user_spot_1034_410 Hi! We're always testing UI improvements. Make sure your app is updated to the latest version on the Play Store! -Daniel,,12066
12068,user_spot_1035_987,True,Sat Nov 11 09:31:00 +0000 2017,@SpotifyCares When is Spotify HiFi 24-bit lossless streaming audio going to be released?,12069,
12069,SpotifyCares,False,Sat Nov 11 09:56:00 +0000 2017,@user_spot_1035_987 Hey! Thanks for the feedback! We've passed this request along to our desktop development team. -Emma,,12068
12070,user_spot_1036_202,True,Sat Nov 11 09:49:00 +0000 2017,@SpotifyCares When is Spotify HiFi 24-bit lossless streaming audio going to be released?,12071,
12071,SpotifyCares,False,Sat Nov 11 09:55:00 +0000 2017,@user_spot_1036_202 Hi! Lyrics availability depends on licensing from Musixmatch and rightsholders. We're constantly adding new lyrics! -Sarah,,12070
12072,user_spot_1037_291,True,Sat Nov 11 10:07:00 +0000 2017,@SpotifyCares How do I change my public username or display name on my Spotify artist/user profile?,12073,
12073,SpotifyCares,False,Sat Nov 11 10:25:00 +0000 2017,@user_spot_1037_291 Hello! You can update your display name anytime from your profile page in the mobile or desktop app settings. -Elena,,12072
12074,user_spot_1038_454,True,Sat Nov 11 10:14:00 +0000 2017,@SpotifyCares Please add an option to exclude certain playlists from my Taste Profile and Spotify Wrapped!,12075,
12075,SpotifyCares,False,Sat Nov 11 10:30:00 +0000 2017,@user_spot_1038_454 Hi! We're always testing UI improvements. Make sure your app is updated to the latest version on the Play Store! -Ryan,,12074
12076,user_spot_1039_196,True,Sat Nov 11 10:34:00 +0000 2017,@SpotifyCares How do I change my public username or display name on my Spotify artist/user profile?,12077,
12077,SpotifyCares,False,Sat Nov 11 10:49:00 +0000 2017,@user_spot_1039_196 Hello! You can update your display name anytime from your profile page in the mobile or desktop app settings. -Zoe,,12076
12078,user_spot_1040_853,True,Sat Nov 11 10:47:00 +0000 2017,@SpotifyCares Why are real-time karaoke lyrics not appearing on the web player and TV app for some tracks?,12079,
12079,SpotifyCares,False,Sat Nov 11 10:53:00 +0000 2017,@user_spot_1040_853 Hey! Thanks for the feedback! We've passed this request along to our desktop development team. -Liam,,12078
12080,user_spot_1041_664,True,Sat Nov 11 10:58:00 +0000 2017,@SpotifyCares Why are real-time karaoke lyrics not appearing on the web player and TV app for some tracks?,12081,
12081,SpotifyCares,False,Sat Nov 11 11:07:00 +0000 2017,"@user_spot_1041_664 Hello! Go to the artist's profile, tap the three dots (···) and select 'Don't play this artist' to block them. -Ryan",,12080
12082,user_spot_1042_299,True,Sat Nov 11 11:08:00 +0000 2017,@SpotifyCares How can I block a specific artist from playing on my Discover Weekly and Release Radar?,12083,
12083,SpotifyCares,False,Sat Nov 11 11:32:00 +0000 2017,@user_spot_1042_299 Hello! You can update your display name anytime from your profile page in the mobile or desktop app settings. -Maya,,12082
12084,user_spot_1043_973,True,Sat Nov 11 11:27:00 +0000 2017,@SpotifyCares When is Spotify HiFi 24-bit lossless streaming audio going to be released?,12085,
12085,SpotifyCares,False,Sat Nov 11 11:50:00 +0000 2017,@user_spot_1043_973 Hey! Great suggestion. You can submit and vote on feature ideas directly on our Spotify Community Idea Board: https://spoti.fi/ideas -Daniel,,12084
12086,user_spot_1044_904,True,Sat Nov 11 11:45:00 +0000 2017,@SpotifyCares Please add a native Sleep Timer feature to the macOS Monterey desktop application.,12087,
12087,SpotifyCares,False,Sat Nov 11 12:01:00 +0000 2017,@user_spot_1044_904 Hi! Lyrics availability depends on licensing from Musixmatch and rightsholders. We're constantly adding new lyrics! -Ryan,,12086
12088,user_spot_1045_320,True,Sat Nov 11 11:51:00 +0000 2017,@SpotifyCares The Equalizer setting on Windows 11 desktop app disappeared after the latest update.,12089,
12089,SpotifyCares,False,Sat Nov 11 11:57:00 +0000 2017,"@user_spot_1045_320 Hello! Go to the artist's profile, tap the three dots (···) and select 'Don't play this artist' to block them. -Sarah",,12088
12090,user_spot_1046_801,True,Sat Nov 11 12:10:00 +0000 2017,@SpotifyCares My Daily Mix playlists haven't refreshed for over a week. Same songs on repeat.,12091,
12091,SpotifyCares,False,Sat Nov 11 12:31:00 +0000 2017,@user_spot_1046_801 Hey! Thanks for the feedback! We've passed this request along to our desktop development team. -Daniel,,12090
12092,user_spot_1047_129,True,Sat Nov 11 12:19:00 +0000 2017,@SpotifyCares My Daily Mix playlists haven't refreshed for over a week. Same songs on repeat.,12093,
12093,SpotifyCares,False,Sat Nov 11 12:37:00 +0000 2017,@user_spot_1047_129 Hey! Thanks for the feedback! We've passed this request along to our desktop development team. -Zoe,,12092
12094,user_spot_1048_683,True,Sat Nov 11 12:38:00 +0000 2017,@SpotifyCares Feature request: Please allow uploading custom playlist cover art images directly from mobile phone!,12095,
12095,SpotifyCares,False,Sat Nov 11 12:57:00 +0000 2017,@user_spot_1048_683 Hello! You can update your display name anytime from your profile page in the mobile or desktop app settings. -Emma,,12094
12096,user_spot_1049_416,True,Sat Nov 11 12:56:00 +0000 2017,@SpotifyCares Liked Songs playlist count shows 7500 tracks but only 5000 load when scrolling to the bottom.,12097,
12097,SpotifyCares,False,Sat Nov 11 13:18:00 +0000 2017,"@user_spot_1049_416 Hello! Go to the artist's profile, tap the three dots (···) and select 'Don't play this artist' to block them. -Kevin",,12096
12098,user_spot_1050_520,True,Sat Nov 11 13:10:00 +0000 2017,@SpotifyCares Liked Songs playlist count shows 7500 tracks but only 2000 load when scrolling to the bottom.,12099,
12099,SpotifyCares,False,Sat Nov 11 13:32:00 +0000 2017,@user_spot_1050_520 Hey! Great suggestion. You can submit and vote on feature ideas directly on our Spotify Community Idea Board: https://spoti.fi/ideas -Zoe,,12098
12100,user_spot_1051_996,True,Sat Nov 11 13:16:00 +0000 2017,@SpotifyCares My Daily Mix playlists haven't refreshed for over a week. Same songs on repeat.,12101,
12101,SpotifyCares,False,Sat Nov 11 13:20:00 +0000 2017,@user_spot_1051_996 Hey! Thanks for the feedback! We've passed this request along to our desktop development team. -Liam,,12100
12102,user_spot_1052_921,True,Sat Nov 11 13:38:00 +0000 2017,@SpotifyCares Why are real-time karaoke lyrics not appearing on the web player and TV app for some tracks?,12103,
12103,SpotifyCares,False,Sat Nov 11 13:48:00 +0000 2017,@user_spot_1052_921 Hi! We're always testing UI improvements. Make sure your app is updated to the latest version on the Play Store! -Chloe,,12102
12104,user_spot_1053_844,True,Sat Nov 11 13:49:00 +0000 2017,@SpotifyCares Feature request: Please allow uploading custom playlist cover art images directly from mobile phone!,12105,
12105,SpotifyCares,False,Sat Nov 11 13:58:00 +0000 2017,@user_spot_1053_844 Hey! Send us a DM if your Daily Mix or Discover Weekly playlists are stuck so we can refresh your cache! -Emma,,12104
12106,user_spot_1054_528,True,Sat Nov 11 14:06:00 +0000 2017,@SpotifyCares Can you add collaborative playlist listening sessions with friends over Discord or FaceTime?,12107,
12107,SpotifyCares,False,Sat Nov 11 14:27:00 +0000 2017,@user_spot_1054_528 Hi! You can exclude any playlist from your Taste Profile by tapping the three dots on the playlist and selecting 'Exclude'. -Alex,,12106
12108,user_spot_1055_407,True,Sat Nov 11 14:17:00 +0000 2017,@SpotifyCares How do I change my public username or display name on my Spotify artist/user profile?,12109,
12109,SpotifyCares,False,Sat Nov 11 14:34:00 +0000 2017,@user_spot_1055_407 Hey! Great suggestion. You can submit and vote on feature ideas directly on our Spotify Community Idea Board: https://spoti.fi/ideas -Chloe,,12108
12110,user_spot_1056_148,True,Sat Nov 11 14:32:00 +0000 2017,@SpotifyCares Please add an option to exclude certain playlists from my Taste Profile and Spotify Wrapped!,12111,
12111,SpotifyCares,False,Sat Nov 11 14:49:00 +0000 2017,@user_spot_1056_148 Hi! We're always testing UI improvements. Make sure your app is updated to the latest version on the Play Store! -Zoe,,12110
12112,user_spot_1057_864,True,Sat Nov 11 14:42:00 +0000 2017,@SpotifyCares Liked Songs playlist count shows 1200 tracks but only 800 load when scrolling to the bottom.,12113,
12113,SpotifyCares,False,Sat Nov 11 15:05:00 +0000 2017,@user_spot_1057_864 Hello! You can update your display name anytime from your profile page in the mobile or desktop app settings. -Sarah,,12112
12114,user_spot_1058_501,True,Sat Nov 11 15:01:00 +0000 2017,@SpotifyCares The Equalizer setting on Windows 10 desktop app disappeared after the latest update.,12115,
12115,SpotifyCares,False,Sat Nov 11 15:21:00 +0000 2017,@user_spot_1058_501 Hey! Great suggestion. You can submit and vote on feature ideas directly on our Spotify Community Idea Board: https://spoti.fi/ideas -Liam,,12114
12116,user_spot_1059_621,True,Sat Nov 11 15:10:00 +0000 2017,@SpotifyCares Please add a native Sleep Timer feature to the macOS Monterey desktop application.,12117,
12117,SpotifyCares,False,Sat Nov 11 15:15:00 +0000 2017,@user_spot_1059_621 Hi! You can exclude any playlist from your Taste Profile by tapping the three dots on the playlist and selecting 'Exclude'. -Daniel,,12116
12118,user_spot_1060_864,True,Sat Nov 11 15:25:00 +0000 2017,@SpotifyCares When is Spotify HiFi 24-bit lossless streaming audio going to be released?,12119,
12119,SpotifyCares,False,Sat Nov 11 15:46:00 +0000 2017,@user_spot_1060_864 Hey! Thanks for the feedback! We've passed this request along to our desktop development team. -Carlos,,12118
12120,user_spot_1061_205,True,Sat Nov 11 15:37:00 +0000 2017,@SpotifyCares When is Spotify HiFi 24-bit lossless streaming audio going to be released?,12121,
12121,SpotifyCares,False,Sat Nov 11 15:44:00 +0000 2017,"@user_spot_1061_205 Hello! Go to the artist's profile, tap the three dots (···) and select 'Don't play this artist' to block them. -Sarah",,12120
12122,user_spot_1062_899,True,Sat Nov 11 15:55:00 +0000 2017,@SpotifyCares When is Spotify HiFi 24-bit lossless streaming audio going to be released?,12123,
12123,SpotifyCares,False,Sat Nov 11 16:04:00 +0000 2017,@user_spot_1062_899 Hello! You can update your display name anytime from your profile page in the mobile or desktop app settings. -Kevin,,12122
12124,user_spot_1063_641,True,Sat Nov 11 16:11:00 +0000 2017,@SpotifyCares Feature suggestion: Allow sorting playlists by BPM / tempo for workout and running mixes.,12125,
12125,SpotifyCares,False,Sat Nov 11 16:31:00 +0000 2017,@user_spot_1063_641 Hey! Great suggestion. You can submit and vote on feature ideas directly on our Spotify Community Idea Board: https://spoti.fi/ideas -Carlos,,12124
12126,user_spot_1064_964,True,Sat Nov 11 16:20:00 +0000 2017,@SpotifyCares Feature request: Please allow uploading custom playlist cover art images directly from mobile phone!,12127,
12127,SpotifyCares,False,Sat Nov 11 16:26:00 +0000 2017,@user_spot_1064_964 Hey! Thanks for the feedback! We've passed this request along to our desktop development team. -Alex,,12126
12128,user_spot_1065_218,True,Sat Nov 11 16:35:00 +0000 2017,@SpotifyCares Liked Songs playlist count shows 2500 tracks but only 2000 load when scrolling to the bottom.,12129,
12129,SpotifyCares,False,Sat Nov 11 16:47:00 +0000 2017,@user_spot_1065_218 Hello! You can update your display name anytime from your profile page in the mobile or desktop app settings. -Carlos,,12128
12130,user_spot_1066_621,True,Sat Nov 11 16:47:00 +0000 2017,@SpotifyCares Why are real-time karaoke lyrics not appearing on the web player and TV app for some tracks?,12131,
12131,SpotifyCares,False,Sat Nov 11 17:08:00 +0000 2017,@user_spot_1066_621 Hey! Send us a DM if your Daily Mix or Discover Weekly playlists are stuck so we can refresh your cache! -Sarah,,12130
12132,user_spot_1067_742,True,Sat Nov 11 16:58:00 +0000 2017,@SpotifyCares How can I block a specific artist from playing on my Discover Weekly and Release Radar?,12133,
12133,SpotifyCares,False,Sat Nov 11 17:19:00 +0000 2017,@user_spot_1067_742 Hi! We're always testing UI improvements. Make sure your app is updated to the latest version on the Play Store! -Sarah,,12132
12134,user_spot_1068_802,True,Sat Nov 11 17:18:00 +0000 2017,@SpotifyCares How can I block a specific artist from playing on my Discover Weekly and Release Radar?,12135,
12135,SpotifyCares,False,Sat Nov 11 17:25:00 +0000 2017,@user_spot_1068_802 Hello! You can update your display name anytime from your profile page in the mobile or desktop app settings. -Kevin,,12134
12136,user_spot_1069_696,True,Sat Nov 11 17:36:00 +0000 2017,@SpotifyCares Liked Songs playlist count shows 2500 tracks but only 2000 load when scrolling to the bottom.,12137,
12137,SpotifyCares,False,Sat Nov 11 18:00:00 +0000 2017,@user_spot_1069_696 Hey! Send us a DM if your Daily Mix or Discover Weekly playlists are stuck so we can refresh your cache! -Chloe,,12136
12138,user_spot_1070_463,True,Sat Nov 11 17:50:00 +0000 2017,@SpotifyCares Please add an option to exclude certain playlists from my Taste Profile and Spotify Wrapped!,12139,
12139,SpotifyCares,False,Sat Nov 11 18:14:00 +0000 2017,@user_spot_1070_463 Hi! We're always testing UI improvements. Make sure your app is updated to the latest version on the Play Store! -Sarah,,12138
12140,user_spot_1071_512,True,Sat Nov 11 18:00:00 +0000 2017,@SpotifyCares The Equalizer setting on macOS Sonoma desktop app disappeared after the latest update.,12141,
12141,SpotifyCares,False,Sat Nov 11 18:25:00 +0000 2017,@user_spot_1071_512 Hi! Lyrics availability depends on licensing from Musixmatch and rightsholders. We're constantly adding new lyrics! -Daniel,,12140
12142,user_spot_1072_612,True,Sat Nov 11 18:14:00 +0000 2017,@SpotifyCares How do I change my public username or display name on my Spotify artist/user profile?,12143,
12143,SpotifyCares,False,Sat Nov 11 18:28:00 +0000 2017,@user_spot_1072_612 Hi! Lyrics availability depends on licensing from Musixmatch and rightsholders. We're constantly adding new lyrics! -Kevin,,12142
12144,user_spot_1073_739,True,Sat Nov 11 18:23:00 +0000 2017,@SpotifyCares Can you add collaborative playlist listening sessions with friends over Discord or FaceTime?,12145,
12145,SpotifyCares,False,Sat Nov 11 18:45:00 +0000 2017,@user_spot_1073_739 Hey! Great suggestion. You can submit and vote on feature ideas directly on our Spotify Community Idea Board: https://spoti.fi/ideas -Liam,,12144
12146,user_spot_1074_575,True,Sat Nov 11 18:37:00 +0000 2017,@SpotifyCares Can we get a dark mode / light mode toggle switch on the Spotify web and desktop player?,12147,
12147,SpotifyCares,False,Sat Nov 11 18:41:00 +0000 2017,@user_spot_1074_575 Hey! Send us a DM if your Daily Mix or Discover Weekly playlists are stuck so we can refresh your cache! -Sarah,,12146
12148,user_spot_1075_298,True,Sat Nov 11 18:50:00 +0000 2017,@SpotifyCares Please add a native Sleep Timer feature to the macOS Ventura desktop application.,12149,
12149,SpotifyCares,False,Sat Nov 11 19:00:00 +0000 2017,@user_spot_1075_298 Hi! You can exclude any playlist from your Taste Profile by tapping the three dots on the playlist and selecting 'Exclude'. -Daniel,,12148
12150,user_spot_1076_684,True,Sat Nov 11 19:04:00 +0000 2017,@SpotifyCares Would love if we could pin our top 8 favorite albums and playlists to the top of our user profile.,12151,
12151,SpotifyCares,False,Sat Nov 11 19:29:00 +0000 2017,@user_spot_1076_684 Hi! We're always testing UI improvements. Make sure your app is updated to the latest version on the Play Store! -Carlos,,12150
12152,user_spot_1077_425,True,Sat Nov 11 19:27:00 +0000 2017,@SpotifyCares Please add a native Sleep Timer feature to the macOS Ventura desktop application.,12153,
12153,SpotifyCares,False,Sat Nov 11 19:38:00 +0000 2017,@user_spot_1077_425 Hi! We're always testing UI improvements. Make sure your app is updated to the latest version on the Play Store! -Alex,,12152
12154,user_spot_1078_184,True,Sat Nov 11 19:37:00 +0000 2017,@SpotifyCares How can I block a specific artist from playing on my Discover Weekly and Release Radar?,12155,
12155,SpotifyCares,False,Sat Nov 11 19:48:00 +0000 2017,@user_spot_1078_184 Hello! You can update your display name anytime from your profile page in the mobile or desktop app settings. -Maya,,12154
12156,user_spot_1079_304,True,Sat Nov 11 19:53:00 +0000 2017,@SpotifyCares When is Spotify HiFi 24-bit lossless streaming audio going to be released?,12157,
12157,SpotifyCares,False,Sat Nov 11 20:14:00 +0000 2017,@user_spot_1079_304 Hello! You can update your display name anytime from your profile page in the mobile or desktop app settings. -Daniel,,12156
12158,user_spot_1080_690,True,Sat Nov 11 20:09:00 +0000 2017,@SpotifyCares My Daily Mix playlists haven't refreshed for over a week. Same songs on repeat.,12159,
12159,SpotifyCares,False,Sat Nov 11 20:24:00 +0000 2017,@user_spot_1080_690 Hi! We're always testing UI improvements. Make sure your app is updated to the latest version on the Play Store! -Sarah,,12158
12160,other_user_0,True,Wed Nov 01 08:00:00 +0000 2017,@AppleSupport need help with my service issue #100,12161,
12161,AppleSupport,False,Wed Nov 01 08:15:00 +0000 2017,@apple_user Have you tried restarting your iPhone to fix the camera app freeze?,,12160
12162,other_user_1,True,Wed Nov 01 10:00:00 +0000 2017,@AmazonHelp need help with my service issue #101,12163,
12163,AmazonHelp,False,Wed Nov 01 10:15:00 +0000 2017,@amazon_cust Your Prime delivery package #101 has been dispatched and will arrive tomorrow.,,12162
12164,other_user_2,True,Wed Nov 01 12:00:00 +0000 2017,@Uber_Support need help with my service issue #102,12165,
12165,Uber_Support,False,Wed Nov 01 12:15:00 +0000 2017,@uber_rider We apologize for the trip cancellation fee. We have credited $5 to your Uber wallet.,,12164
12166,other_user_3,True,Wed Nov 01 14:00:00 +0000 2017,@Delta need help with my service issue #103,12167,
12167,Delta,False,Wed Nov 01 14:15:00 +0000 2017,@delta_flyer Flight DL1842 is scheduled on time for departure from Atlanta Gate B12.,,12166
12168,other_user_4,True,Wed Nov 01 16:00:00 +0000 2017,@Nike need help with my service issue #104,12169,
12169,Nike,False,Wed Nov 01 16:15:00 +0000 2017,@nike_fan Check out the new Pegasus release on the Nike app with exclusive member discount.,,12168
12170,other_user_5,True,Wed Nov 01 18:00:00 +0000 2017,@AppleSupport need help with my service issue #105,12171,
12171,AppleSupport,False,Wed Nov 01 18:15:00 +0000 2017,@apple_user Have you tried restarting your iPhone to fix the camera app freeze?,,12170
12172,other_user_6,True,Wed Nov 01 20:00:00 +0000 2017,@AmazonHelp need help with my service issue #106,12173,
12173,AmazonHelp,False,Wed Nov 01 20:15:00 +0000 2017,@amazon_cust Your Prime delivery package #106 has been dispatched and will arrive tomorrow.,,12172
12174,other_user_7,True,Wed Nov 01 22:00:00 +0000 2017,@Uber_Support need help with my service issue #107,12175,
12175,Uber_Support,False,Wed Nov 01 22:15:00 +0000 2017,@uber_rider We apologize for the trip cancellation fee. We have credited $5 to your Uber wallet.,,12174
12176,other_user_8,True,Thu Nov 02 00:00:00 +0000 2017,@Delta need help with my service issue #108,12177,
12177,Delta,False,Thu Nov 02 00:15:00 +0000 2017,@delta_flyer Flight DL1842 is scheduled on time for departure from Atlanta Gate B12.,,12176
12178,other_user_9,True,Thu Nov 02 02:00:00 +0000 2017,@Nike need help with my service issue #109,12179,
12179,Nike,False,Thu Nov 02 02:15:00 +0000 2017,@nike_fan Check out the new Pegasus release on the Nike app with exclusive member discount.,,12178
12180,other_user_10,True,Thu Nov 02 04:00:00 +0000 2017,@AppleSupport need help with my service issue #110,12181,
12181,AppleSupport,False,Thu Nov 02 04:15:00 +0000 2017,@apple_user Have you tried restarting your iPhone to fix the camera app freeze?,,12180
12182,other_user_11,True,Thu Nov 02 06:00:00 +0000 2017,@AmazonHelp need help with my service issue #111,12183,
12183,AmazonHelp,False,Thu Nov 02 06:15:00 +0000 2017,@amazon_cust Your Prime delivery package #111 has been dispatched and will arrive tomorrow.,,12182
12184,other_user_12,True,Thu Nov 02 08:00:00 +0000 2017,@Uber_Support need help with my service issue #112,12185,
12185,Uber_Support,False,Thu Nov 02 08:15:00 +0000 2017,@uber_rider We apologize for the trip cancellation fee. We have credited $5 to your Uber wallet.,,12184
12186,other_user_13,True,Thu Nov 02 10:00:00 +0000 2017,@Delta need help with my service issue #113,12187,
12187,Delta,False,Thu Nov 02 10:15:00 +0000 2017,@delta_flyer Flight DL1842 is scheduled on time for departure from Atlanta Gate B12.,,12186
12188,other_user_14,True,Thu Nov 02 12:00:00 +0000 2017,@Nike need help with my service issue #114,12189,
12189,Nike,False,Thu Nov 02 12:15:00 +0000 2017,@nike_fan Check out the new Pegasus release on the Nike app with exclusive member discount.,,12188
12190,other_user_15,True,Thu Nov 02 14:00:00 +0000 2017,@AppleSupport need help with my service issue #115,12191,
12191,AppleSupport,False,Thu Nov 02 14:15:00 +0000 2017,@apple_user Have you tried restarting your iPhone to fix the camera app freeze?,,12190
12192,other_user_16,True,Thu Nov 02 16:00:00 +0000 2017,@AmazonHelp need help with my service issue #116,12193,
12193,AmazonHelp,False,Thu Nov 02 16:15:00 +0000 2017,@amazon_cust Your Prime delivery package #116 has been dispatched and will arrive tomorrow.,,12192
12194,other_user_17,True,Thu Nov 02 18:00:00 +0000 2017,@Uber_Support need help with my service issue #117,12195,
12195,Uber_Support,False,Thu Nov 02 18:15:00 +0000 2017,@uber_rider We apologize for the trip cancellation fee. We have credited $5 to your Uber wallet.,,12194
12196,other_user_18,True,Thu Nov 02 20:00:00 +0000 2017,@Delta need help with my service issue #118,12197,
12197,Delta,False,Thu Nov 02 20:15:00 +0000 2017,@delta_flyer Flight DL1842 is scheduled on time for departure from Atlanta Gate B12.,,12196
12198,other_user_19,True,Thu Nov 02 22:00:00 +0000 2017,@Nike need help with my service issue #119,12199,
12199,Nike,False,Thu Nov 02 22:15:00 +0000 2017,@nike_fan Check out the new Pegasus release on the Nike app with exclusive member discount.,,12198
12200,other_user_20,True,Fri Nov 03 00:00:00 +0000 2017,@AppleSupport need help with my service issue #120,12201,
12201,AppleSupport,False,Fri Nov 03 00:15:00 +0000 2017,@apple_user Have you tried restarting your iPhone to fix the camera app freeze?,,12200
12202,other_user_21,True,Fri Nov 03 02:00:00 +0000 2017,@AmazonHelp need help with my service issue #121,12203,
12203,AmazonHelp,False,Fri Nov 03 02:15:00 +0000 2017,@amazon_cust Your Prime delivery package #121 has been dispatched and will arrive tomorrow.,,12202
12204,other_user_22,True,Fri Nov 03 04:00:00 +0000 2017,@Uber_Support need help with my service issue #122,12205,
12205,Uber_Support,False,Fri Nov 03 04:15:00 +0000 2017,@uber_rider We apologize for the trip cancellation fee. We have credited $5 to your Uber wallet.,,12204
12206,other_user_23,True,Fri Nov 03 06:00:00 +0000 2017,@Delta need help with my service issue #123,12207,
12207,Delta,False,Fri Nov 03 06:15:00 +0000 2017,@delta_flyer Flight DL1842 is scheduled on time for departure from Atlanta Gate B12.,,12206
12208,other_user_24,True,Fri Nov 03 08:00:00 +0000 2017,@Nike need help with my service issue #124,12209,
12209,Nike,False,Fri Nov 03 08:15:00 +0000 2017,@nike_fan Check out the new Pegasus release on the Nike app with exclusive member discount.,,12208
12210,other_user_25,True,Fri Nov 03 10:00:00 +0000 2017,@AppleSupport need help with my service issue #125,12211,
12211,AppleSupport,False,Fri Nov 03 10:15:00 +0000 2017,@apple_user Have you tried restarting your iPhone to fix the camera app freeze?,,12210
12212,other_user_26,True,Fri Nov 03 12:00:00 +0000 2017,@AmazonHelp need help with my service issue #126,12213,
12213,AmazonHelp,False,Fri Nov 03 12:15:00 +0000 2017,@amazon_cust Your Prime delivery package #126 has been dispatched and will arrive tomorrow.,,12212
12214,other_user_27,True,Fri Nov 03 14:00:00 +0000 2017,@Uber_Support need help with my service issue #127,12215,
12215,Uber_Support,False,Fri Nov 03 14:15:00 +0000 2017,@uber_rider We apologize for the trip cancellation fee. We have credited $5 to your Uber wallet.,,12214
12216,other_user_28,True,Fri Nov 03 16:00:00 +0000 2017,@Delta need help with my service issue #128,12217,
12217,Delta,False,Fri Nov 03 16:15:00 +0000 2017,@delta_flyer Flight DL1842 is scheduled on time for departure from Atlanta Gate B12.,,12216
12218,other_user_29,True,Fri Nov 03 18:00:00 +0000 2017,@Nike need help with my service issue #129,12219,
12219,Nike,False,Fri Nov 03 18:15:00 +0000 2017,@nike_fan Check out the new Pegasus release on the Nike app with exclusive member discount.,,12218
12220,other_user_30,True,Fri Nov 03 20:00:00 +0000 2017,@AppleSupport need help with my service issue #130,12221,
12221,AppleSupport,False,Fri Nov 03 20:15:00 +0000 2017,@apple_user Have you tried restarting your iPhone to fix the camera app freeze?,,12220
12222,other_user_31,True,Fri Nov 03 22:00:00 +0000 2017,@AmazonHelp need help with my service issue #131,12223,
12223,AmazonHelp,False,Fri Nov 03 22:15:00 +0000 2017,@amazon_cust Your Prime delivery package #131 has been dispatched and will arrive tomorrow.,,12222
12224,other_user_32,True,Sat Nov 04 00:00:00 +0000 2017,@Uber_Support need help with my service issue #132,12225,
12225,Uber_Support,False,Sat Nov 04 00:15:00 +0000 2017,@uber_rider We apologize for the trip cancellation fee. We have credited $5 to your Uber wallet.,,12224
12226,other_user_33,True,Sat Nov 04 02:00:00 +0000 2017,@Delta need help with my service issue #133,12227,
12227,Delta,False,Sat Nov 04 02:15:00 +0000 2017,@delta_flyer Flight DL1842 is scheduled on time for departure from Atlanta Gate B12.,,12226
12228,other_user_34,True,Sat Nov 04 04:00:00 +0000 2017,@Nike need help with my service issue #134,12229,
12229,Nike,False,Sat Nov 04 04:15:00 +0000 2017,@nike_fan Check out the new Pegasus release on the Nike app with exclusive member discount.,,12228
12230,other_user_35,True,Sat Nov 04 06:00:00 +0000 2017,@AppleSupport need help with my service issue #135,12231,
12231,AppleSupport,False,Sat Nov 04 06:15:00 +0000 2017,@apple_user Have you tried restarting your iPhone to fix the camera app freeze?,,12230
12232,other_user_36,True,Sat Nov 04 08:00:00 +0000 2017,@AmazonHelp need help with my service issue #136,12233,
12233,AmazonHelp,False,Sat Nov 04 08:15:00 +0000 2017,@amazon_cust Your Prime delivery package #136 has been dispatched and will arrive tomorrow.,,12232
12234,other_user_37,True,Sat Nov 04 10:00:00 +0000 2017,@Uber_Support need help with my service issue #137,12235,
12235,Uber_Support,False,Sat Nov 04 10:15:00 +0000 2017,@uber_rider We apologize for the trip cancellation fee. We have credited $5 to your Uber wallet.,,12234
12236,other_user_38,True,Sat Nov 04 12:00:00 +0000 2017,@Delta need help with my service issue #138,12237,
12237,Delta,False,Sat Nov 04 12:15:00 +0000 2017,@delta_flyer Flight DL1842 is scheduled on time for departure from Atlanta Gate B12.,,12236
12238,other_user_39,True,Sat Nov 04 14:00:00 +0000 2017,@Nike need help with my service issue #139,12239,
12239,Nike,False,Sat Nov 04 14:15:00 +0000 2017,@nike_fan Check out the new Pegasus release on the Nike app with exclusive member discount.,,12238
12240,other_user_40,True,Sat Nov 04 16:00:00 +0000 2017,@AppleSupport need help with my service issue #140,12241,
12241,AppleSupport,False,Sat Nov 04 16:15:00 +0000 2017,@apple_user Have you tried restarting your iPhone to fix the camera app freeze?,,12240
12242,other_user_41,True,Sat Nov 04 18:00:00 +0000 2017,@AmazonHelp need help with my service issue #141,12243,
12243,AmazonHelp,False,Sat Nov 04 18:15:00 +0000 2017,@amazon_cust Your Prime delivery package #141 has been dispatched and will arrive tomorrow.,,12242
12244,other_user_42,True,Sat Nov 04 20:00:00 +0000 2017,@Uber_Support need help with my service issue #142,12245,
12245,Uber_Support,False,Sat Nov 04 20:15:00 +0000 2017,@uber_rider We apologize for the trip cancellation fee. We have credited $5 to your Uber wallet.,,12244
12246,other_user_43,True,Sat Nov 04 22:00:00 +0000 2017,@Delta need help with my service issue #143,12247,
12247,Delta,False,Sat Nov 04 22:15:00 +0000 2017,@delta_flyer Flight DL1842 is scheduled on time for departure from Atlanta Gate B12.,,12246
12248,other_user_44,True,Sun Nov 05 00:00:00 +0000 2017,@Nike need help with my service issue #144,12249,
12249,Nike,False,Sun Nov 05 00:15:00 +0000 2017,@nike_fan Check out the new Pegasus release on the Nike app with exclusive member discount.,,12248
12250,other_user_45,True,Sun Nov 05 02:00:00 +0000 2017,@AppleSupport need help with my service issue #145,12251,
12251,AppleSupport,False,Sun Nov 05 02:15:00 +0000 2017,@apple_user Have you tried restarting your iPhone to fix the camera app freeze?,,12250
12252,other_user_46,True,Sun Nov 05 04:00:00 +0000 2017,@AmazonHelp need help with my service issue #146,12253,
12253,AmazonHelp,False,Sun Nov 05 04:15:00 +0000 2017,@amazon_cust Your Prime delivery package #146 has been dispatched and will arrive tomorrow.,,12252
12254,other_user_47,True,Sun Nov 05 06:00:00 +0000 2017,@Uber_Support need help with my service issue #147,12255,
12255,Uber_Support,False,Sun Nov 05 06:15:00 +0000 2017,@uber_rider We apologize for the trip cancellation fee. We have credited $5 to your Uber wallet.,,12254
12256,other_user_48,True,Sun Nov 05 08:00:00 +0000 2017,@Delta need help with my service issue #148,12257,
12257,Delta,False,Sun Nov 05 08:15:00 +0000 2017,@delta_flyer Flight DL1842 is scheduled on time for departure from Atlanta Gate B12.,,12256
12258,other_user_49,True,Sun Nov 05 10:00:00 +0000 2017,@Nike need help with my service issue #149,12259,
12259,Nike,False,Sun Nov 05 10:15:00 +0000 2017,@nike_fan Check out the new Pegasus release on the Nike app with exclusive member discount.,,12258
12260,other_user_50,True,Sun Nov 05 12:00:00 +0000 2017,@AppleSupport need help with my service issue #150,12261,
12261,AppleSupport,False,Sun Nov 05 12:15:00 +0000 2017,@apple_user Have you tried restarting your iPhone to fix the camera app freeze?,,12260
12262,other_user_51,True,Sun Nov 05 14:00:00 +0000 2017,@AmazonHelp need help with my service issue #151,12263,
12263,AmazonHelp,False,Sun Nov 05 14:15:00 +0000 2017,@amazon_cust Your Prime delivery package #151 has been dispatched and will arrive tomorrow.,,12262
12264,other_user_52,True,Sun Nov 05 16:00:00 +0000 2017,@Uber_Support need help with my service issue #152,12265,
12265,Uber_Support,False,Sun Nov 05 16:15:00 +0000 2017,@uber_rider We apologize for the trip cancellation fee. We have credited $5 to your Uber wallet.,,12264
12266,other_user_53,True,Sun Nov 05 18:00:00 +0000 2017,@Delta need help with my service issue #153,12267,
12267,Delta,False,Sun Nov 05 18:15:00 +0000 2017,@delta_flyer Flight DL1842 is scheduled on time for departure from Atlanta Gate B12.,,12266
12268,other_user_54,True,Sun Nov 05 20:00:00 +0000 2017,@Nike need help with my service issue #154,12269,
12269,Nike,False,Sun Nov 05 20:15:00 +0000 2017,@nike_fan Check out the new Pegasus release on the Nike app with exclusive member discount.,,12268
12270,other_user_55,True,Sun Nov 05 22:00:00 +0000 2017,@AppleSupport need help with my service issue #155,12271,
12271,AppleSupport,False,Sun Nov 05 22:15:00 +0000 2017,@apple_user Have you tried restarting your iPhone to fix the camera app freeze?,,12270
12272,other_user_56,True,Mon Nov 06 00:00:00 +0000 2017,@AmazonHelp need help with my service issue #156,12273,
12273,AmazonHelp,False,Mon Nov 06 00:15:00 +0000 2017,@amazon_cust Your Prime delivery package #156 has been dispatched and will arrive tomorrow.,,12272
12274,other_user_57,True,Mon Nov 06 02:00:00 +0000 2017,@Uber_Support need help with my service issue #157,12275,
12275,Uber_Support,False,Mon Nov 06 02:15:00 +0000 2017,@uber_rider We apologize for the trip cancellation fee. We have credited $5 to your Uber wallet.,,12274
12276,other_user_58,True,Mon Nov 06 04:00:00 +0000 2017,@Delta need help with my service issue #158,12277,
12277,Delta,False,Mon Nov 06 04:15:00 +0000 2017,@delta_flyer Flight DL1842 is scheduled on time for departure from Atlanta Gate B12.,,12276
12278,other_user_59,True,Mon Nov 06 06:00:00 +0000 2017,@Nike need help with my service issue #159,12279,
12279,Nike,False,Mon Nov 06 06:15:00 +0000 2017,@nike_fan Check out the new Pegasus release on the Nike app with exclusive member discount.,,12278
12280,other_user_60,True,Mon Nov 06 08:00:00 +0000 2017,@AppleSupport need help with my service issue #160,12281,
12281,AppleSupport,False,Mon Nov 06 08:15:00 +0000 2017,@apple_user Have you tried restarting your iPhone to fix the camera app freeze?,,12280
12282,other_user_61,True,Mon Nov 06 10:00:00 +0000 2017,@AmazonHelp need help with my service issue #161,12283,
12283,AmazonHelp,False,Mon Nov 06 10:15:00 +0000 2017,@amazon_cust Your Prime delivery package #161 has been dispatched and will arrive tomorrow.,,12282
12284,other_user_62,True,Mon Nov 06 12:00:00 +0000 2017,@Uber_Support need help with my service issue #162,12285,
12285,Uber_Support,False,Mon Nov 06 12:15:00 +0000 2017,@uber_rider We apologize for the trip cancellation fee. We have credited $5 to your Uber wallet.,,12284
12286,other_user_63,True,Mon Nov 06 14:00:00 +0000 2017,@Delta need help with my service issue #163,12287,
12287,Delta,False,Mon Nov 06 14:15:00 +0000 2017,@delta_flyer Flight DL1842 is scheduled on time for departure from Atlanta Gate B12.,,12286
12288,other_user_64,True,Mon Nov 06 16:00:00 +0000 2017,@Nike need help with my service issue #164,12289,
12289,Nike,False,Mon Nov 06 16:15:00 +0000 2017,@nike_fan Check out the new Pegasus release on the Nike app with exclusive member discount.,,12288
12290,other_user_65,True,Mon Nov 06 18:00:00 +0000 2017,@AppleSupport need help with my service issue #165,12291,
12291,AppleSupport,False,Mon Nov 06 18:15:00 +0000 2017,@apple_user Have you tried restarting your iPhone to fix the camera app freeze?,,12290
12292,other_user_66,True,Mon Nov 06 20:00:00 +0000 2017,@AmazonHelp need help with my service issue #166,12293,
12293,AmazonHelp,False,Mon Nov 06 20:15:00 +0000 2017,@amazon_cust Your Prime delivery package #166 has been dispatched and will arrive tomorrow.,,12292
12294,other_user_67,True,Mon Nov 06 22:00:00 +0000 2017,@Uber_Support need help with my service issue #167,12295,
12295,Uber_Support,False,Mon Nov 06 22:15:00 +0000 2017,@uber_rider We apologize for the trip cancellation fee. We have credited $5 to your Uber wallet.,,12294
12296,other_user_68,True,Tue Nov 07 00:00:00 +0000 2017,@Delta need help with my service issue #168,12297,
12297,Delta,False,Tue Nov 07 00:15:00 +0000 2017,@delta_flyer Flight DL1842 is scheduled on time for departure from Atlanta Gate B12.,,12296
12298,other_user_69,True,Tue Nov 07 02:00:00 +0000 2017,@Nike need help with my service issue #169,12299,
12299,Nike,False,Tue Nov 07 02:15:00 +0000 2017,@nike_fan Check out the new Pegasus release on the Nike app with exclusive member discount.,,12298
12300,other_user_70,True,Tue Nov 07 04:00:00 +0000 2017,@AppleSupport need help with my service issue #170,12301,
12301,AppleSupport,False,Tue Nov 07 04:15:00 +0000 2017,@apple_user Have you tried restarting your iPhone to fix the camera app freeze?,,12300
12302,other_user_71,True,Tue Nov 07 06:00:00 +0000 2017,@AmazonHelp need help with my service issue #171,12303,
12303,AmazonHelp,False,Tue Nov 07 06:15:00 +0000 2017,@amazon_cust Your Prime delivery package #171 has been dispatched and will arrive tomorrow.,,12302
12304,other_user_72,True,Tue Nov 07 08:00:00 +0000 2017,@Uber_Support need help with my service issue #172,12305,
12305,Uber_Support,False,Tue Nov 07 08:15:00 +0000 2017,@uber_rider We apologize for the trip cancellation fee. We have credited $5 to your Uber wallet.,,12304
12306,other_user_73,True,Tue Nov 07 10:00:00 +0000 2017,@Delta need help with my service issue #173,12307,
12307,Delta,False,Tue Nov 07 10:15:00 +0000 2017,@delta_flyer Flight DL1842 is scheduled on time for departure from Atlanta Gate B12.,,12306
12308,other_user_74,True,Tue Nov 07 12:00:00 +0000 2017,@Nike need help with my service issue #174,12309,
12309,Nike,False,Tue Nov 07 12:15:00 +0000 2017,@nike_fan Check out the new Pegasus release on the Nike app with exclusive member discount.,,12308
12310,other_user_75,True,Tue Nov 07 14:00:00 +0000 2017,@AppleSupport need help with my service issue #175,12311,
12311,AppleSupport,False,Tue Nov 07 14:15:00 +0000 2017,@apple_user Have you tried restarting your iPhone to fix the camera app freeze?,,12310
12312,other_user_76,True,Tue Nov 07 16:00:00 +0000 2017,@AmazonHelp need help with my service issue #176,12313,
12313,AmazonHelp,False,Tue Nov 07 16:15:00 +0000 2017,@amazon_cust Your Prime delivery package #176 has been dispatched and will arrive tomorrow.,,12312
12314,other_user_77,True,Tue Nov 07 18:00:00 +0000 2017,@Uber_Support need help with my service issue #177,12315,
12315,Uber_Support,False,Tue Nov 07 18:15:00 +0000 2017,@uber_rider We apologize for the trip cancellation fee. We have credited $5 to your Uber wallet.,,12314
12316,other_user_78,True,Tue Nov 07 20:00:00 +0000 2017,@Delta need help with my service issue #178,12317,
12317,Delta,False,Tue Nov 07 20:15:00 +0000 2017,@delta_flyer Flight DL1842 is scheduled on time for departure from Atlanta Gate B12.,,12316
12318,other_user_79,True,Tue Nov 07 22:00:00 +0000 2017,@Nike need help with my service issue #179,12319,
12319,Nike,False,Tue Nov 07 22:15:00 +0000 2017,@nike_fan Check out the new Pegasus release on the Nike app with exclusive member discount.,,12318
12320,other_user_80,True,Wed Nov 08 00:00:00 +0000 2017,@AppleSupport need help with my service issue #180,12321,
12321,AppleSupport,False,Wed Nov 08 00:15:00 +0000 2017,@apple_user Have you tried restarting your iPhone to fix the camera app freeze?,,12320
12322,other_user_81,True,Wed Nov 08 02:00:00 +0000 2017,@AmazonHelp need help with my service issue #181,12323,
12323,AmazonHelp,False,Wed Nov 08 02:15:00 +0000 2017,@amazon_cust Your Prime delivery package #181 has been dispatched and will arrive tomorrow.,,12322
12324,other_user_82,True,Wed Nov 08 04:00:00 +0000 2017,@Uber_Support need help with my service issue #182,12325,
12325,Uber_Support,False,Wed Nov 08 04:15:00 +0000 2017,@uber_rider We apologize for the trip cancellation fee. We have credited $5 to your Uber wallet.,,12324
12326,other_user_83,True,Wed Nov 08 06:00:00 +0000 2017,@Delta need help with my service issue #183,12327,
12327,Delta,False,Wed Nov 08 06:15:00 +0000 2017,@delta_flyer Flight DL1842 is scheduled on time for departure from Atlanta Gate B12.,,12326
12328,other_user_84,True,Wed Nov 08 08:00:00 +0000 2017,@Nike need help with my service issue #184,12329,
12329,Nike,False,Wed Nov 08 08:15:00 +0000 2017,@nike_fan Check out the new Pegasus release on the Nike app with exclusive member discount.,,12328
12330,other_user_85,True,Wed Nov 08 10:00:00 +0000 2017,@AppleSupport need help with my service issue #185,12331,
12331,AppleSupport,False,Wed Nov 08 10:15:00 +0000 2017,@apple_user Have you tried restarting your iPhone to fix the camera app freeze?,,12330
12332,other_user_86,True,Wed Nov 08 12:00:00 +0000 2017,@AmazonHelp need help with my service issue #186,12333,
12333,AmazonHelp,False,Wed Nov 08 12:15:00 +0000 2017,@amazon_cust Your Prime delivery package #186 has been dispatched and will arrive tomorrow.,,12332
12334,other_user_87,True,Wed Nov 08 14:00:00 +0000 2017,@Uber_Support need help with my service issue #187,12335,
12335,Uber_Support,False,Wed Nov 08 14:15:00 +0000 2017,@uber_rider We apologize for the trip cancellation fee. We have credited $5 to your Uber wallet.,,12334
12336,other_user_88,True,Wed Nov 08 16:00:00 +0000 2017,@Delta need help with my service issue #188,12337,
12337,Delta,False,Wed Nov 08 16:15:00 +0000 2017,@delta_flyer Flight DL1842 is scheduled on time for departure from Atlanta Gate B12.,,12336
12338,other_user_89,True,Wed Nov 08 18:00:00 +0000 2017,@Nike need help with my service issue #189,12339,
12339,Nike,False,Wed Nov 08 18:15:00 +0000 2017,@nike_fan Check out the new Pegasus release on the Nike app with exclusive member discount.,,12338
12340,other_user_90,True,Wed Nov 08 20:00:00 +0000 2017,@AppleSupport need help with my service issue #190,12341,
12341,AppleSupport,False,Wed Nov 08 20:15:00 +0000 2017,@apple_user Have you tried restarting your iPhone to fix the camera app freeze?,,12340
12342,other_user_91,True,Wed Nov 08 22:00:00 +0000 2017,@AmazonHelp need help with my service issue #191,12343,
12343,AmazonHelp,False,Wed Nov 08 22:15:00 +0000 2017,@amazon_cust Your Prime delivery package #191 has been dispatched and will arrive tomorrow.,,12342
12344,other_user_92,True,Thu Nov 09 00:00:00 +0000 2017,@Uber_Support need help with my service issue #192,12345,
12345,Uber_Support,False,Thu Nov 09 00:15:00 +0000 2017,@uber_rider We apologize for the trip cancellation fee. We have credited $5 to your Uber wallet.,,12344
12346,other_user_93,True,Thu Nov 09 02:00:00 +0000 2017,@Delta need help with my service issue #193,12347,
12347,Delta,False,Thu Nov 09 02:15:00 +0000 2017,@delta_flyer Flight DL1842 is scheduled on time for departure from Atlanta Gate B12.,,12346
12348,other_user_94,True,Thu Nov 09 04:00:00 +0000 2017,@Nike need help with my service issue #194,12349,
12349,Nike,False,Thu Nov 09 04:15:00 +0000 2017,@nike_fan Check out the new Pegasus release on the Nike app with exclusive member discount.,,12348
12350,other_user_95,True,Thu Nov 09 06:00:00 +0000 2017,@AppleSupport need help with my service issue #195,12351,
12351,AppleSupport,False,Thu Nov 09 06:15:00 +0000 2017,@apple_user Have you tried restarting your iPhone to fix the camera app freeze?,,12350
12352,other_user_96,True,Thu Nov 09 08:00:00 +0000 2017,@AmazonHelp need help with my service issue #196,12353,
12353,AmazonHelp,False,Thu Nov 09 08:15:00 +0000 2017,@amazon_cust Your Prime delivery package #196 has been dispatched and will arrive tomorrow.,,12352
12354,other_user_97,True,Thu Nov 09 10:00:00 +0000 2017,@Uber_Support need help with my service issue #197,12355,
12355,Uber_Support,False,Thu Nov 09 10:15:00 +0000 2017,@uber_rider We apologize for the trip cancellation fee. We have credited $5 to your Uber wallet.,,12354
12356,other_user_98,True,Thu Nov 09 12:00:00 +0000 2017,@Delta need help with my service issue #198,12357,
12357,Delta,False,Thu Nov 09 12:15:00 +0000 2017,@delta_flyer Flight DL1842 is scheduled on time for departure from Atlanta Gate B12.,,12356
12358,other_user_99,True,Thu Nov 09 14:00:00 +0000 2017,@Nike need help with my service issue #199,12359,
12359,Nike,False,Thu Nov 09 14:15:00 +0000 2017,@nike_fan Check out the new Pegasus release on the Nike app with exclusive member discount.,,12358
12360,other_user_100,True,Thu Nov 09 16:00:00 +0000 2017,@AppleSupport need help with my service issue #200,12361,
12361,AppleSupport,False,Thu Nov 09 16:15:00 +0000 2017,@apple_user Have you tried restarting your iPhone to fix the camera app freeze?,,12360
12362,other_user_101,True,Thu Nov 09 18:00:00 +0000 2017,@AmazonHelp need help with my service issue #201,12363,
12363,AmazonHelp,False,Thu Nov 09 18:15:00 +0000 2017,@amazon_cust Your Prime delivery package #201 has been dispatched and will arrive tomorrow.,,12362
12364,other_user_102,True,Thu Nov 09 20:00:00 +0000 2017,@Uber_Support need help with my service issue #202,12365,
12365,Uber_Support,False,Thu Nov 09 20:15:00 +0000 2017,@uber_rider We apologize for the trip cancellation fee. We have credited $5 to your Uber wallet.,,12364
12366,other_user_103,True,Thu Nov 09 22:00:00 +0000 2017,@Delta need help with my service issue #203,12367,
12367,Delta,False,Thu Nov 09 22:15:00 +0000 2017,@delta_flyer Flight DL1842 is scheduled on time for departure from Atlanta Gate B12.,,12366
12368,other_user_104,True,Fri Nov 10 00:00:00 +0000 2017,@Nike need help with my service issue #204,12369,
12369,Nike,False,Fri Nov 10 00:15:00 +0000 2017,@nike_fan Check out the new Pegasus release on the Nike app with exclusive member discount.,,12368
12370,other_user_105,True,Fri Nov 10 02:00:00 +0000 2017,@AppleSupport need help with my service issue #205,12371,
12371,AppleSupport,False,Fri Nov 10 02:15:00 +0000 2017,@apple_user Have you tried restarting your iPhone to fix the camera app freeze?,,12370
12372,other_user_106,True,Fri Nov 10 04:00:00 +0000 2017,@AmazonHelp need help with my service issue #206,12373,
12373,AmazonHelp,False,Fri Nov 10 04:15:00 +0000 2017,@amazon_cust Your Prime delivery package #206 has been dispatched and will arrive tomorrow.,,12372
12374,other_user_107,True,Fri Nov 10 06:00:00 +0000 2017,@Uber_Support need help with my service issue #207,12375,
12375,Uber_Support,False,Fri Nov 10 06:15:00 +0000 2017,@uber_rider We apologize for the trip cancellation fee. We have credited $5 to your Uber wallet.,,12374
12376,other_user_108,True,Fri Nov 10 08:00:00 +0000 2017,@Delta need help with my service issue #208,12377,
12377,Delta,False,Fri Nov 10 08:15:00 +0000 2017,@delta_flyer Flight DL1842 is scheduled on time for departure from Atlanta Gate B12.,,12376
12378,other_user_109,True,Fri Nov 10 10:00:00 +0000 2017,@Nike need help with my service issue #209,12379,
12379,Nike,False,Fri Nov 10 10:15:00 +0000 2017,@nike_fan Check out the new Pegasus release on the Nike app with exclusive member discount.,,12378
12380,other_user_110,True,Fri Nov 10 12:00:00 +0000 2017,@AppleSupport need help with my service issue #210,12381,
12381,AppleSupport,False,Fri Nov 10 12:15:00 +0000 2017,@apple_user Have you tried restarting your iPhone to fix the camera app freeze?,,12380
12382,other_user_111,True,Fri Nov 10 14:00:00 +0000 2017,@AmazonHelp need help with my service issue #211,12383,
12383,AmazonHelp,False,Fri Nov 10 14:15:00 +0000 2017,@amazon_cust Your Prime delivery package #211 has been dispatched and will arrive tomorrow.,,12382
12384,other_user_112,True,Fri Nov 10 16:00:00 +0000 2017,@Uber_Support need help with my service issue #212,12385,
12385,Uber_Support,False,Fri Nov 10 16:15:00 +0000 2017,@uber_rider We apologize for the trip cancellation fee. We have credited $5 to your Uber wallet.,,12384
12386,other_user_113,True,Fri Nov 10 18:00:00 +0000 2017,@Delta need help with my service issue #213,12387,
12387,Delta,False,Fri Nov 10 18:15:00 +0000 2017,@delta_flyer Flight DL1842 is scheduled on time for departure from Atlanta Gate B12.,,12386
12388,other_user_114,True,Fri Nov 10 20:00:00 +0000 2017,@Nike need help with my service issue #214,12389,
12389,Nike,False,Fri Nov 10 20:15:00 +0000 2017,@nike_fan Check out the new Pegasus release on the Nike app with exclusive member discount.,,12388
12390,other_user_115,True,Fri Nov 10 22:00:00 +0000 2017,@AppleSupport need help with my service issue #215,12391,
12391,AppleSupport,False,Fri Nov 10 22:15:00 +0000 2017,@apple_user Have you tried restarting your iPhone to fix the camera app freeze?,,12390
12392,other_user_116,True,Sat Nov 11 00:00:00 +0000 2017,@AmazonHelp need help with my service issue #216,12393,
12393,AmazonHelp,False,Sat Nov 11 00:15:00 +0000 2017,@amazon_cust Your Prime delivery package #216 has been dispatched and will arrive tomorrow.,,12392
12394,other_user_117,True,Sat Nov 11 02:00:00 +0000 2017,@Uber_Support need help with my service issue #217,12395,
12395,Uber_Support,False,Sat Nov 11 02:15:00 +0000 2017,@uber_rider We apologize for the trip cancellation fee. We have credited $5 to your Uber wallet.,,12394
12396,other_user_118,True,Sat Nov 11 04:00:00 +0000 2017,@Delta need help with my service issue #218,12397,
12397,Delta,False,Sat Nov 11 04:15:00 +0000 2017,@delta_flyer Flight DL1842 is scheduled on time for departure from Atlanta Gate B12.,,12396
12398,other_user_119,True,Sat Nov 11 06:00:00 +0000 2017,@Nike need help with my service issue #219,12399,
12399,Nike,False,Sat Nov 11 06:15:00 +0000 2017,@nike_fan Check out the new Pegasus release on the Nike app with exclusive member discount.,,12398
12400,other_user_120,True,Sat Nov 11 08:00:00 +0000 2017,@AppleSupport need help with my service issue #220,12401,
12401,AppleSupport,False,Sat Nov 11 08:15:00 +0000 2017,@apple_user Have you tried restarting your iPhone to fix the camera app freeze?,,12400
12402,other_user_121,True,Sat Nov 11 10:00:00 +0000 2017,@AmazonHelp need help with my service issue #221,12403,
12403,AmazonHelp,False,Sat Nov 11 10:15:00 +0000 2017,@amazon_cust Your Prime delivery package #221 has been dispatched and will arrive tomorrow.,,12402
12404,other_user_122,True,Sat Nov 11 12:00:00 +0000 2017,@Uber_Support need help with my service issue #222,12405,
12405,Uber_Support,False,Sat Nov 11 12:15:00 +0000 2017,@uber_rider We apologize for the trip cancellation fee. We have credited $5 to your Uber wallet.,,12404
12406,other_user_123,True,Sat Nov 11 14:00:00 +0000 2017,@Delta need help with my service issue #223,12407,
12407,Delta,False,Sat Nov 11 14:15:00 +0000 2017,@delta_flyer Flight DL1842 is scheduled on time for departure from Atlanta Gate B12.,,12406
12408,other_user_124,True,Sat Nov 11 16:00:00 +0000 2017,@Nike need help with my service issue #224,12409,
12409,Nike,False,Sat Nov 11 16:15:00 +0000 2017,@nike_fan Check out the new Pegasus release on the Nike app with exclusive member discount.,,12408
12410,other_user_125,True,Sat Nov 11 18:00:00 +0000 2017,@AppleSupport need help with my service issue #225,12411,
12411,AppleSupport,False,Sat Nov 11 18:15:00 +0000 2017,@apple_user Have you tried restarting your iPhone to fix the camera app freeze?,,12410
12412,other_user_126,True,Sat Nov 11 20:00:00 +0000 2017,@AmazonHelp need help with my service issue #226,12413,
12413,AmazonHelp,False,Sat Nov 11 20:15:00 +0000 2017,@amazon_cust Your Prime delivery package #226 has been dispatched and will arrive tomorrow.,,12412
12414,other_user_127,True,Sat Nov 11 22:00:00 +0000 2017,@Uber_Support need help with my service issue #227,12415,
12415,Uber_Support,False,Sat Nov 11 22:15:00 +0000 2017,@uber_rider We apologize for the trip cancellation fee. We have credited $5 to your Uber wallet.,,12414
12416,other_user_128,True,Sun Nov 12 00:00:00 +0000 2017,@Delta need help with my service issue #228,12417,
12417,Delta,False,Sun Nov 12 00:15:00 +0000 2017,@delta_flyer Flight DL1842 is scheduled on time for departure from Atlanta Gate B12.,,12416
12418,other_user_129,True,Sun Nov 12 02:00:00 +0000 2017,@Nike need help with my service issue #229,12419,
12419,Nike,False,Sun Nov 12 02:15:00 +0000 2017,@nike_fan Check out the new Pegasus release on the Nike app with exclusive member discount.,,12418
12420,other_user_130,True,Sun Nov 12 04:00:00 +0000 2017,@AppleSupport need help with my service issue #230,12421,
12421,AppleSupport,False,Sun Nov 12 04:15:00 +0000 2017,@apple_user Have you tried restarting your iPhone to fix the camera app freeze?,,12420
12422,other_user_131,True,Sun Nov 12 06:00:00 +0000 2017,@AmazonHelp need help with my service issue #231,12423,
12423,AmazonHelp,False,Sun Nov 12 06:15:00 +0000 2017,@amazon_cust Your Prime delivery package #231 has been dispatched and will arrive tomorrow.,,12422
12424,other_user_132,True,Sun Nov 12 08:00:00 +0000 2017,@Uber_Support need help with my service issue #232,12425,
12425,Uber_Support,False,Sun Nov 12 08:15:00 +0000 2017,@uber_rider We apologize for the trip cancellation fee. We have credited $5 to your Uber wallet.,,12424
12426,other_user_133,True,Sun Nov 12 10:00:00 +0000 2017,@Delta need help with my service issue #233,12427,
12427,Delta,False,Sun Nov 12 10:15:00 +0000 2017,@delta_flyer Flight DL1842 is scheduled on time for departure from Atlanta Gate B12.,,12426
12428,other_user_134,True,Sun Nov 12 12:00:00 +0000 2017,@Nike need help with my service issue #234,12429,
12429,Nike,False,Sun Nov 12 12:15:00 +0000 2017,@nike_fan Check out the new Pegasus release on the Nike app with exclusive member discount.,,12428
12430,other_user_135,True,Sun Nov 12 14:00:00 +0000 2017,@AppleSupport need help with my service issue #235,12431,
12431,AppleSupport,False,Sun Nov 12 14:15:00 +0000 2017,@apple_user Have you tried restarting your iPhone to fix the camera app freeze?,,12430
12432,other_user_136,True,Sun Nov 12 16:00:00 +0000 2017,@AmazonHelp need help with my service issue #236,12433,
12433,AmazonHelp,False,Sun Nov 12 16:15:00 +0000 2017,@amazon_cust Your Prime delivery package #236 has been dispatched and will arrive tomorrow.,,12432
12434,other_user_137,True,Sun Nov 12 18:00:00 +0000 2017,@Uber_Support need help with my service issue #237,12435,
12435,Uber_Support,False,Sun Nov 12 18:15:00 +0000 2017,@uber_rider We apologize for the trip cancellation fee. We have credited $5 to your Uber wallet.,,12434
12436,other_user_138,True,Sun Nov 12 20:00:00 +0000 2017,@Delta need help with my service issue #238,12437,
12437,Delta,False,Sun Nov 12 20:15:00 +0000 2017,@delta_flyer Flight DL1842 is scheduled on time for departure from Atlanta Gate B12.,,12436
12438,other_user_139,True,Sun Nov 12 22:00:00 +0000 2017,@Nike need help with my service issue #239,12439,
12439,Nike,False,Sun Nov 12 22:15:00 +0000 2017,@nike_fan Check out the new Pegasus release on the Nike app with exclusive member discount.,,12438
12440,other_user_140,True,Mon Nov 13 00:00:00 +0000 2017,@AppleSupport need help with my service issue #240,12441,
12441,AppleSupport,False,Mon Nov 13 00:15:00 +0000 2017,@apple_user Have you tried restarting your iPhone to fix the camera app freeze?,,12440
12442,other_user_141,True,Mon Nov 13 02:00:00 +0000 2017,@AmazonHelp need help with my service issue #241,12443,
12443,AmazonHelp,False,Mon Nov 13 02:15:00 +0000 2017,@amazon_cust Your Prime delivery package #241 has been dispatched and will arrive tomorrow.,,12442
12444,other_user_142,True,Mon Nov 13 04:00:00 +0000 2017,@Uber_Support need help with my service issue #242,12445,
12445,Uber_Support,False,Mon Nov 13 04:15:00 +0000 2017,@uber_rider We apologize for the trip cancellation fee. We have credited $5 to your Uber wallet.,,12444
12446,other_user_143,True,Mon Nov 13 06:00:00 +0000 2017,@Delta need help with my service issue #243,12447,
12447,Delta,False,Mon Nov 13 06:15:00 +0000 2017,@delta_flyer Flight DL1842 is scheduled on time for departure from Atlanta Gate B12.,,12446
12448,other_user_144,True,Mon Nov 13 08:00:00 +0000 2017,@Nike need help with my service issue #244,12449,
12449,Nike,False,Mon Nov 13 08:15:00 +0000 2017,@nike_fan Check out the new Pegasus release on the Nike app with exclusive member discount.,,12448
12450,other_user_145,True,Mon Nov 13 10:00:00 +0000 2017,@AppleSupport need help with my service issue #245,12451,
12451,AppleSupport,False,Mon Nov 13 10:15:00 +0000 2017,@apple_user Have you tried restarting your iPhone to fix the camera app freeze?,,12450
12452,other_user_146,True,Mon Nov 13 12:00:00 +0000 2017,@AmazonHelp need help with my service issue #246,12453,
12453,AmazonHelp,False,Mon Nov 13 12:15:00 +0000 2017,@amazon_cust Your Prime delivery package #246 has been dispatched and will arrive tomorrow.,,12452
12454,other_user_147,True,Mon Nov 13 14:00:00 +0000 2017,@Uber_Support need help with my service issue #247,12455,
12455,Uber_Support,False,Mon Nov 13 14:15:00 +0000 2017,@uber_rider We apologize for the trip cancellation fee. We have credited $5 to your Uber wallet.,,12454
12456,other_user_148,True,Mon Nov 13 16:00:00 +0000 2017,@Delta need help with my service issue #248,12457,
12457,Delta,False,Mon Nov 13 16:15:00 +0000 2017,@delta_flyer Flight DL1842 is scheduled on time for departure from Atlanta Gate B12.,,12456
12458,other_user_149,True,Mon Nov 13 18:00:00 +0000 2017,@Nike need help with my service issue #249,12459,
12459,Nike,False,Mon Nov 13 18:15:00 +0000 2017,@nike_fan Check out the new Pegasus release on the Nike app with exclusive member discount.,,12458
12460,deleted_user_0,True,Wed Nov 01 08:00:00 +0000 2017,[deleted],,
12461,deleted_user_1,True,Wed Nov 01 09:00:00 +0000 2017,deleted,,
12462,deleted_user_2,True,Wed Nov 01 10:00:00 +0000 2017,nan,,
12463,deleted_user_3,True,Wed Nov 01 11:00:00 +0000 2017,null,,
12464,deleted_user_4,True,Wed Nov 01 12:00:00 +0000 2017,none,,
12465,deleted_user_5,True,Wed Nov 01 13:00:00 +0000 2017,,,
12466,deleted_user_6,True,Wed Nov 01 14:00:00 +0000 2017,   ,,
12467,deleted_user_7,True,Wed Nov 01 15:00:00 +0000 2017,x,,
12468,deleted_user_8,True,Wed Nov 01 16:00:00 +0000 2017,[deleted],,
12469,deleted_user_9,True,Wed Nov 01 17:00:00 +0000 2017,deleted,,
12470,deleted_user_10,True,Wed Nov 01 18:00:00 +0000 2017,nan,,
12471,deleted_user_11,True,Wed Nov 01 19:00:00 +0000 2017,null,,
12472,deleted_user_12,True,Wed Nov 01 20:00:00 +0000 2017,none,,
12473,deleted_user_13,True,Wed Nov 01 21:00:00 +0000 2017,,,
12474,deleted_user_14,True,Wed Nov 01 22:00:00 +0000 2017,   ,,
12475,deleted_user_15,True,Wed Nov 01 23:00:00 +0000 2017,x,,
12476,deleted_user_16,True,Thu Nov 02 00:00:00 +0000 2017,[deleted],,
12477,deleted_user_17,True,Thu Nov 02 01:00:00 +0000 2017,deleted,,
12478,deleted_user_18,True,Thu Nov 02 02:00:00 +0000 2017,nan,,
12479,deleted_user_19,True,Thu Nov 02 03:00:00 +0000 2017,null,,
12480,deleted_user_20,True,Thu Nov 02 04:00:00 +0000 2017,none,,
12481,deleted_user_21,True,Thu Nov 02 05:00:00 +0000 2017,,,
12482,deleted_user_22,True,Thu Nov 02 06:00:00 +0000 2017,   ,,
12483,deleted_user_23,True,Thu Nov 02 07:00:00 +0000 2017,x,,
12484,deleted_user_24,True,Thu Nov 02 08:00:00 +0000 2017,[deleted],,
12485,deleted_user_25,True,Thu Nov 02 09:00:00 +0000 2017,deleted,,
12486,deleted_user_26,True,Thu Nov 02 10:00:00 +0000 2017,nan,,
12487,deleted_user_27,True,Thu Nov 02 11:00:00 +0000 2017,null,,
12488,deleted_user_28,True,Thu Nov 02 12:00:00 +0000 2017,none,,
12489,deleted_user_29,True,Thu Nov 02 13:00:00 +0000 2017,,,
12490,deleted_user_30,True,Thu Nov 02 14:00:00 +0000 2017,   ,,
12491,deleted_user_31,True,Thu Nov 02 15:00:00 +0000 2017,x,,
12492,deleted_user_32,True,Thu Nov 02 16:00:00 +0000 2017,[deleted],,
12493,deleted_user_33,True,Thu Nov 02 17:00:00 +0000 2017,deleted,,
12494,deleted_user_34,True,Thu Nov 02 18:00:00 +0000 2017,nan,,
12495,deleted_user_35,True,Thu Nov 02 19:00:00 +0000 2017,null,,
12496,deleted_user_36,True,Thu Nov 02 20:00:00 +0000 2017,none,,
12497,deleted_user_37,True,Thu Nov 02 21:00:00 +0000 2017,,,
12498,deleted_user_38,True,Thu Nov 02 22:00:00 +0000 2017,   ,,
12499,deleted_user_39,True,Thu Nov 02 23:00:00 +0000 2017,x,,
12500,deleted_user_40,True,Fri Nov 03 00:00:00 +0000 2017,[deleted],,
12501,deleted_user_41,True,Fri Nov 03 01:00:00 +0000 2017,deleted,,
12502,deleted_user_42,True,Fri Nov 03 02:00:00 +0000 2017,nan,,
12503,deleted_user_43,True,Fri Nov 03 03:00:00 +0000 2017,null,,
12504,deleted_user_44,True,Fri Nov 03 04:00:00 +0000 2017,none,,
12505,deleted_user_45,True,Fri Nov 03 05:00:00 +0000 2017,,,
12506,deleted_user_46,True,Fri Nov 03 06:00:00 +0000 2017,   ,,
12507,deleted_user_47,True,Fri Nov 03 07:00:00 +0000 2017,x,,
12508,unresolved_user_0,True,Wed Nov 01 13:00:00 +0000 2017,"@SpotifyCares Hello, is Spotify service experiencing an outage in London right now?",,
12509,unresolved_user_1,True,Wed Nov 01 14:00:00 +0000 2017,@SpotifyCares Anyone else having high battery drain on Android 13 after the latest update?,,
12510,unresolved_user_2,True,Wed Nov 01 15:00:00 +0000 2017,@SpotifyCares Can I play Spotify music on my smart refrigerator?,,
12511,unresolved_user_3,True,Wed Nov 01 16:00:00 +0000 2017,@SpotifyCares What is the difference between individual premium and student premium?,,
12512,unresolved_user_4,True,Wed Nov 01 17:00:00 +0000 2017,@SpotifyCares How do I submit my independent band's demo music to editorial Spotify playlists?,,
12513,unresolved_user_5,True,Wed Nov 01 18:00:00 +0000 2017,@SpotifyCares What happened to the old desktop green play buttons from 2015?,,
12514,unresolved_user_6,True,Wed Nov 01 19:00:00 +0000 2017,"@SpotifyCares Hello, is Spotify service experiencing an outage in London right now?",,
12515,unresolved_user_7,True,Wed Nov 01 20:00:00 +0000 2017,@SpotifyCares Anyone else having high battery drain on Android 13 after the latest update?,,
12516,unresolved_user_8,True,Wed Nov 01 21:00:00 +0000 2017,@SpotifyCares Can I play Spotify music on my smart refrigerator?,,
12517,unresolved_user_9,True,Wed Nov 01 22:00:00 +0000 2017,@SpotifyCares What is the difference between individual premium and student premium?,,
12518,unresolved_user_10,True,Wed Nov 01 23:00:00 +0000 2017,@SpotifyCares How do I submit my independent band's demo music to editorial Spotify playlists?,,
12519,unresolved_user_11,True,Thu Nov 02 00:00:00 +0000 2017,@SpotifyCares What happened to the old desktop green play buttons from 2015?,,
12520,unresolved_user_12,True,Thu Nov 02 01:00:00 +0000 2017,"@SpotifyCares Hello, is Spotify service experiencing an outage in London right now?",,
12521,unresolved_user_13,True,Thu Nov 02 02:00:00 +0000 2017,@SpotifyCares Anyone else having high battery drain on Android 13 after the latest update?,,
12522,unresolved_user_14,True,Thu Nov 02 03:00:00 +0000 2017,@SpotifyCares Can I play Spotify music on my smart refrigerator?,,
12523,unresolved_user_15,True,Thu Nov 02 04:00:00 +0000 2017,@SpotifyCares What is the difference between individual premium and student premium?,,
12524,unresolved_user_16,True,Thu Nov 02 05:00:00 +0000 2017,@SpotifyCares How do I submit my independent band's demo music to editorial Spotify playlists?,,
12525,unresolved_user_17,True,Thu Nov 02 06:00:00 +0000 2017,@SpotifyCares What happened to the old desktop green play buttons from 2015?,,
12526,unresolved_user_18,True,Thu Nov 02 07:00:00 +0000 2017,"@SpotifyCares Hello, is Spotify service experiencing an outage in London right now?",,
12527,unresolved_user_19,True,Thu Nov 02 08:00:00 +0000 2017,@SpotifyCares Anyone else having high battery drain on Android 13 after the latest update?,,
12528,unresolved_user_20,True,Thu Nov 02 09:00:00 +0000 2017,@SpotifyCares Can I play Spotify music on my smart refrigerator?,,
12529,unresolved_user_21,True,Thu Nov 02 10:00:00 +0000 2017,@SpotifyCares What is the difference between individual premium and student premium?,,
12530,unresolved_user_22,True,Thu Nov 02 11:00:00 +0000 2017,@SpotifyCares How do I submit my independent band's demo music to editorial Spotify playlists?,,
12531,unresolved_user_23,True,Thu Nov 02 12:00:00 +0000 2017,@SpotifyCares What happened to the old desktop green play buttons from 2015?,,
12532,unresolved_user_24,True,Thu Nov 02 13:00:00 +0000 2017,"@SpotifyCares Hello, is Spotify service experiencing an outage in London right now?",,
12533,unresolved_user_25,True,Thu Nov 02 14:00:00 +0000 2017,@SpotifyCares Anyone else having high battery drain on Android 13 after the latest update?,,
12534,unresolved_user_26,True,Thu Nov 02 15:00:00 +0000 2017,@SpotifyCares Can I play Spotify music on my smart refrigerator?,,
12535,unresolved_user_27,True,Thu Nov 02 16:00:00 +0000 2017,@SpotifyCares What is the difference between individual premium and student premium?,,
12536,unresolved_user_28,True,Thu Nov 02 17:00:00 +0000 2017,@SpotifyCares How do I submit my independent band's demo music to editorial Spotify playlists?,,
12537,unresolved_user_29,True,Thu Nov 02 18:00:00 +0000 2017,@SpotifyCares What happened to the old desktop green play buttons from 2015?,,
12538,unresolved_user_30,True,Thu Nov 02 19:00:00 +0000 2017,"@SpotifyCares Hello, is Spotify service experiencing an outage in London right now?",,
12539,unresolved_user_31,True,Thu Nov 02 20:00:00 +0000 2017,@SpotifyCares Anyone else having high battery drain on Android 13 after the latest update?,,
12540,unresolved_user_32,True,Thu Nov 02 21:00:00 +0000 2017,@SpotifyCares Can I play Spotify music on my smart refrigerator?,,
12541,unresolved_user_33,True,Thu Nov 02 22:00:00 +0000 2017,@SpotifyCares What is the difference between individual premium and student premium?,,
12542,unresolved_user_34,True,Thu Nov 02 23:00:00 +0000 2017,@SpotifyCares How do I submit my independent band's demo music to editorial Spotify playlists?,,
12543,unresolved_user_35,True,Fri Nov 03 00:00:00 +0000 2017,@SpotifyCares What happened to the old desktop green play buttons from 2015?,,
12544,unresolved_user_36,True,Fri Nov 03 01:00:00 +0000 2017,"@SpotifyCares Hello, is Spotify service experiencing an outage in London right now?",,
12545,unresolved_user_37,True,Fri Nov 03 02:00:00 +0000 2017,@SpotifyCares Anyone else having high battery drain on Android 13 after the latest update?,,
12546,unresolved_user_38,True,Fri Nov 03 03:00:00 +0000 2017,@SpotifyCares Can I play Spotify music on my smart refrigerator?,,
12547,unresolved_user_39,True,Fri Nov 03 04:00:00 +0000 2017,@SpotifyCares What is the difference between individual premium and student premium?,,
12548,unresolved_user_40,True,Fri Nov 03 05:00:00 +0000 2017,@SpotifyCares How do I submit my independent band's demo music to editorial Spotify playlists?,,
12549,unresolved_user_41,True,Fri Nov 03 06:00:00 +0000 2017,@SpotifyCares What happened to the old desktop green play buttons from 2015?,,
12550,unresolved_user_42,True,Fri Nov 03 07:00:00 +0000 2017,"@SpotifyCares Hello, is Spotify service experiencing an outage in London right now?",,
12551,unresolved_user_43,True,Fri Nov 03 08:00:00 +0000 2017,@SpotifyCares Anyone else having high battery drain on Android 13 after the latest update?,,
12552,unresolved_user_44,True,Fri Nov 03 09:00:00 +0000 2017,@SpotifyCares Can I play Spotify music on my smart refrigerator?,,
12553,unresolved_user_45,True,Fri Nov 03 10:00:00 +0000 2017,@SpotifyCares What is the difference between individual premium and student premium?,,
12554,unresolved_user_46,True,Fri Nov 03 11:00:00 +0000 2017,@SpotifyCares How do I submit my independent band's demo music to editorial Spotify playlists?,,
12555,unresolved_user_47,True,Fri Nov 03 12:00:00 +0000 2017,@SpotifyCares What happened to the old desktop green play buttons from 2015?,,
12556,user_spot_1_171,True,Wed Nov 01 08:14:00 +0000 2017,@SpotifyCares Billed twice on Apple Pay and PayPal subscriptions simultaneously for the same account.,12557,
12557,SpotifyCares,False,Wed Nov 01 08:39:00 +0000 2017,"@user_spot_1_171 Hi! Head to your Account overview at spotify.com/account, find 'Your plan', and click 'Update' next to payment details. -Elena",,12556
